function	file	asm	verdict
ov80_022396D8	frontier_map_part02.c	asm/frontier_map	PASS
ov80_02239700	frontier_map_part02.c	asm/frontier_map	PASS
ov80_02239708	frontier_map_part02.c	asm/frontier_map	PASS
ov80_02239734	frontier_map_part02.c	asm/frontier_map	PASS
ov80_02239740	frontier_map_part02.c	asm/frontier_map	PASS
ov80_02239828	frontier_map_part02.c	asm/frontier_map	PASS
ov80_022398E4	frontier_map_part02.c	asm/frontier_map	PASS
ov80_02239900	frontier_map_part02.c	asm/frontier_map	PASS
ov80_02239914	frontier_map_part02.c	asm/frontier_map	PASS
ov80_02239938	frontier_map_part02.c	asm/frontier_map	PASS
FieldCamera_Create	overlay_01_021EABA8.c	asm/overlay_01_021EABA8	PASS
FieldCamera_Delete	overlay_01_021EABA8.c	asm/overlay_01_021EABA8	PASS
ov01_021EAC4C	overlay_01_021EABA8.c	asm/overlay_01_021EABA8	PASS
ov01_021EAC64	overlay_01_021EABA8.c	asm/overlay_01_021EABA8	PASS
ov01_021EAC6C	overlay_01_021EABA8.c	asm/overlay_01_021EABA8	PASS
ov01_021EACBC	overlay_01_021EABA8.c	asm/overlay_01_021EABA8	PASS
ov01_021EAD8C	overlay_01_021EABA8.c	asm/overlay_01_021EABA8	PASS
ov01_021EAE50	overlay_01_021EABA8.c	asm/overlay_01_021EABA8	PASS
ov01_021EAEA4	overlay_01_021EABA8.c	asm/overlay_01_021EABA8	PASS
ov01_021EAEE0	overlay_01_021EABA8.c	asm/overlay_01_021EABA8	PASS
ov01_021EDAB4	overlay_01_021EB1E8_part04.c	asm/overlay_01_021EB1E8	PASS
ov01_021EDAE0	overlay_01_021EB1E8_part04.c	asm/overlay_01_021EB1E8	PASS
FieldEffectManager_Free	overlay_01_021F1348_part01.c	asm/overlay_01_021F1348	PASS
FieldEffectManager_InitAnimManagerList	overlay_01_021F1348_part01.c	asm/overlay_01_021F1348	PASS
FieldEffectManager_InitRenderers	overlay_01_021F1348_part01.c	asm/overlay_01_021F1348	PASS
FieldEffectManager_New	overlay_01_021F1348_part01.c	asm/overlay_01_021F1348	PASS
FieldEffectManager_Render	overlay_01_021F1348_part01.c	asm/overlay_01_021F1348	PASS
ov01_021F1390	overlay_01_021F1348_part01.c	asm/overlay_01_021F1348	PASS
ov01_021F13B0	overlay_01_021F1348_part01.c	asm/overlay_01_021F1348	PASS
ov01_021F141C	overlay_01_021F1348_part01.c	asm/overlay_01_021F1348	PASS
ov01_021F1430	overlay_01_021F1348_part01.c	asm/overlay_01_021F1348	PASS
ov01_021F1448	overlay_01_021F1348_part01.c	asm/overlay_01_021F1348	PASS
ov01_021F1450	overlay_01_021F1348_part01.c	asm/overlay_01_021F1348	PASS
ov01_021F1468	overlay_01_021F1348_part01.c	asm/overlay_01_021F1348	PASS
ov01_021F146C	overlay_01_021F1348_part01.c	asm/overlay_01_021F1348	PASS
ov01_021F1478	overlay_01_021F1348_part01.c	asm/overlay_01_021F1348	PASS
ov01_021F147C	overlay_01_021F1348_part01.c	asm/overlay_01_021F1348	PASS
ov01_021F1490	overlay_01_021F1348_part01.c	asm/overlay_01_021F1348	PASS
ov01_021F149C	overlay_01_021F1348_part01.c	asm/overlay_01_021F1348	PASS
ov01_021F14A8	overlay_01_021F1348_part01.c	asm/overlay_01_021F1348	PASS
ov01_021F14B4	overlay_01_021F1348_part01.c	asm/overlay_01_021F1348	PASS
ov01_021F14DC	overlay_01_021F1348_part01.c	asm/overlay_01_021F1348	PASS
ov01_021F14F4	overlay_01_021F1348_part01.c	asm/overlay_01_021F1348	PASS
ov01_021F151C	overlay_01_021F1348_part01.c	asm/overlay_01_021F1348	PASS
ov01_021F1538	overlay_01_021F1348_part01.c	asm/overlay_01_021F1348	PASS
ov01_021F1560	overlay_01_021F1348_part01.c	asm/overlay_01_021F1348	PASS
ov01_021F1588	overlay_01_021F1348_part01.c	asm/overlay_01_021F1348	PASS
ov01_021F15A0	overlay_01_021F1348_part01.c	asm/overlay_01_021F1348	PASS
ov01_021F15AC	overlay_01_021F1348_part01.c	asm/overlay_01_021F1348	PASS
ov01_021F15B4	overlay_01_021F1348_part01.c	asm/overlay_01_021F1348	PASS
ov01_021F15C4	overlay_01_021F1348_part01.c	asm/overlay_01_021F1348	PASS
ov01_021F15EC	overlay_01_021F1348_part01.c	asm/overlay_01_021F1348	PASS
ov01_021F1AD4	overlay_01_021F1348_part03.c	asm/overlay_01_021F1348	PASS
Field_SaveGameNormal	overlay_01_021F3F50.c	asm/overlay_01_021F3F50	PASS
Field_SaveStatsPrinter_Delete	overlay_01_021F3F50.c	asm/overlay_01_021F3F50	PASS
Field_SaveStatsPrinter_New	overlay_01_021F3F50.c	asm/overlay_01_021F3F50	PASS
Field_SaveStatsPrinter_Print	overlay_01_021F3F50.c	asm/overlay_01_021F3F50	PASS
Field_SaveStatsPrinter_RemoveFromScreen	overlay_01_021F3F50.c	asm/overlay_01_021F3F50	PASS
ov01_021F3F50	overlay_01_021F3F50.c	asm/overlay_01_021F3F50	PASS
ov01_021F3F9C	overlay_01_021F3F50.c	asm/overlay_01_021F3F50	PASS
ov01_021F4044	overlay_01_021F3F50.c	asm/overlay_01_021F3F50	PASS
ov01_021F4048	overlay_01_021F3F50.c	asm/overlay_01_021F3F50	PASS
ov01_021F4234	overlay_01_021F3F50.c	asm/overlay_01_021F3F50	PASS
ov01_021F426C	overlay_01_021F3F50.c	asm/overlay_01_021F3F50	PASS
ov01_021F42F8	overlay_01_021F3F50.c	asm/overlay_01_021F3F50	PASS
ov01_021F434C	overlay_01_021F3F50.c	asm/overlay_01_021F3F50	PASS
ov01_021F4360	overlay_01_021F3F50.c	asm/overlay_01_021F3F50	PASS
ov01_021F43D0	overlay_01_021F3F50.c	asm/overlay_01_021F3F50	PASS
ov01_021F4404	overlay_01_021F3F50.c	asm/overlay_01_021F3F50	PASS
ov01_021F4440	overlay_01_021F3F50.c	asm/overlay_01_021F3F50	PASS
ov01_021F4464	overlay_01_021F4464.c	asm/overlay_01_021F4464	PASS
ov01_021F44B4	overlay_01_021F4464.c	asm/overlay_01_021F4464	PASS
ov01_021F4544	overlay_01_021F4464.c	asm/overlay_01_021F4464	PASS
ov01_021F4584	overlay_01_021F4464.c	asm/overlay_01_021F4464	PASS
ov01_021F45E4	overlay_01_021F4464.c	asm/overlay_01_021F4464	PASS
ov01_021F944C	overlay_01_021F944C_part01.c	asm/overlay_01_021F944C	PASS
ov01_021F94A0	overlay_01_021F944C_part01.c	asm/overlay_01_021F944C	PASS
ov01_021F94C0	overlay_01_021F944C_part01.c	asm/overlay_01_021F944C	PASS
ov01_021F9510	overlay_01_021F944C_part01.c	asm/overlay_01_021F944C	PASS
ov01_021F9528	overlay_01_021F944C_part01.c	asm/overlay_01_021F944C	PASS
ov01_021F9574	overlay_01_021F944C_part01.c	asm/overlay_01_021F944C	PASS
ov01_021F95A8	overlay_01_021F944C_part01.c	asm/overlay_01_021F944C	PASS
ov01_021F95CC	overlay_01_021F944C_part01.c	asm/overlay_01_021F944C	PASS
ov01_021F9610	overlay_01_021F944C_part01.c	asm/overlay_01_021F944C	PASS
ov01_021F9630	overlay_01_021F944C_part01.c	asm/overlay_01_021F944C	PASS
ov01_021F9654	overlay_01_021F944C_part01.c	asm/overlay_01_021F944C	PASS
ov01_021F9688	overlay_01_021F944C_part01.c	asm/overlay_01_021F944C	PASS
ov01_021F9698	overlay_01_021F944C_part01.c	asm/overlay_01_021F944C	PASS
ov01_021F96E4	overlay_01_021F944C_part01.c	asm/overlay_01_021F944C	PASS
ov01_021F9704	overlay_01_021F944C_part01.c	asm/overlay_01_021F944C	PASS
ov01_021F9744	overlay_01_021F944C_part01.c	asm/overlay_01_021F944C	PASS
ov01_021F9778	overlay_01_021F944C_part01.c	asm/overlay_01_021F944C	PASS
ov01_021F9798	overlay_01_021F944C_part01.c	asm/overlay_01_021F944C	FAIL
ov01_021F97BC	overlay_01_021F944C_part01.c	asm/overlay_01_021F944C	FAIL
ov01_021F9808	overlay_01_021F944C_part01.c	asm/overlay_01_021F944C	PASS
ov01_021F9890	overlay_01_021F944C_part01.c	asm/overlay_01_021F944C	PASS
ov01_021F98B4	overlay_01_021F944C_part01.c	asm/overlay_01_021F944C	PASS
ov01_021F98CC	overlay_01_021F944C_part01.c	asm/overlay_01_021F944C	PASS
ov01_021F9918	overlay_01_021F944C_part01.c	asm/overlay_01_021F944C	PASS
ov01_021F9968	overlay_01_021F944C_part01.c	asm/overlay_01_021F944C	PASS
ov01_021F9974	overlay_01_021F944C_part01.c	asm/overlay_01_021F944C	PASS
ov01_021F9980	overlay_01_021F944C_part01.c	asm/overlay_01_021F944C	PASS
ov01_021F99A4	overlay_01_021F944C_part01.c	asm/overlay_01_021F944C	PASS
ov01_021F99D0	overlay_01_021F944C_part01.c	asm/overlay_01_021F944C	PASS
ov01_021F99FC	overlay_01_021F944C_part01.c	asm/overlay_01_021F944C	PASS
ov01_021F9A18	overlay_01_021F944C_part02.c	asm/overlay_01_021F944C	PASS
ov01_021F9A44	overlay_01_021F944C_part02.c	asm/overlay_01_021F944C	PASS
ov01_021F9A70	overlay_01_021F944C_part02.c	asm/overlay_01_021F944C	PASS
ov01_021F9A8C	overlay_01_021F944C_part02.c	asm/overlay_01_021F944C	PASS
ov01_021F9AAC	overlay_01_021F944C_part02.c	asm/overlay_01_021F944C	FAIL
ov01_021F9AB4	overlay_01_021F944C_part02.c	asm/overlay_01_021F944C	PASS
ov01_021F9AD0	overlay_01_021F944C_part02.c	asm/overlay_01_021F944C	FAIL
ov01_021F9AE4	overlay_01_021F944C_part02.c	asm/overlay_01_021F944C	PASS
ov01_021F9B00	overlay_01_021F944C_part02.c	asm/overlay_01_021F944C	PASS
ov01_021F9B10	overlay_01_021F944C_part02.c	asm/overlay_01_021F944C	PASS
ov01_021F9B38	overlay_01_021F944C_part02.c	asm/overlay_01_021F944C	PASS
ov01_021F9B54	overlay_01_021F944C_part02.c	asm/overlay_01_021F944C	PASS
ov01_021F9B84	overlay_01_021F944C_part02.c	asm/overlay_01_021F944C	PASS
ov01_021F9BAC	overlay_01_021F944C_part02.c	asm/overlay_01_021F944C	PASS
ov01_021F9BD4	overlay_01_021F944C_part02.c	asm/overlay_01_021F944C	FAIL
ov01_021F9C24	overlay_01_021F944C_part02.c	asm/overlay_01_021F944C	PASS
ov01_021F9C34	overlay_01_021F944C_part02.c	asm/overlay_01_021F944C	PASS
ov01_021F9C5C	overlay_01_021F944C_part02.c	asm/overlay_01_021F944C	PASS
ov01_021F9C78	overlay_01_021F944C_part02.c	asm/overlay_01_021F944C	PASS
ov01_021F9CA8	overlay_01_021F944C_part02.c	asm/overlay_01_021F944C	PASS
ov01_021F9CD0	overlay_01_021F944C_part02.c	asm/overlay_01_021F944C	PASS
ov01_021F9CF8	overlay_01_021F944C_part02.c	asm/overlay_01_021F944C	FAIL
ov01_021F9D48	overlay_01_021F944C_part02.c	asm/overlay_01_021F944C	PASS
ov01_021F9D5C	overlay_01_021F944C_part02.c	asm/overlay_01_021F944C	PASS
ov01_021F9D88	overlay_01_021F944C_part02.c	asm/overlay_01_021F944C	PASS
ov01_021F9DA4	overlay_01_021F944C_part02.c	asm/overlay_01_021F944C	PASS
ov01_021F9DD0	overlay_01_021F944C_part02.c	asm/overlay_01_021F944C	PASS
ov01_021F9E04	overlay_01_021F944C_part02.c	asm/overlay_01_021F944C	PASS
ov01_021F9E30	overlay_01_021F944C_part02.c	asm/overlay_01_021F944C	FAIL
ov01_021F9E9C	overlay_01_021F944C_part02.c	asm/overlay_01_021F944C	PASS
ov01_021F9EC4	overlay_01_021F944C_part03.c	asm/overlay_01_021F944C	PASS
ov01_021F9EEC	overlay_01_021F944C_part03.c	asm/overlay_01_021F944C	PASS
ov01_021F9F14	overlay_01_021F944C_part03.c	asm/overlay_01_021F944C	PASS
ov01_021F9F3C	overlay_01_021F944C_part03.c	asm/overlay_01_021F944C	PASS
ov01_021F9F54	overlay_01_021F944C_part03.c	asm/overlay_01_021F944C	PASS
ov01_021F9F6C	overlay_01_021F944C_part03.c	asm/overlay_01_021F944C	PASS
ov01_021F9F84	overlay_01_021F944C_part03.c	asm/overlay_01_021F944C	PASS
ov01_021F9FB0	overlay_01_021F944C_part03.c	asm/overlay_01_021F944C	PASS
ov01_021F9FCC	overlay_01_021F944C_part03.c	asm/overlay_01_021F944C	PASS
ov01_021FA01C	overlay_01_021F944C_part03.c	asm/overlay_01_021F944C	PASS
ov01_021FA094	overlay_01_021F944C_part03.c	asm/overlay_01_021F944C	PASS
ov01_021FA108	overlay_01_021F944C_part03.c	asm/overlay_01_021F944C	PASS
ov01_021FA1C8	overlay_01_021F944C_part03.c	asm/overlay_01_021F944C	PASS
ov01_021FA1D0	overlay_01_021F944C_part03.c	asm/overlay_01_021F944C	PASS
ov01_021FA1D8	overlay_01_021F944C_part03.c	asm/overlay_01_021F944C	PASS
ov01_021FA1DC	overlay_01_021F944C_part03.c	asm/overlay_01_021F944C	PASS
ov01_021FA1E4	overlay_01_021F944C_part03.c	asm/overlay_01_021F944C	PASS
ov01_021FA1EC	overlay_01_021F944C_part03.c	asm/overlay_01_021F944C	PASS
ov01_021FA1F4	overlay_01_021F944C_part03.c	asm/overlay_01_021F944C	PASS
ov01_021FA1FC	overlay_01_021F944C_part03.c	asm/overlay_01_021F944C	PASS
ov01_021FA200	overlay_01_021F944C_part03.c	asm/overlay_01_021F944C	PASS
ov01_021FA204	overlay_01_021F944C_part03.c	asm/overlay_01_021F944C	PASS
ov01_021FA208	overlay_01_021F944C_part03.c	asm/overlay_01_021F944C	PASS
ov01_021FA20C	overlay_01_021F944C_part03.c	asm/overlay_01_021F944C	PASS
ov01_021FA210	overlay_01_021F944C_part03.c	asm/overlay_01_021F944C	PASS
ov01_021FA214	overlay_01_021F944C_part03.c	asm/overlay_01_021F944C	PASS
ov01_021FA218	overlay_01_021F944C_part03.c	asm/overlay_01_021F944C	PASS
ov01_021FA21C	overlay_01_021F944C_part03.c	asm/overlay_01_021F944C	PASS
ov01_021FA220	overlay_01_021F944C_part03.c	asm/overlay_01_021F944C	PASS
ov01_021FA224	overlay_01_021F944C_part03.c	asm/overlay_01_021F944C	PASS
FldObjSys_ReadMModelFromNarc	overlay_01_021F944C_part04.c	asm/overlay_01_021F944C	PASS
ov01_021FA228	overlay_01_021F944C_part04.c	asm/overlay_01_021F944C	PASS
ov01_021FA22C	overlay_01_021F944C_part04.c	asm/overlay_01_021F944C	PASS
ov01_021FA230	overlay_01_021F944C_part04.c	asm/overlay_01_021F944C	PASS
ov01_021FA234	overlay_01_021F944C_part04.c	asm/overlay_01_021F944C	PASS
ov01_021FA28C	overlay_01_021F944C_part04.c	asm/overlay_01_021F944C	PASS
ov01_021FA298	overlay_01_021F944C_part04.c	asm/overlay_01_021F944C	PASS
ov01_021FA2A0	overlay_01_021F944C_part04.c	asm/overlay_01_021F944C	PASS
ov01_021FA2AC	overlay_01_021F944C_part04.c	asm/overlay_01_021F944C	PASS
ov01_021FA2B8	overlay_01_021F944C_part04.c	asm/overlay_01_021F944C	PASS
ov01_021FA2D4	overlay_01_021F944C_part04.c	asm/overlay_01_021F944C	PASS
ov01_021FA2EC	overlay_01_021F944C_part04.c	asm/overlay_01_021F944C	PASS
ov01_021FA314	overlay_01_021F944C_part04.c	asm/overlay_01_021F944C	PASS
ov01_021FA31C	overlay_01_021F944C_part04.c	asm/overlay_01_021F944C	PASS
ov01_021FA370	overlay_01_021F944C_part04.c	asm/overlay_01_021F944C	PASS
ov01_021FA3DC	overlay_01_021F944C_part04.c	asm/overlay_01_021F944C	PASS
ov01_021FA3E8	overlay_01_021F944C_part04.c	asm/overlay_01_021F944C	PASS
ov01_021FA40C	overlay_01_021F944C_part04.c	asm/overlay_01_021F944C	PASS
ov01_021FA44C	overlay_01_021F944C_part04.c	asm/overlay_01_021F944C	PASS
ov01_021FA458	overlay_01_021F944C_part04.c	asm/overlay_01_021F944C	PASS
ov01_021FA464	overlay_01_021F944C_part04.c	asm/overlay_01_021F944C	PASS
ov01_021FA470	overlay_01_021F944C_part04.c	asm/overlay_01_021F944C	PASS
ov01_021FA4F0	overlay_01_021F944C_part04.c	asm/overlay_01_021F944C	PASS
ov01_021FA524	overlay_01_021F944C_part04.c	asm/overlay_01_021F944C	PASS
ov01_021FA564	overlay_01_021F944C_part04.c	asm/overlay_01_021F944C	FAIL
ov01_021FA61C	overlay_01_021F944C_part04.c	asm/overlay_01_021F944C	PASS
ov01_021FA668	overlay_01_021F944C_part04.c	asm/overlay_01_021F944C	PASS
ov01_021FA6A4	overlay_01_021F944C_part04.c	asm/overlay_01_021F944C	PASS
ov01_021FA6E0	overlay_01_021F944C_part04.c	asm/overlay_01_021F944C	PASS
sub_021FA248	overlay_01_021F944C_part04.c	asm/overlay_01_021F944C	PASS
ov01_021FE780	overlay_01_021FE780.c	asm/overlay_01_021FE780	PASS
ov01_021FE79C	overlay_01_021FE780.c	asm/overlay_01_021FE780	PASS
ov01_021FE7AC	overlay_01_021FE780.c	asm/overlay_01_021FE780	PASS
ov01_021FE7D0	overlay_01_021FE780.c	asm/overlay_01_021FE780	PASS
ov01_021FE7DC	overlay_01_021FE780.c	asm/overlay_01_021FE780	PASS
ov01_021FE868	overlay_01_021FE780.c	asm/overlay_01_021FE780	PASS
ov01_021FE8B0	overlay_01_021FE780.c	asm/overlay_01_021FE780	PASS
ov01_021FE8C8	overlay_01_021FE780.c	asm/overlay_01_021FE780	PASS
ov01_021FE970	overlay_01_021FE780.c	asm/overlay_01_021FE780	PASS
ov01_021FE9F4	overlay_01_021FE780.c	asm/overlay_01_021FE780	PASS
ov01_021FEA0C	overlay_01_021FEA0C.c	asm/overlay_01_021FEA0C	PASS
ov01_021FEA20	overlay_01_021FEA0C.c	asm/overlay_01_021FEA0C	PASS
ov01_021FEA30	overlay_01_021FEA0C.c	asm/overlay_01_021FEA0C	PASS
ov01_021FEA38	overlay_01_021FEA0C.c	asm/overlay_01_021FEA0C	PASS
ov01_021FEA48	overlay_01_021FEA0C.c	asm/overlay_01_021FEA0C	PASS
ov01_021FEA7C	overlay_01_021FEA0C.c	asm/overlay_01_021FEA0C	PASS
ov01_021FEA90	overlay_01_021FEA0C.c	asm/overlay_01_021FEA0C	PASS
ov01_021FEAA0	overlay_01_021FEA0C.c	asm/overlay_01_021FEA0C	PASS
ov01_021FEAB0	overlay_01_021FEA0C.c	asm/overlay_01_021FEA0C	PASS
ov01_021FEB30	overlay_01_021FEA0C.c	asm/overlay_01_021FEA0C	PASS
ov01_021FEB3C	overlay_01_021FEA0C.c	asm/overlay_01_021FEA0C	PASS
ov01_021FEB78	overlay_01_021FEA0C.c	asm/overlay_01_021FEA0C	PASS
ov01_021FEB8C	overlay_01_021FEA0C.c	asm/overlay_01_021FEA0C	PASS
ov01_021FEBC0	overlay_01_021FEA0C.c	asm/overlay_01_021FEA0C	PASS
ov01_021FEC38	overlay_01_021FEC38.c	asm/overlay_01_021FEC38	PASS
ov01_021FEC54	overlay_01_021FEC38.c	asm/overlay_01_021FEC38	PASS
ov01_021FEC64	overlay_01_021FEC38.c	asm/overlay_01_021FEC38	PASS
ov01_021FEC8C	overlay_01_021FEC38.c	asm/overlay_01_021FEC38	PASS
ov01_021FECA0	overlay_01_021FEC38.c	asm/overlay_01_021FEC38	PASS
ov01_021FED14	overlay_01_021FEC38.c	asm/overlay_01_021FEC38	PASS
ov01_021FED4C	overlay_01_021FEC38.c	asm/overlay_01_021FEC38	PASS
ov01_021FED58	overlay_01_021FEC38.c	asm/overlay_01_021FEC38	PASS
ov01_021FED80	overlay_01_021FEC38.c	asm/overlay_01_021FEC38	PASS
ov01_021FED9C	overlay_01_021FED9C.c	asm/overlay_01_021FED9C	PASS
ov01_021FEDB8	overlay_01_021FED9C.c	asm/overlay_01_021FED9C	PASS
ov01_021FEDC8	overlay_01_021FED9C.c	asm/overlay_01_021FED9C	PASS
ov01_021FEDF0	overlay_01_021FED9C.c	asm/overlay_01_021FED9C	PASS
ov01_021FEE04	overlay_01_021FED9C.c	asm/overlay_01_021FED9C	PASS
ov01_021FEE64	overlay_01_021FED9C.c	asm/overlay_01_021FED9C	PASS
ov01_021FEE9C	overlay_01_021FED9C.c	asm/overlay_01_021FED9C	PASS
ov01_021FEEA8	overlay_01_021FED9C.c	asm/overlay_01_021FED9C	PASS
ov01_021FEED0	overlay_01_021FED9C.c	asm/overlay_01_021FED9C	PASS
ov07_0221FA38	overlay_07_part07.c	asm/overlay_07	PASS
ov07_0221FA48	overlay_07_part07.c	asm/overlay_07	PASS
ov07_0221FA78	overlay_07_part07.c	asm/overlay_07	PASS
ov07_0221FA80	overlay_07_part07.c	asm/overlay_07	PASS
ov07_0221FA90	overlay_07_part07.c	asm/overlay_07	PASS
ov07_0221FAA0	overlay_07_part07.c	asm/overlay_07	PASS
ov07_0221FAB0	overlay_07_part07.c	asm/overlay_07	PASS
ov07_0221FAC8	overlay_07_part07.c	asm/overlay_07	PASS
ov07_0221FAE8	overlay_07_part07.c	asm/overlay_07	PASS
ov07_0221FAEC	overlay_07_part07.c	asm/overlay_07	PASS
ov07_0221FAF8	overlay_07_part07.c	asm/overlay_07	PASS
ov07_0221FB04	overlay_07_part07.c	asm/overlay_07	PASS
ov07_0221FB30	overlay_07_part07.c	asm/overlay_07	PASS
ov07_0221FB58	overlay_07_part07.c	asm/overlay_07	PASS
ov07_0221FB78	overlay_07_part07.c	asm/overlay_07	PASS
ov07_0221FB7C	overlay_07_part07.c	asm/overlay_07	PASS
ov07_0221FB90	overlay_07_part07.c	asm/overlay_07	PASS
ov07_0221FDFC	overlay_07_part07.c	asm/overlay_07	PASS
ov07_0221FE08	overlay_07_part07.c	asm/overlay_07	PASS
ov07_0221FE3C	overlay_07_part07.c	asm/overlay_07	PASS
ov07_0221FE70	overlay_07_part07.c	asm/overlay_07	PASS
ov07_0221FE84	overlay_07_part07.c	asm/overlay_07	PASS
ov07_0221FE88	overlay_07_part07.c	asm/overlay_07	PASS
ov07_0221FEB0	overlay_07_part07.c	asm/overlay_07	PASS
ov07_0221FEDC	overlay_07_part07.c	asm/overlay_07	PASS
ov07_0221FEE4	overlay_07_part07.c	asm/overlay_07	PASS
ov07_0221FF18	overlay_07_part07.c	asm/overlay_07	PASS
ov07_0221FF2C	overlay_07_part07.c	asm/overlay_07	PASS
ov07_0221FF34	overlay_07_part07.c	asm/overlay_07	PASS
ov07_0221FF74	overlay_07_part07.c	asm/overlay_07	PASS
ov07_02221DC4	overlay_07_part10.c	asm/overlay_07	PASS
ov07_02221E24	overlay_07_part10.c	asm/overlay_07	PASS
ov07_02221E60	overlay_07_part10.c	asm/overlay_07	PASS
ov07_02221E9C	overlay_07_part10.c	asm/overlay_07	PASS
ov07_02221EC4	overlay_07_part10.c	asm/overlay_07	PASS
ov07_02221EEC	overlay_07_part10.c	asm/overlay_07	FAIL
ov07_02221F04	overlay_07_part10.c	asm/overlay_07	PASS
ov07_02221F38	overlay_07_part10.c	asm/overlay_07	PASS
ov07_02221F80	overlay_07_part10.c	asm/overlay_07	PASS
ov07_02221FF0	overlay_07_part10.c	asm/overlay_07	PASS
ov07_02222004	overlay_07_part10.c	asm/overlay_07	PASS
ov07_0222202C	overlay_07_part10.c	asm/overlay_07	PASS
ov07_02222040	overlay_07_part10.c	asm/overlay_07	PASS
ov07_0222204C	overlay_07_part10.c	asm/overlay_07	PASS
ov07_0222207C	overlay_07_part10.c	asm/overlay_07	PASS
ov07_0222209C	overlay_07_part10.c	asm/overlay_07	PASS
ov07_022220B8	overlay_07_part10.c	asm/overlay_07	PASS
ov07_022220DC	overlay_07_part10.c	asm/overlay_07	PASS
ov07_022220FC	overlay_07_part10.c	asm/overlay_07	PASS
ov07_0222212C	overlay_07_part10.c	asm/overlay_07	FAIL
ov07_02222180	overlay_07_part10.c	asm/overlay_07	PASS
ov07_02222218	overlay_07_part10.c	asm/overlay_07	PASS
ov07_02222240	overlay_07_part10.c	asm/overlay_07	PASS
ov07_02222268	overlay_07_part10.c	asm/overlay_07	PASS
ov07_022222B4	overlay_07_part10.c	asm/overlay_07	PASS
ov07_022222F0	overlay_07_part10.c	asm/overlay_07	PASS
ov07_02222314	overlay_07_part10.c	asm/overlay_07	PASS
ov07_02222338	overlay_07_part10.c	asm/overlay_07	PASS
ov07_02222384	overlay_07_part10.c	asm/overlay_07	PASS
ov07_022223CC	overlay_07_part10.c	asm/overlay_07	PASS
ov07_02222B94	overlay_07_part12.c	asm/overlay_07	PASS
ov07_02222BA4	overlay_07_part12.c	asm/overlay_07	PASS
ov07_02222BC8	overlay_07_part12.c	asm/overlay_07	PASS
ov07_02222BDC	overlay_07_part12.c	asm/overlay_07	PASS
ov07_02222BE4	overlay_07_part12.c	asm/overlay_07	PASS
ov07_02222C60	overlay_07_part12.c	asm/overlay_07	PASS
ov07_02222C84	overlay_07_part12.c	asm/overlay_07	PASS
ov07_02222C98	overlay_07_part12.c	asm/overlay_07	PASS
ov07_02222CAC	overlay_07_part12.c	asm/overlay_07	PASS
ov07_02222CC0	overlay_07_part12.c	asm/overlay_07	PASS
ov07_02222CCC	overlay_07_part12.c	asm/overlay_07	PASS
ov07_02222D3C	overlay_07_part12.c	asm/overlay_07	PASS
ov07_02222D60	overlay_07_part12.c	asm/overlay_07	PASS
ov07_02222D74	overlay_07_part12.c	asm/overlay_07	PASS
ov07_02222D88	overlay_07_part12.c	asm/overlay_07	PASS
ov07_02222D90	overlay_07_part12.c	asm/overlay_07	PASS
ov07_02222DC8	overlay_07_part12.c	asm/overlay_07	PASS
ov07_02222DE4	overlay_07_part12.c	asm/overlay_07	PASS
ov07_02222E0C	overlay_07_part12.c	asm/overlay_07	PASS
ov07_02222E48	overlay_07_part12.c	asm/overlay_07	PASS
ov07_02222E74	overlay_07_part12.c	asm/overlay_07	PASS
ov07_02222EE8	overlay_07_part12.c	asm/overlay_07	PASS
ov07_02222EF8	overlay_07_part12.c	asm/overlay_07	PASS
ov07_02222F10	overlay_07_part12.c	asm/overlay_07	PASS
ov07_02222F7C	overlay_07_part12.c	asm/overlay_07	PASS
ov07_02222FC4	overlay_07_part12.c	asm/overlay_07	PASS
ov07_02222FF4	overlay_07_part12.c	asm/overlay_07	PASS
ov07_02223038	overlay_07_part12.c	asm/overlay_07	PASS
ov07_0222304C	overlay_07_part12.c	asm/overlay_07	PASS
ov07_02223060	overlay_07_part12.c	asm/overlay_07	PASS
UnkBallData_SetBallAnimation	overlay_07_part25.c	asm/overlay_07	PASS
ov07_02232C28	overlay_07_part25.c	asm/overlay_07	PASS
ov07_02232C64	overlay_07_part25.c	asm/overlay_07	PASS
ov07_02232CD8	overlay_07_part25.c	asm/overlay_07	PASS
ov07_02232D20	overlay_07_part25.c	asm/overlay_07	PASS
ov07_02232D80	overlay_07_part25.c	asm/overlay_07	PASS
ov07_02232DF4	overlay_07_part25.c	asm/overlay_07	PASS
ov07_02232E10	overlay_07_part25.c	asm/overlay_07	PASS
ov07_02232E18	overlay_07_part25.c	asm/overlay_07	PASS
ov07_02232E40	overlay_07_part25.c	asm/overlay_07	PASS
ov07_02232E68	overlay_07_part25.c	asm/overlay_07	PASS
ov07_02232E90	overlay_07_part25.c	asm/overlay_07	PASS
ov07_02232EB8	overlay_07_part25.c	asm/overlay_07	PASS
ov07_02232EE0	overlay_07_part25.c	asm/overlay_07	PASS
ov07_02232F08	overlay_07_part25.c	asm/overlay_07	PASS
ov07_02232F30	overlay_07_part25.c	asm/overlay_07	PASS
ov07_02232F60	overlay_07_part25.c	asm/overlay_07	PASS
ov07_02232F74	overlay_07_part25.c	asm/overlay_07	PASS
ov07_02232F80	overlay_07_part25.c	asm/overlay_07	PASS
ov07_02232F84	overlay_07_part25.c	asm/overlay_07	PASS
ov07_02232F9C	overlay_07_part25.c	asm/overlay_07	PASS
ov07_02232FA8	overlay_07_part25.c	asm/overlay_07	PASS
ov07_02233088	overlay_07_part25.c	asm/overlay_07	PASS
ov07_0223308C	overlay_07_part25.c	asm/overlay_07	PASS
ov07_022330E0	overlay_07_part25.c	asm/overlay_07	PASS
ov07_022330E4	overlay_07_part25.c	asm/overlay_07	PASS
ov07_022330F0	overlay_07_part25.c	asm/overlay_07	PASS
ov07_022330FC	overlay_07_part25.c	asm/overlay_07	PASS
ov07_022331A4	overlay_07_part25.c	asm/overlay_07	PASS
ov07_022331B0	overlay_07_part25.c	asm/overlay_07	PASS
ov105_021E5900	overlay_105.c	asm/overlay_105	PASS
ov105_021E59DC	overlay_105.c	asm/overlay_105	FAIL
ov105_021E5B14	overlay_105.c	asm/overlay_105	PASS
ov105_021E5B68	overlay_105.c	asm/overlay_105	PASS
ov105_021E5BCC	overlay_105.c	asm/overlay_105	PASS
ov105_021E5C84	overlay_105.c	asm/overlay_105	PASS
ov105_021E5CA4	overlay_105.c	asm/overlay_105	PASS
ov114_0225F020	overlay_114.c	asm/overlay_114	PASS
ov114_0225F280	overlay_114.c	asm/overlay_114	PASS
ov115_02260350	overlay_115_part02.c	asm/overlay_115	PASS
ov116_0225F020	overlay_116.c	asm/overlay_116	PASS
ov116_0225F054	overlay_116.c	asm/overlay_116	PASS
ov116_0225F1BC	overlay_116.c	asm/overlay_116	PASS
ov116_0225F364	overlay_116.c	asm/overlay_116	PASS
ov116_0225F374	overlay_116.c	asm/overlay_116	PASS
ov12_022590A0	overlay_12_battle_controller_opponent_part02.c	asm/overlay_12_battle_controller_opponent	PASS
ov12_022590D4	overlay_12_battle_controller_opponent_part02.c	asm/overlay_12_battle_controller_opponent	PASS
ov12_022590E8	overlay_12_battle_controller_opponent_part02.c	asm/overlay_12_battle_controller_opponent	PASS
ov12_022590FC	overlay_12_battle_controller_opponent_part02.c	asm/overlay_12_battle_controller_opponent	PASS
ov12_02259110	overlay_12_battle_controller_opponent_part02.c	asm/overlay_12_battle_controller_opponent	PASS
ov12_02259124	overlay_12_battle_controller_opponent_part02.c	asm/overlay_12_battle_controller_opponent	PASS
ov12_02259134	overlay_12_battle_controller_opponent_part02.c	asm/overlay_12_battle_controller_opponent	PASS
ov12_02259148	overlay_12_battle_controller_opponent_part02.c	asm/overlay_12_battle_controller_opponent	PASS
ov12_0225915C	overlay_12_battle_controller_opponent_part02.c	asm/overlay_12_battle_controller_opponent	PASS
ov12_02259170	overlay_12_battle_controller_opponent_part02.c	asm/overlay_12_battle_controller_opponent	PASS
ov12_02259184	overlay_12_battle_controller_opponent_part02.c	asm/overlay_12_battle_controller_opponent	PASS
ov12_02259198	overlay_12_battle_controller_opponent_part02.c	asm/overlay_12_battle_controller_opponent	PASS
ov12_022591A8	overlay_12_battle_controller_opponent_part02.c	asm/overlay_12_battle_controller_opponent	PASS
ov12_022591BC	overlay_12_battle_controller_opponent_part02.c	asm/overlay_12_battle_controller_opponent	PASS
ov12_022591CC	overlay_12_battle_controller_opponent_part02.c	asm/overlay_12_battle_controller_opponent	PASS
ov12_022591E0	overlay_12_battle_controller_opponent_part02.c	asm/overlay_12_battle_controller_opponent	PASS
ov12_022591F4	overlay_12_battle_controller_opponent_part02.c	asm/overlay_12_battle_controller_opponent	PASS
ov12_022592D0	overlay_12_battle_controller_opponent_part02.c	asm/overlay_12_battle_controller_opponent	PASS
ov12_02259328	overlay_12_battle_controller_opponent_part02.c	asm/overlay_12_battle_controller_opponent	PASS
ov12_02259358	overlay_12_battle_controller_opponent_part02.c	asm/overlay_12_battle_controller_opponent	PASS
ov12_022593D4	overlay_12_battle_controller_opponent_part02.c	asm/overlay_12_battle_controller_opponent	PASS
ov12_022593E8	overlay_12_battle_controller_opponent_part02.c	asm/overlay_12_battle_controller_opponent	PASS
ov12_022593FC	overlay_12_battle_controller_opponent_part02.c	asm/overlay_12_battle_controller_opponent	PASS
ov12_022594F4	overlay_12_battle_controller_opponent_part02.c	asm/overlay_12_battle_controller_opponent	PASS
ov12_02259514	overlay_12_battle_controller_opponent_part02.c	asm/overlay_12_battle_controller_opponent	PASS
ov12_022595B8	overlay_12_battle_controller_opponent_part02.c	asm/overlay_12_battle_controller_opponent	PASS
ov12_022595CC	overlay_12_battle_controller_opponent_part02.c	asm/overlay_12_battle_controller_opponent	PASS
ov12_022595E0	overlay_12_battle_controller_opponent_part02.c	asm/overlay_12_battle_controller_opponent	PASS
ov12_0225961C	overlay_12_battle_controller_opponent_part02.c	asm/overlay_12_battle_controller_opponent	PASS
ov12_02259658	overlay_12_battle_controller_opponent_part02.c	asm/overlay_12_battle_controller_opponent	PASS
ov12_02261DC8	overlay_12_battle_controller_opponent_part08.c	asm/overlay_12_battle_controller_opponent	PASS
ov12_02261E40	overlay_12_battle_controller_opponent_part08.c	asm/overlay_12_battle_controller_opponent	PASS
ov12_02261EB8	overlay_12_battle_controller_opponent_part08.c	asm/overlay_12_battle_controller_opponent	PASS
ov12_02261ED4	overlay_12_battle_controller_opponent_part08.c	asm/overlay_12_battle_controller_opponent	PASS
ov12_02261EF0	overlay_12_battle_controller_opponent_part08.c	asm/overlay_12_battle_controller_opponent	PASS
ov12_02261F38	overlay_12_battle_controller_opponent_part08.c	asm/overlay_12_battle_controller_opponent	PASS
ov14_021F1504	overlay_14_021F0A80_part02.c	asm/overlay_14_021F0A80	PASS
ov14_021F1534	overlay_14_021F0A80_part02.c	asm/overlay_14_021F0A80	PASS
ov14_021F1540	overlay_14_021F0A80_part02.c	asm/overlay_14_021F0A80	PASS
ov14_021F1580	overlay_14_021F0A80_part02.c	asm/overlay_14_021F0A80	PASS
ov14_021F15C8	overlay_14_021F0A80_part02.c	asm/overlay_14_021F0A80	FAIL
ov18_021F67D0	overlay_18_021F0918_part08.c	asm/overlay_18_021F0918	PASS
ov18_021F6844	overlay_18_021F0918_part08.c	asm/overlay_18_021F0918	PASS
ov18_021F684C	overlay_18_021F0918_part08.c	asm/overlay_18_021F0918	FAIL
ov18_021F6984	overlay_18_021F0918_part08.c	asm/overlay_18_021F0918	PASS
ov18_021F6990	overlay_18_021F0918_part08.c	asm/overlay_18_021F0918	PASS
ov18_021F69C0	overlay_18_021F0918_part08.c	asm/overlay_18_021F0918	PASS
ov18_021F69E8	overlay_18_021F0918_part08.c	asm/overlay_18_021F0918	PASS
ov33_0225D520	overlay_33.c	asm/overlay_33	PASS
ov33_0225D5A8	overlay_33.c	asm/overlay_33	PASS
ov33_0225D5CC	overlay_33.c	asm/overlay_33	PASS
ov33_0225D5D0	overlay_33.c	asm/overlay_33	PASS
ov33_0225D6F8	overlay_33.c	asm/overlay_33	PASS
ov33_0225D720	overlay_33.c	asm/overlay_33	PASS
ov33_0225D7B8	overlay_33.c	asm/overlay_33	PASS
ov33_0225D7D4	overlay_33.c	asm/overlay_33	PASS
ov33_0225D820	overlay_33.c	asm/overlay_33	PASS
ov33_0225D84C	overlay_33.c	asm/overlay_33	PASS
ov33_0225D8D4	overlay_33.c	asm/overlay_33	PASS
ov33_0225D9D4	overlay_33.c	asm/overlay_33	PASS
ov34_0225E58C	overlay_34_part02.c	asm/overlay_34	PASS
ov34_0225E5D4	overlay_34_part02.c	asm/overlay_34	PASS
ov34_0225E5DC	overlay_34_part02.c	asm/overlay_34	PASS
ov34_0225E5E4	overlay_34_part02.c	asm/overlay_34	PASS
ov34_0225E5EC	overlay_34_part02.c	asm/overlay_34	PASS
ov34_0225E630	overlay_34_part02.c	asm/overlay_34	PASS
ov37_021E76F0	overlay_37_part03.c	asm/overlay_37	PASS
ov37_021E7844	overlay_37_part03.c	asm/overlay_37	PASS
ov37_021E784C	overlay_37_part03.c	asm/overlay_37	PASS
ov37_021E7880	overlay_37_part03.c	asm/overlay_37	PASS
ov37_021E78A4	overlay_37_part03.c	asm/overlay_37	PASS
ov37_021E78C4	overlay_37_part03.c	asm/overlay_37	PASS
ov37_021E78E0	overlay_37_part03.c	asm/overlay_37	PASS
ov39_02227B1C	overlay_39_thumb_part02.c	asm/overlay_39_thumb	PASS
ov39_02227B20	overlay_39_thumb_part02.c	asm/overlay_39_thumb	PASS
ov39_02227B24	overlay_39_thumb_part02.c	asm/overlay_39_thumb	PASS
ov39_02227B50	overlay_39_thumb_part02.c	asm/overlay_39_thumb	PASS
ov39_02227B54	overlay_39_thumb_part02.c	asm/overlay_39_thumb	PASS
ov39_02227B58	overlay_39_thumb_part02.c	asm/overlay_39_thumb	PASS
ov39_02227B5C	overlay_39_thumb_part02.c	asm/overlay_39_thumb	PASS
ov39_02227D44	overlay_39_thumb_part02.c	asm/overlay_39_thumb	PASS
ov39_02227D50	overlay_39_thumb_part02.c	asm/overlay_39_thumb	PASS
ov39_02227D5C	overlay_39_thumb_part02.c	asm/overlay_39_thumb	PASS
ov39_02227DB8	overlay_39_thumb_part02.c	asm/overlay_39_thumb	PASS
ov39_02227DE4	overlay_39_thumb_part02.c	asm/overlay_39_thumb	PASS
ov39_02227DEC	overlay_39_thumb_part02.c	asm/overlay_39_thumb	PASS
ov39_02227E3C	overlay_39_thumb_part02.c	asm/overlay_39_thumb	PASS
ov39_02227E48	overlay_39_thumb_part02.c	asm/overlay_39_thumb	PASS
ov39_02227E6C	overlay_39_thumb_part02.c	asm/overlay_39_thumb	PASS
ov39_02227E8C	overlay_39_thumb_part02.c	asm/overlay_39_thumb	PASS
ov39_02227ECC	overlay_39_thumb_part02.c	asm/overlay_39_thumb	PASS
ov39_02227EF4	overlay_39_thumb_part02.c	asm/overlay_39_thumb	PASS
ov39_02227F14	overlay_39_thumb_part02.c	asm/overlay_39_thumb	PASS
ov39_02227F60	overlay_39_thumb_part02.c	asm/overlay_39_thumb	PASS
ov39_02227F74	overlay_39_thumb_part02.c	asm/overlay_39_thumb	PASS
ov39_02227F84	overlay_39_thumb_part02.c	asm/overlay_39_thumb	PASS
ov39_02227FA8	overlay_39_thumb_part02.c	asm/overlay_39_thumb	PASS
ov39_02227FC4	overlay_39_thumb_part02.c	asm/overlay_39_thumb	PASS
ov39_02227FEC	overlay_39_thumb_part02.c	asm/overlay_39_thumb	PASS
ov39_02227FFC	overlay_39_thumb_part02.c	asm/overlay_39_thumb	PASS
ov39_0222801C	overlay_39_thumb_part02.c	asm/overlay_39_thumb	PASS
ov39_022280B4	overlay_39_thumb_part02.c	asm/overlay_39_thumb	PASS
ov39_022280D4	overlay_39_thumb_part02.c	asm/overlay_39_thumb	PASS
ov41_022463B0	overlay_41_02245EA0_part02.c	asm/overlay_41_02245EA0	PASS
ov41_022463D4	overlay_41_02245EA0_part02.c	asm/overlay_41_02245EA0	PASS
ov41_022463DC	overlay_41_02245EA0_part02.c	asm/overlay_41_02245EA0	PASS
ov41_022463FC	overlay_41_02245EA0_part02.c	asm/overlay_41_02245EA0	PASS
ov41_0224642C	overlay_41_02245EA0_part02.c	asm/overlay_41_02245EA0	PASS
ov41_02246494	overlay_41_02245EA0_part02.c	asm/overlay_41_02245EA0	PASS
ov41_022464AC	overlay_41_02245EA0_part02.c	asm/overlay_41_02245EA0	PASS
ov41_022464BC	overlay_41_02245EA0_part02.c	asm/overlay_41_02245EA0	PASS
ov41_02246518	overlay_41_02245EA0_part02.c	asm/overlay_41_02245EA0	PASS
ov41_02246544	overlay_41_02245EA0_part02.c	asm/overlay_41_02245EA0	PASS
ov41_02246594	overlay_41_02245EA0_part02.c	asm/overlay_41_02245EA0	PASS
ov41_022465C0	overlay_41_02245EA0_part02.c	asm/overlay_41_02245EA0	PASS
ov41_022465CC	overlay_41_02245EA0_part02.c	asm/overlay_41_02245EA0	PASS
ov41_022465D8	overlay_41_02245EA0_part02.c	asm/overlay_41_02245EA0	PASS
ov41_02246670	overlay_41_02245EA0_part02.c	asm/overlay_41_02245EA0	PASS
ov41_02246698	overlay_41_02245EA0_part02.c	asm/overlay_41_02245EA0	PASS
ov41_022466B8	overlay_41_02245EA0_part02.c	asm/overlay_41_02245EA0	PASS
ov41_022466C8	overlay_41_02245EA0_part02.c	asm/overlay_41_02245EA0	PASS
ov41_022466D0	overlay_41_02245EA0_part02.c	asm/overlay_41_02245EA0	PASS
ov41_022466F0	overlay_41_02245EA0_part02.c	asm/overlay_41_02245EA0	PASS
ov41_02246778	overlay_41_02245EA0_part02.c	asm/overlay_41_02245EA0	PASS
ov41_022467C8	overlay_41_02245EA0_part02.c	asm/overlay_41_02245EA0	PASS
ov41_022467D4	overlay_41_02245EA0_part02.c	asm/overlay_41_02245EA0	PASS
ov41_022467E4	overlay_41_02245EA0_part02.c	asm/overlay_41_02245EA0	PASS
ov41_02246820	overlay_41_02245EA0_part02.c	asm/overlay_41_02245EA0	PASS
ov41_02246830	overlay_41_02245EA0_part02.c	asm/overlay_41_02245EA0	PASS
ov41_0224683C	overlay_41_02245EA0_part02.c	asm/overlay_41_02245EA0	FAIL
ov41_0224689C	overlay_41_02245EA0_part02.c	asm/overlay_41_02245EA0	FAIL
ov41_022468FC	overlay_41_02245EA0_part02.c	asm/overlay_41_02245EA0	PASS
ov41_02246A20	overlay_41_02245EA0_part02.c	asm/overlay_41_02245EA0	PASS
ov41_02246A50	overlay_41_02245EA0_part03.c	asm/overlay_41_02245EA0	PASS
ov41_02246A7C	overlay_41_02245EA0_part03.c	asm/overlay_41_02245EA0	PASS
ov41_02246A94	overlay_41_02245EA0_part03.c	asm/overlay_41_02245EA0	PASS
ov41_022475D4	overlay_41_02246B34_part02.c	asm/overlay_41_02246B34	PASS
ov41_022475F4	overlay_41_02246B34_part02.c	asm/overlay_41_02246B34	PASS
ov41_02247628	overlay_41_02246B34_part02.c	asm/overlay_41_02246B34	PASS
ov41_0224765C	overlay_41_02246B34_part02.c	asm/overlay_41_02246B34	PASS
ov41_022476A8	overlay_41_02246B34_part02.c	asm/overlay_41_02246B34	PASS
ov41_022476B8	overlay_41_02246B34_part02.c	asm/overlay_41_02246B34	PASS
ov41_022476E0	overlay_41_02246B34_part02.c	asm/overlay_41_02246B34	PASS
ov41_02249780	overlay_41_02248ED4_part02.c	asm/overlay_41_02248ED4	PASS
ov41_022497A0	overlay_41_02248ED4_part02.c	asm/overlay_41_02248ED4	PASS
ov41_022497A8	overlay_41_02248ED4_part02.c	asm/overlay_41_02248ED4	PASS
ov41_02249820	overlay_41_02248ED4_part02.c	asm/overlay_41_02248ED4	PASS
ov41_02249888	overlay_41_02248ED4_part02.c	asm/overlay_41_02248ED4	PASS
ov41_0224989C	overlay_41_02248ED4_part02.c	asm/overlay_41_02248ED4	PASS
ov41_022498E8	overlay_41_02248ED4_part02.c	asm/overlay_41_02248ED4	PASS
ov41_02249978	overlay_41_02248ED4_part02.c	asm/overlay_41_02248ED4	PASS
ov41_022499B4	overlay_41_02248ED4_part02.c	asm/overlay_41_02248ED4	PASS
ov41_022499DC	overlay_41_02248ED4_part02.c	asm/overlay_41_02248ED4	PASS
ov41_022499F0	overlay_41_02248ED4_part02.c	asm/overlay_41_02248ED4	PASS
ov41_0224AE78	overlay_41_0224A5A4_part02.c	asm/overlay_41_0224A5A4	PASS
ov41_0224AED8	overlay_41_0224A5A4_part02.c	asm/overlay_41_0224A5A4	PASS
ov41_0224AF8C	overlay_41_0224A5A4_part02.c	asm/overlay_41_0224A5A4	PASS
ov41_0224AFD4	overlay_41_0224A5A4_part02.c	asm/overlay_41_0224A5A4	PASS
ov41_0224AFF8	overlay_41_0224A5A4_part02.c	asm/overlay_41_0224A5A4	PASS
ov41_0224B084	overlay_41_0224A5A4_part02.c	asm/overlay_41_0224A5A4	PASS
ov41_0224B0B8	overlay_41_0224A5A4_part02.c	asm/overlay_41_0224A5A4	PASS
ov41_0224B118	overlay_41_0224A5A4_part02.c	asm/overlay_41_0224A5A4	PASS
ov45_02229EE0	overlay_45_thumb_part01.c	asm/overlay_45_thumb	PASS
ov45_02229F70	overlay_45_thumb_part01.c	asm/overlay_45_thumb	PASS
ov45_02229F94	overlay_45_thumb_part01.c	asm/overlay_45_thumb	PASS
ov45_02229FE0	overlay_45_thumb_part01.c	asm/overlay_45_thumb	PASS
ov45_02229FF4	overlay_45_thumb_part01.c	asm/overlay_45_thumb	PASS
ov45_0222A0F0	overlay_45_thumb_part01.c	asm/overlay_45_thumb	PASS
ov45_0222A15C	overlay_45_thumb_part01.c	asm/overlay_45_thumb	PASS
ov45_0222A1F8	overlay_45_thumb_part01.c	asm/overlay_45_thumb	PASS
ov45_0222A1FC	overlay_45_thumb_part01.c	asm/overlay_45_thumb	PASS
ov45_0222A208	overlay_45_thumb_part01.c	asm/overlay_45_thumb	PASS
ov45_0222A210	overlay_45_thumb_part01.c	asm/overlay_45_thumb	PASS
ov45_0222A214	overlay_45_thumb_part01.c	asm/overlay_45_thumb	PASS
ov45_0222A22C	overlay_45_thumb_part01.c	asm/overlay_45_thumb	PASS
ov45_0222A230	overlay_45_thumb_part01.c	asm/overlay_45_thumb	PASS
ov45_0222A25C	overlay_45_thumb_part01.c	asm/overlay_45_thumb	PASS
ov45_0222A288	overlay_45_thumb_part01.c	asm/overlay_45_thumb	PASS
ov45_0222A2A0	overlay_45_thumb_part01.c	asm/overlay_45_thumb	PASS
ov45_0222A2C8	overlay_45_thumb_part01.c	asm/overlay_45_thumb	PASS
ov45_0222A2CC	overlay_45_thumb_part01.c	asm/overlay_45_thumb	PASS
ov45_0222A2E0	overlay_45_thumb_part01.c	asm/overlay_45_thumb	PASS
ov45_0222A2F8	overlay_45_thumb_part01.c	asm/overlay_45_thumb	PASS
ov45_0222A310	overlay_45_thumb_part01.c	asm/overlay_45_thumb	PASS
ov45_0222A324	overlay_45_thumb_part01.c	asm/overlay_45_thumb	PASS
ov45_0222A330	overlay_45_thumb_part01.c	asm/overlay_45_thumb	PASS
ov45_0222A33C	overlay_45_thumb_part01.c	asm/overlay_45_thumb	PASS
ov45_0222A35C	overlay_45_thumb_part01.c	asm/overlay_45_thumb	PASS
ov45_0222A374	overlay_45_thumb_part01.c	asm/overlay_45_thumb	PASS
ov45_0222A394	overlay_45_thumb_part01.c	asm/overlay_45_thumb	PASS
ov45_0222A3A0	overlay_45_thumb_part01.c	asm/overlay_45_thumb	PASS
ov45_0222A3BC	overlay_45_thumb_part01.c	asm/overlay_45_thumb	PASS
ov45_0222A3D4	overlay_45_thumb_part02.c	asm/overlay_45_thumb	PASS
ov45_0222A3EC	overlay_45_thumb_part02.c	asm/overlay_45_thumb	PASS
ov45_0222A404	overlay_45_thumb_part02.c	asm/overlay_45_thumb	PASS
ov45_0222A414	overlay_45_thumb_part02.c	asm/overlay_45_thumb	PASS
ov45_0222A424	overlay_45_thumb_part02.c	asm/overlay_45_thumb	PASS
ov45_0222A430	overlay_45_thumb_part02.c	asm/overlay_45_thumb	PASS
ov45_0222A43C	overlay_45_thumb_part02.c	asm/overlay_45_thumb	PASS
ov45_0222A450	overlay_45_thumb_part02.c	asm/overlay_45_thumb	PASS
ov45_0222A480	overlay_45_thumb_part02.c	asm/overlay_45_thumb	PASS
ov45_0222A498	overlay_45_thumb_part02.c	asm/overlay_45_thumb	PASS
ov45_0222A4A8	overlay_45_thumb_part02.c	asm/overlay_45_thumb	PASS
ov45_0222A4B8	overlay_45_thumb_part02.c	asm/overlay_45_thumb	PASS
ov45_0222A4C8	overlay_45_thumb_part02.c	asm/overlay_45_thumb	PASS
ov45_0222A4D0	overlay_45_thumb_part02.c	asm/overlay_45_thumb	PASS
ov45_0222A520	overlay_45_thumb_part02.c	asm/overlay_45_thumb	PASS
ov45_0222A53C	overlay_45_thumb_part02.c	asm/overlay_45_thumb	PASS
ov45_0222A548	overlay_45_thumb_part02.c	asm/overlay_45_thumb	PASS
ov45_0222A550	overlay_45_thumb_part02.c	asm/overlay_45_thumb	PASS
ov45_0222A578	overlay_45_thumb_part02.c	asm/overlay_45_thumb	PASS
ov45_0222A5C0	overlay_45_thumb_part02.c	asm/overlay_45_thumb	PASS
ov45_0222A5E8	overlay_45_thumb_part02.c	asm/overlay_45_thumb	PASS
ov45_0222A704	overlay_45_thumb_part02.c	asm/overlay_45_thumb	PASS
ov45_0222A72C	overlay_45_thumb_part02.c	asm/overlay_45_thumb	PASS
ov45_0222A770	overlay_45_thumb_part02.c	asm/overlay_45_thumb	PASS
ov45_0222A7DC	overlay_45_thumb_part02.c	asm/overlay_45_thumb	PASS
ov45_0222A844	overlay_45_thumb_part02.c	asm/overlay_45_thumb	PASS
ov45_0222A920	overlay_45_thumb_part02.c	asm/overlay_45_thumb	PASS
ov45_0222A92C	overlay_45_thumb_part02.c	asm/overlay_45_thumb	PASS
ov45_0222A964	overlay_45_thumb_part02.c	asm/overlay_45_thumb	PASS
ov45_0222A99C	overlay_45_thumb_part02.c	asm/overlay_45_thumb	PASS
ov45_0222A9A0	overlay_45_thumb_part03.c	asm/overlay_45_thumb	PASS
ov45_0222A9A4	overlay_45_thumb_part03.c	asm/overlay_45_thumb	PASS
ov45_0222A9C8	overlay_45_thumb_part03.c	asm/overlay_45_thumb	PASS
ov45_0222A9CC	overlay_45_thumb_part03.c	asm/overlay_45_thumb	FAIL
ov45_0222AA10	overlay_45_thumb_part03.c	asm/overlay_45_thumb	PASS
ov45_0222AA28	overlay_45_thumb_part03.c	asm/overlay_45_thumb	PASS
ov45_0222AA54	overlay_45_thumb_part03.c	asm/overlay_45_thumb	PASS
ov45_0222AA5C	overlay_45_thumb_part03.c	asm/overlay_45_thumb	PASS
ov45_0222AA84	overlay_45_thumb_part03.c	asm/overlay_45_thumb	PASS
ov45_0222AAA8	overlay_45_thumb_part03.c	asm/overlay_45_thumb	PASS
ov45_0222AAC8	overlay_45_thumb_part03.c	asm/overlay_45_thumb	PASS
ov45_0222AADC	overlay_45_thumb_part03.c	asm/overlay_45_thumb	PASS
ov45_0222AAEC	overlay_45_thumb_part03.c	asm/overlay_45_thumb	PASS
ov45_0222AB0C	overlay_45_thumb_part03.c	asm/overlay_45_thumb	PASS
ov45_0222AB1C	overlay_45_thumb_part03.c	asm/overlay_45_thumb	PASS
ov45_0222AB28	overlay_45_thumb_part03.c	asm/overlay_45_thumb	PASS
ov45_0222AB38	overlay_45_thumb_part03.c	asm/overlay_45_thumb	PASS
ov45_0222AB48	overlay_45_thumb_part03.c	asm/overlay_45_thumb	PASS
ov45_0222AB58	overlay_45_thumb_part03.c	asm/overlay_45_thumb	PASS
ov45_0222AB68	overlay_45_thumb_part03.c	asm/overlay_45_thumb	PASS
ov45_0222AB78	overlay_45_thumb_part03.c	asm/overlay_45_thumb	PASS
ov45_0222AB94	overlay_45_thumb_part03.c	asm/overlay_45_thumb	PASS
ov45_0222ABD0	overlay_45_thumb_part03.c	asm/overlay_45_thumb	PASS
ov45_0222AC14	overlay_45_thumb_part03.c	asm/overlay_45_thumb	FAIL
ov45_0222ACB8	overlay_45_thumb_part03.c	asm/overlay_45_thumb	PASS
ov45_0222AD2C	overlay_45_thumb_part03.c	asm/overlay_45_thumb	PASS
ov45_0222AD3C	overlay_45_thumb_part03.c	asm/overlay_45_thumb	PASS
ov45_0222AD4C	overlay_45_thumb_part03.c	asm/overlay_45_thumb	PASS
ov45_0222AD58	overlay_45_thumb_part03.c	asm/overlay_45_thumb	PASS
ov45_0222AD70	overlay_45_thumb_part04.c	asm/overlay_45_thumb	PASS
ov45_0222AD80	overlay_45_thumb_part04.c	asm/overlay_45_thumb	PASS
ov45_0222AD90	overlay_45_thumb_part04.c	asm/overlay_45_thumb	PASS
ov45_0222ADA0	overlay_45_thumb_part04.c	asm/overlay_45_thumb	PASS
ov45_0222ADA8	overlay_45_thumb_part04.c	asm/overlay_45_thumb	PASS
ov45_0222ADB8	overlay_45_thumb_part04.c	asm/overlay_45_thumb	PASS
ov45_0222ADC8	overlay_45_thumb_part04.c	asm/overlay_45_thumb	PASS
ov45_0222ADD8	overlay_45_thumb_part04.c	asm/overlay_45_thumb	PASS
ov45_0222ADE8	overlay_45_thumb_part04.c	asm/overlay_45_thumb	PASS
ov45_0222ADF8	overlay_45_thumb_part04.c	asm/overlay_45_thumb	PASS
ov45_0222AE08	overlay_45_thumb_part04.c	asm/overlay_45_thumb	PASS
ov45_0222AE24	overlay_45_thumb_part04.c	asm/overlay_45_thumb	PASS
ov45_0222AE34	overlay_45_thumb_part04.c	asm/overlay_45_thumb	PASS
ov45_0222AE44	overlay_45_thumb_part04.c	asm/overlay_45_thumb	PASS
ov45_0222AE54	overlay_45_thumb_part04.c	asm/overlay_45_thumb	PASS
ov45_0222AE64	overlay_45_thumb_part04.c	asm/overlay_45_thumb	PASS
ov45_0222AE74	overlay_45_thumb_part04.c	asm/overlay_45_thumb	PASS
ov45_0222AED8	overlay_45_thumb_part04.c	asm/overlay_45_thumb	PASS
ov45_0222AF80	overlay_45_thumb_part04.c	asm/overlay_45_thumb	PASS
ov45_0222AFC4	overlay_45_thumb_part04.c	asm/overlay_45_thumb	PASS
ov45_0222AFF8	overlay_45_thumb_part04.c	asm/overlay_45_thumb	PASS
ov45_0222B00C	overlay_45_thumb_part04.c	asm/overlay_45_thumb	PASS
ov45_0222B020	overlay_45_thumb_part04.c	asm/overlay_45_thumb	PASS
ov45_0222B028	overlay_45_thumb_part04.c	asm/overlay_45_thumb	PASS
ov45_0222B034	overlay_45_thumb_part04.c	asm/overlay_45_thumb	PASS
ov45_0222B040	overlay_45_thumb_part04.c	asm/overlay_45_thumb	PASS
ov45_0222B048	overlay_45_thumb_part04.c	asm/overlay_45_thumb	PASS
ov45_0222B06C	overlay_45_thumb_part04.c	asm/overlay_45_thumb	PASS
ov45_0222B094	overlay_45_thumb_part04.c	asm/overlay_45_thumb	PASS
ov45_0222B0A4	overlay_45_thumb_part04.c	asm/overlay_45_thumb	PASS
ov45_0222BC3C	overlay_45_thumb_part06.c	asm/overlay_45_thumb	PASS
ov45_0222BC84	overlay_45_thumb_part06.c	asm/overlay_45_thumb	PASS
ov45_0222BCA0	overlay_45_thumb_part06.c	asm/overlay_45_thumb	PASS
ov45_0222BCA8	overlay_45_thumb_part06.c	asm/overlay_45_thumb	PASS
ov45_0222BCB8	overlay_45_thumb_part06.c	asm/overlay_45_thumb	PASS
ov45_0222BCC8	overlay_45_thumb_part06.c	asm/overlay_45_thumb	PASS
ov45_0222BCD8	overlay_45_thumb_part06.c	asm/overlay_45_thumb	PASS
ov45_0222BCE4	overlay_45_thumb_part06.c	asm/overlay_45_thumb	PASS
ov45_0222BD24	overlay_45_thumb_part06.c	asm/overlay_45_thumb	PASS
ov45_0222BD2C	overlay_45_thumb_part06.c	asm/overlay_45_thumb	PASS
ov45_0222BD30	overlay_45_thumb_part06.c	asm/overlay_45_thumb	PASS
ov45_0222BD40	overlay_45_thumb_part06.c	asm/overlay_45_thumb	PASS
ov45_0222BD4C	overlay_45_thumb_part06.c	asm/overlay_45_thumb	PASS
ov45_0222BD5C	overlay_45_thumb_part06.c	asm/overlay_45_thumb	PASS
ov45_0222BD74	overlay_45_thumb_part06.c	asm/overlay_45_thumb	PASS
ov45_0222BD94	overlay_45_thumb_part06.c	asm/overlay_45_thumb	PASS
ov45_0222BDB0	overlay_45_thumb_part06.c	asm/overlay_45_thumb	PASS
ov45_0222BDCC	overlay_45_thumb_part06.c	asm/overlay_45_thumb	PASS
ov45_0222BDE8	overlay_45_thumb_part06.c	asm/overlay_45_thumb	PASS
ov45_0222BE00	overlay_45_thumb_part06.c	asm/overlay_45_thumb	PASS
ov45_0222BE08	overlay_45_thumb_part06.c	asm/overlay_45_thumb	PASS
ov45_0222BE28	overlay_45_thumb_part06.c	asm/overlay_45_thumb	PASS
ov45_0222BE48	overlay_45_thumb_part06.c	asm/overlay_45_thumb	PASS
ov45_0222BE54	overlay_45_thumb_part06.c	asm/overlay_45_thumb	PASS
ov45_0222BE5C	overlay_45_thumb_part06.c	asm/overlay_45_thumb	PASS
ov45_0222BE74	overlay_45_thumb_part06.c	asm/overlay_45_thumb	PASS
ov45_0222BE94	overlay_45_thumb_part06.c	asm/overlay_45_thumb	PASS
ov45_0222BE9C	overlay_45_thumb_part06.c	asm/overlay_45_thumb	PASS
ov45_0222BF18	overlay_45_thumb_part06.c	asm/overlay_45_thumb	PASS
ov45_0222BF98	overlay_45_thumb_part06.c	asm/overlay_45_thumb	PASS
ov45_0222C8C8	overlay_45_thumb_part08.c	asm/overlay_45_thumb	PASS
ov45_0222C900	overlay_45_thumb_part08.c	asm/overlay_45_thumb	PASS
ov45_0222C944	overlay_45_thumb_part08.c	asm/overlay_45_thumb	PASS
ov45_0222C95C	overlay_45_thumb_part08.c	asm/overlay_45_thumb	PASS
ov45_0222C978	overlay_45_thumb_part08.c	asm/overlay_45_thumb	PASS
ov45_0222C994	overlay_45_thumb_part08.c	asm/overlay_45_thumb	PASS
ov45_0222C9A0	overlay_45_thumb_part08.c	asm/overlay_45_thumb	PASS
ov45_0222C9D0	overlay_45_thumb_part08.c	asm/overlay_45_thumb	PASS
ov45_0222C9EC	overlay_45_thumb_part08.c	asm/overlay_45_thumb	PASS
ov45_0222CA10	overlay_45_thumb_part08.c	asm/overlay_45_thumb	PASS
ov45_0222CA7C	overlay_45_thumb_part08.c	asm/overlay_45_thumb	PASS
ov45_0222CA8C	overlay_45_thumb_part08.c	asm/overlay_45_thumb	PASS
ov45_0222CAA0	overlay_45_thumb_part08.c	asm/overlay_45_thumb	PASS
ov45_0222CB3C	overlay_45_thumb_part08.c	asm/overlay_45_thumb	PASS
ov45_0222CB40	overlay_45_thumb_part08.c	asm/overlay_45_thumb	PASS
ov45_0222CB44	overlay_45_thumb_part08.c	asm/overlay_45_thumb	PASS
ov45_0222CB74	overlay_45_thumb_part08.c	asm/overlay_45_thumb	PASS
ov45_0222CBD0	overlay_45_thumb_part08.c	asm/overlay_45_thumb	PASS
ov45_0222CC00	overlay_45_thumb_part08.c	asm/overlay_45_thumb	PASS
ov45_0222CC50	overlay_45_thumb_part08.c	asm/overlay_45_thumb	PASS
ov45_0222CC7C	overlay_45_thumb_part08.c	asm/overlay_45_thumb	PASS
ov45_0222CCA4	overlay_45_thumb_part08.c	asm/overlay_45_thumb	PASS
ov45_0222CCB8	overlay_45_thumb_part08.c	asm/overlay_45_thumb	PASS
ov45_0222CCDC	overlay_45_thumb_part08.c	asm/overlay_45_thumb	PASS
ov45_0222CCE4	overlay_45_thumb_part08.c	asm/overlay_45_thumb	PASS
ov45_0222CD04	overlay_45_thumb_part08.c	asm/overlay_45_thumb	PASS
ov45_0222CD1C	overlay_45_thumb_part08.c	asm/overlay_45_thumb	PASS
ov45_0222CD68	overlay_45_thumb_part08.c	asm/overlay_45_thumb	PASS
ov45_0222CD84	overlay_45_thumb_part08.c	asm/overlay_45_thumb	PASS
ov45_0222CD90	overlay_45_thumb_part08.c	asm/overlay_45_thumb	PASS
ov45_0222CDC0	overlay_45_thumb_part09.c	asm/overlay_45_thumb	PASS
ov45_0222CDC4	overlay_45_thumb_part09.c	asm/overlay_45_thumb	PASS
ov45_0222CDE4	overlay_45_thumb_part09.c	asm/overlay_45_thumb	PASS
ov45_0222CE0C	overlay_45_thumb_part09.c	asm/overlay_45_thumb	PASS
ov45_0222CE2C	overlay_45_thumb_part09.c	asm/overlay_45_thumb	PASS
ov45_0222CE54	overlay_45_thumb_part09.c	asm/overlay_45_thumb	PASS
ov45_0222CE78	overlay_45_thumb_part09.c	asm/overlay_45_thumb	PASS
ov45_0222CE94	overlay_45_thumb_part09.c	asm/overlay_45_thumb	PASS
ov45_0222CEB0	overlay_45_thumb_part09.c	asm/overlay_45_thumb	PASS
ov45_0222CF00	overlay_45_thumb_part09.c	asm/overlay_45_thumb	PASS
ov45_0222CF24	overlay_45_thumb_part09.c	asm/overlay_45_thumb	PASS
ov45_0222CF40	overlay_45_thumb_part09.c	asm/overlay_45_thumb	PASS
ov45_0222CF68	overlay_45_thumb_part09.c	asm/overlay_45_thumb	PASS
ov45_0222CFF4	overlay_45_thumb_part09.c	asm/overlay_45_thumb	PASS
ov45_0222D01C	overlay_45_thumb_part09.c	asm/overlay_45_thumb	PASS
ov45_0222D028	overlay_45_thumb_part09.c	asm/overlay_45_thumb	PASS
ov45_0222D054	overlay_45_thumb_part09.c	asm/overlay_45_thumb	PASS
ov45_0222D078	overlay_45_thumb_part09.c	asm/overlay_45_thumb	PASS
ov45_0222D0BC	overlay_45_thumb_part09.c	asm/overlay_45_thumb	PASS
ov45_0222D0C8	overlay_45_thumb_part09.c	asm/overlay_45_thumb	PASS
ov45_0222D0D8	overlay_45_thumb_part09.c	asm/overlay_45_thumb	PASS
ov45_0222D0FC	overlay_45_thumb_part09.c	asm/overlay_45_thumb	PASS
ov45_0222D130	overlay_45_thumb_part09.c	asm/overlay_45_thumb	PASS
ov45_0222D13C	overlay_45_thumb_part09.c	asm/overlay_45_thumb	PASS
ov45_0222D14C	overlay_45_thumb_part09.c	asm/overlay_45_thumb	PASS
ov45_0222D164	overlay_45_thumb_part09.c	asm/overlay_45_thumb	PASS
ov45_0222D19C	overlay_45_thumb_part09.c	asm/overlay_45_thumb	PASS
ov45_0222D1B0	overlay_45_thumb_part09.c	asm/overlay_45_thumb	PASS
ov45_0222D1DC	overlay_45_thumb_part09.c	asm/overlay_45_thumb	PASS
ov45_0222D20C	overlay_45_thumb_part09.c	asm/overlay_45_thumb	PASS
ov45_0222D23C	overlay_45_thumb_part10.c	asm/overlay_45_thumb	PASS
ov45_0222D250	overlay_45_thumb_part10.c	asm/overlay_45_thumb	PASS
ov45_0222D27C	overlay_45_thumb_part10.c	asm/overlay_45_thumb	PASS
ov45_0222D2AC	overlay_45_thumb_part10.c	asm/overlay_45_thumb	PASS
ov45_0222D2E4	overlay_45_thumb_part10.c	asm/overlay_45_thumb	PASS
ov45_0222D2F8	overlay_45_thumb_part10.c	asm/overlay_45_thumb	PASS
ov45_0222D324	overlay_45_thumb_part10.c	asm/overlay_45_thumb	PASS
ov45_0222D354	overlay_45_thumb_part10.c	asm/overlay_45_thumb	PASS
ov45_0222D380	overlay_45_thumb_part10.c	asm/overlay_45_thumb	PASS
ov45_0222D38C	overlay_45_thumb_part10.c	asm/overlay_45_thumb	PASS
ov45_0222D3B0	overlay_45_thumb_part10.c	asm/overlay_45_thumb	PASS
ov45_0222D3C4	overlay_45_thumb_part10.c	asm/overlay_45_thumb	PASS
ov45_0222D3D8	overlay_45_thumb_part10.c	asm/overlay_45_thumb	PASS
ov45_0222D410	overlay_45_thumb_part10.c	asm/overlay_45_thumb	PASS
ov45_0222D41C	overlay_45_thumb_part10.c	asm/overlay_45_thumb	PASS
ov45_0222D428	overlay_45_thumb_part10.c	asm/overlay_45_thumb	PASS
ov45_0222D434	overlay_45_thumb_part10.c	asm/overlay_45_thumb	PASS
ov45_0222D448	overlay_45_thumb_part10.c	asm/overlay_45_thumb	PASS
ov45_0222D44C	overlay_45_thumb_part10.c	asm/overlay_45_thumb	PASS
ov45_0222D484	overlay_45_thumb_part10.c	asm/overlay_45_thumb	PASS
ov45_0222D4C0	overlay_45_thumb_part10.c	asm/overlay_45_thumb	PASS
ov45_0222D4CC	overlay_45_thumb_part10.c	asm/overlay_45_thumb	PASS
ov45_0222D4DC	overlay_45_thumb_part10.c	asm/overlay_45_thumb	PASS
ov45_0222D500	overlay_45_thumb_part10.c	asm/overlay_45_thumb	FAIL
ov45_0222D524	overlay_45_thumb_part10.c	asm/overlay_45_thumb	PASS
ov45_0222D594	overlay_45_thumb_part10.c	asm/overlay_45_thumb	PASS
ov45_0222D638	overlay_45_thumb_part10.c	asm/overlay_45_thumb	PASS
ov45_0222D6B0	overlay_45_thumb_part10.c	asm/overlay_45_thumb	PASS
ov45_0222D6D4	overlay_45_thumb_part10.c	asm/overlay_45_thumb	PASS
ov45_0222D6FC	overlay_45_thumb_part10.c	asm/overlay_45_thumb	PASS
ov45_0222D724	overlay_45_thumb_part11.c	asm/overlay_45_thumb	PASS
ov45_0222D740	overlay_45_thumb_part11.c	asm/overlay_45_thumb	PASS
ov45_0222D79C	overlay_45_thumb_part11.c	asm/overlay_45_thumb	PASS
ov45_0222D7C0	overlay_45_thumb_part11.c	asm/overlay_45_thumb	PASS
ov45_0222D7CC	overlay_45_thumb_part11.c	asm/overlay_45_thumb	PASS
ov45_0222D7FC	overlay_45_thumb_part11.c	asm/overlay_45_thumb	PASS
ov45_0222D844	overlay_45_thumb_part11.c	asm/overlay_45_thumb	PASS
ov45_0222D860	overlay_45_thumb_part11.c	asm/overlay_45_thumb	PASS
ov45_0222D890	overlay_45_thumb_part11.c	asm/overlay_45_thumb	PASS
ov45_0222D8A4	overlay_45_thumb_part11.c	asm/overlay_45_thumb	PASS
ov45_0222D8BC	overlay_45_thumb_part11.c	asm/overlay_45_thumb	PASS
ov45_0222D8C8	overlay_45_thumb_part11.c	asm/overlay_45_thumb	PASS
ov45_0222D8D4	overlay_45_thumb_part11.c	asm/overlay_45_thumb	PASS
ov45_0222D8F0	overlay_45_thumb_part11.c	asm/overlay_45_thumb	PASS
ov45_0222D940	overlay_45_thumb_part11.c	asm/overlay_45_thumb	PASS
ov45_0222D990	overlay_45_thumb_part11.c	asm/overlay_45_thumb	PASS
ov45_0222D9EC	overlay_45_thumb_part11.c	asm/overlay_45_thumb	PASS
ov45_0222DA80	overlay_45_thumb_part11.c	asm/overlay_45_thumb	PASS
ov45_0222DAE0	overlay_45_thumb_part11.c	asm/overlay_45_thumb	PASS
ov45_0222DB3C	overlay_45_thumb_part11.c	asm/overlay_45_thumb	PASS
ov45_0222DB98	overlay_45_thumb_part11.c	asm/overlay_45_thumb	PASS
ov45_0222DC08	overlay_45_thumb_part11.c	asm/overlay_45_thumb	PASS
ov45_0222DC64	overlay_45_thumb_part11.c	asm/overlay_45_thumb	PASS
ov45_0222DCE8	overlay_45_thumb_part11.c	asm/overlay_45_thumb	PASS
ov45_0222DCF4	overlay_45_thumb_part11.c	asm/overlay_45_thumb	PASS
ov45_0222DCFC	overlay_45_thumb_part11.c	asm/overlay_45_thumb	PASS
ov45_0222DD08	overlay_45_thumb_part11.c	asm/overlay_45_thumb	PASS
ov45_0222DD14	overlay_45_thumb_part11.c	asm/overlay_45_thumb	PASS
ov45_0222DD20	overlay_45_thumb_part11.c	asm/overlay_45_thumb	PASS
ov45_0222DD2C	overlay_45_thumb_part11.c	asm/overlay_45_thumb	PASS
ov45_0222DD38	overlay_45_thumb_part12.c	asm/overlay_45_thumb	PASS
ov45_0222DD44	overlay_45_thumb_part12.c	asm/overlay_45_thumb	PASS
ov45_0222DD5C	overlay_45_thumb_part12.c	asm/overlay_45_thumb	PASS
ov45_0222DD78	overlay_45_thumb_part12.c	asm/overlay_45_thumb	PASS
ov45_0222DDE4	overlay_45_thumb_part12.c	asm/overlay_45_thumb	PASS
ov45_0222DE1C	overlay_45_thumb_part12.c	asm/overlay_45_thumb	PASS
ov45_0222DE3C	overlay_45_thumb_part12.c	asm/overlay_45_thumb	PASS
ov45_0222DE58	overlay_45_thumb_part12.c	asm/overlay_45_thumb	PASS
ov45_0222DE74	overlay_45_thumb_part12.c	asm/overlay_45_thumb	PASS
ov45_0222DE8C	overlay_45_thumb_part12.c	asm/overlay_45_thumb	PASS
ov45_0222DEA4	overlay_45_thumb_part12.c	asm/overlay_45_thumb	PASS
ov45_0222DEB8	overlay_45_thumb_part12.c	asm/overlay_45_thumb	PASS
ov45_0222DECC	overlay_45_thumb_part12.c	asm/overlay_45_thumb	PASS
ov45_0222DEE0	overlay_45_thumb_part12.c	asm/overlay_45_thumb	PASS
ov45_0222DEF4	overlay_45_thumb_part12.c	asm/overlay_45_thumb	PASS
ov45_0222DF14	overlay_45_thumb_part12.c	asm/overlay_45_thumb	PASS
ov45_0222DF38	overlay_45_thumb_part12.c	asm/overlay_45_thumb	PASS
ov45_0222DF50	overlay_45_thumb_part12.c	asm/overlay_45_thumb	PASS
ov45_0222DF58	overlay_45_thumb_part12.c	asm/overlay_45_thumb	PASS
ov45_0222DF78	overlay_45_thumb_part12.c	asm/overlay_45_thumb	PASS
ov45_0222DFD0	overlay_45_thumb_part12.c	asm/overlay_45_thumb	PASS
ov45_0222E000	overlay_45_thumb_part12.c	asm/overlay_45_thumb	FAIL
ov45_0222E03C	overlay_45_thumb_part12.c	asm/overlay_45_thumb	PASS
ov45_0222E04C	overlay_45_thumb_part12.c	asm/overlay_45_thumb	PASS
ov45_0222E094	overlay_45_thumb_part12.c	asm/overlay_45_thumb	PASS
ov45_0222E0A4	overlay_45_thumb_part12.c	asm/overlay_45_thumb	PASS
ov45_0222E0CC	overlay_45_thumb_part12.c	asm/overlay_45_thumb	PASS
ov45_0222E0E0	overlay_45_thumb_part12.c	asm/overlay_45_thumb	PASS
ov45_0222E14C	overlay_45_thumb_part12.c	asm/overlay_45_thumb	PASS
ov45_0222E1A0	overlay_45_thumb_part12.c	asm/overlay_45_thumb	PASS
ov45_02230920	overlay_45_thumb_part18.c	asm/overlay_45_thumb	PASS
ov45_0223093C	overlay_45_thumb_part18.c	asm/overlay_45_thumb	PASS
ov45_02230968	overlay_45_thumb_part18.c	asm/overlay_45_thumb	PASS
ov45_02230974	overlay_45_thumb_part18.c	asm/overlay_45_thumb	PASS
ov45_02230978	overlay_45_thumb_part18.c	asm/overlay_45_thumb	PASS
ov45_02230994	overlay_45_thumb_part18.c	asm/overlay_45_thumb	PASS
ov45_0223099C	overlay_45_thumb_part18.c	asm/overlay_45_thumb	PASS
ov45_022309C4	overlay_45_thumb_part18.c	asm/overlay_45_thumb	PASS
ov45_022309D0	overlay_45_thumb_part18.c	asm/overlay_45_thumb	PASS
ov45_022309E8	overlay_45_thumb_part18.c	asm/overlay_45_thumb	PASS
ov45_02230A44	overlay_45_thumb_part18.c	asm/overlay_45_thumb	PASS
ov45_02230A4C	overlay_45_thumb_part18.c	asm/overlay_45_thumb	PASS
ov45_02230A58	overlay_45_thumb_part18.c	asm/overlay_45_thumb	PASS
ov45_02230A5C	overlay_45_thumb_part18.c	asm/overlay_45_thumb	PASS
ov45_02230A6C	overlay_45_thumb_part18.c	asm/overlay_45_thumb	PASS
ov45_02230AA4	overlay_45_thumb_part18.c	asm/overlay_45_thumb	PASS
ov45_02230AB4	overlay_45_thumb_part18.c	asm/overlay_45_thumb	PASS
ov45_02230AC0	overlay_45_thumb_part18.c	asm/overlay_45_thumb	PASS
ov45_02230ACC	overlay_45_thumb_part18.c	asm/overlay_45_thumb	FAIL
ov45_02230B64	overlay_45_thumb_part18.c	asm/overlay_45_thumb	PASS
ov45_02230B8C	overlay_45_thumb_part18.c	asm/overlay_45_thumb	PASS
ov45_02230BFC	overlay_45_thumb_part18.c	asm/overlay_45_thumb	PASS
ov45_02230C40	overlay_45_thumb_part18.c	asm/overlay_45_thumb	PASS
ov45_02230CB0	overlay_45_thumb_part18.c	asm/overlay_45_thumb	PASS
ov45_02230CD8	overlay_45_thumb_part18.c	asm/overlay_45_thumb	PASS
ov45_02230D20	overlay_45_thumb_part18.c	asm/overlay_45_thumb	PASS
ov45_02230D5C	overlay_45_thumb_part18.c	asm/overlay_45_thumb	PASS
ov45_02230DC4	overlay_45_thumb_part18.c	asm/overlay_45_thumb	PASS
ov45_02230DF4	overlay_45_thumb_part18.c	asm/overlay_45_thumb	PASS
ov45_02230E28	overlay_45_thumb_part18.c	asm/overlay_45_thumb	PASS
ov49_02258800	overlay_49_02258800_part01.c	asm/overlay_49_02258800	PASS
ov49_02258814	overlay_49_02258800_part01.c	asm/overlay_49_02258800	PASS
ov49_02258830	overlay_49_02258800_part01.c	asm/overlay_49_02258800	PASS
ov49_022588A0	overlay_49_02258800_part01.c	asm/overlay_49_02258800	PASS
ov49_02258958	overlay_49_02258800_part01.c	asm/overlay_49_02258800	PASS
ov49_02258994	overlay_49_02258800_part01.c	asm/overlay_49_02258800	PASS
ov49_022589A8	overlay_49_02258800_part01.c	asm/overlay_49_02258800	PASS
ov49_022589AC	overlay_49_02258800_part01.c	asm/overlay_49_02258800	PASS
ov49_022589B8	overlay_49_02258800_part01.c	asm/overlay_49_02258800	PASS
ov49_022589C4	overlay_49_02258800_part01.c	asm/overlay_49_02258800	PASS
ov49_022589D8	overlay_49_02258800_part01.c	asm/overlay_49_02258800	PASS
ov49_02258A30	overlay_49_02258800_part01.c	asm/overlay_49_02258800	PASS
ov49_02258A50	overlay_49_02258800_part01.c	asm/overlay_49_02258800	PASS
ov49_02258A70	overlay_49_02258800_part01.c	asm/overlay_49_02258800	PASS
ov49_02258A90	overlay_49_02258800_part01.c	asm/overlay_49_02258800	PASS
ov49_02258AB0	overlay_49_02258800_part01.c	asm/overlay_49_02258800	PASS
ov49_02258AB4	overlay_49_02258800_part01.c	asm/overlay_49_02258800	PASS
ov49_02258B20	overlay_49_02258800_part01.c	asm/overlay_49_02258800	PASS
ov49_02258B44	overlay_49_02258800_part01.c	asm/overlay_49_02258800	PASS
ov49_02258B5C	overlay_49_02258800_part01.c	asm/overlay_49_02258800	FAIL
ov49_02258BD4	overlay_49_02258800_part01.c	asm/overlay_49_02258800	PASS
ov49_02258BE0	overlay_49_02258800_part01.c	asm/overlay_49_02258800	PASS
ov49_02258BEC	overlay_49_02258800_part01.c	asm/overlay_49_02258800	PASS
ov49_02258C08	overlay_49_02258800_part01.c	asm/overlay_49_02258800	PASS
ov49_02258C1C	overlay_49_02258800_part01.c	asm/overlay_49_02258800	PASS
ov49_02258C28	overlay_49_02258800_part01.c	asm/overlay_49_02258800	PASS
ov49_02258C5C	overlay_49_02258800_part01.c	asm/overlay_49_02258800	PASS
ov49_02258CB8	overlay_49_02258800_part01.c	asm/overlay_49_02258800	PASS
ov49_02258D54	overlay_49_02258800_part01.c	asm/overlay_49_02258800	PASS
ov49_02258D70	overlay_49_02258800_part01.c	asm/overlay_49_02258800	PASS
ov49_02258DAC	overlay_49_02258800_part02.c	asm/overlay_49_02258800	PASS
ov49_02258DB0	overlay_49_02258800_part02.c	asm/overlay_49_02258800	PASS
ov49_02258DB4	overlay_49_02258800_part02.c	asm/overlay_49_02258800	PASS
ov49_02258E04	overlay_49_02258800_part02.c	asm/overlay_49_02258800	PASS
ov49_02258E34	overlay_49_02258800_part02.c	asm/overlay_49_02258800	PASS
ov49_02258E60	overlay_49_02258800_part02.c	asm/overlay_49_02258800	PASS
ov49_02258E7C	overlay_49_02258800_part02.c	asm/overlay_49_02258800	PASS
ov49_02258EAC	overlay_49_02258800_part02.c	asm/overlay_49_02258800	PASS
ov49_02258EEC	overlay_49_02258800_part02.c	asm/overlay_49_02258800	PASS
ov49_02258F38	overlay_49_02258800_part02.c	asm/overlay_49_02258800	PASS
ov49_02258F3C	overlay_49_02258800_part02.c	asm/overlay_49_02258800	PASS
ov49_02258F40	overlay_49_02258800_part02.c	asm/overlay_49_02258800	PASS
ov49_02258F70	overlay_49_02258800_part02.c	asm/overlay_49_02258800	PASS
ov49_02258F7C	overlay_49_02258800_part02.c	asm/overlay_49_02258800	PASS
ov49_02258FDC	overlay_49_02258800_part02.c	asm/overlay_49_02258800	PASS
ov49_0225904C	overlay_49_02258800_part02.c	asm/overlay_49_02258800	PASS
ov49_02259130	overlay_49_02258800_part02.c	asm/overlay_49_02258800	PASS
ov49_0225913C	overlay_49_02258800_part02.c	asm/overlay_49_02258800	PASS
ov49_02259148	overlay_49_02258800_part02.c	asm/overlay_49_02258800	PASS
ov49_02259154	overlay_49_02258800_part02.c	asm/overlay_49_02258800	PASS
ov49_02259160	overlay_49_02258800_part02.c	asm/overlay_49_02258800	PASS
ov49_0225916C	overlay_49_02258800_part02.c	asm/overlay_49_02258800	PASS
ov49_02259184	overlay_49_02258800_part02.c	asm/overlay_49_02258800	PASS
ov49_0225919C	overlay_49_02258800_part02.c	asm/overlay_49_02258800	PASS
ov49_022591B4	overlay_49_02258800_part02.c	asm/overlay_49_02258800	PASS
ov49_022591C0	overlay_49_02258800_part02.c	asm/overlay_49_02258800	PASS
ov49_022591CC	overlay_49_02258800_part02.c	asm/overlay_49_02258800	PASS
ov49_022591D8	overlay_49_02258800_part02.c	asm/overlay_49_02258800	PASS
ov49_0225927C	overlay_49_02258800_part02.c	asm/overlay_49_02258800	PASS
ov49_02259294	overlay_49_02258800_part02.c	asm/overlay_49_02258800	PASS
ov49_022592A8	overlay_49_02258800_part03.c	asm/overlay_49_02258800	PASS
ov49_02259320	overlay_49_02258800_part03.c	asm/overlay_49_02258800	PASS
ov49_0225932C	overlay_49_02258800_part03.c	asm/overlay_49_02258800	PASS
ov49_022593BC	overlay_49_02258800_part03.c	asm/overlay_49_02258800	PASS
ov49_022593C0	overlay_49_02258800_part03.c	asm/overlay_49_02258800	PASS
ov49_022593FC	overlay_49_02258800_part03.c	asm/overlay_49_02258800	PASS
ov49_0225940C	overlay_49_02258800_part03.c	asm/overlay_49_02258800	PASS
ov49_02259410	overlay_49_02258800_part03.c	asm/overlay_49_02258800	PASS
ov49_022594D8	overlay_49_02258800_part03.c	asm/overlay_49_02258800	PASS
ov49_0225A04C	overlay_49_022595CC_part02.c	asm/overlay_49_022595CC	PASS
ov49_0225A064	overlay_49_022595CC_part02.c	asm/overlay_49_022595CC	PASS
ov49_0225A06C	overlay_49_022595CC_part02.c	asm/overlay_49_022595CC	PASS
ov49_0225A084	overlay_49_022595CC_part02.c	asm/overlay_49_022595CC	PASS
ov49_0225A08C	overlay_49_022595CC_part02.c	asm/overlay_49_022595CC	PASS
ov49_0225A09C	overlay_49_022595CC_part02.c	asm/overlay_49_022595CC	PASS
ov49_0225A0AC	overlay_49_022595CC_part02.c	asm/overlay_49_022595CC	PASS
ov49_0225A0BC	overlay_49_022595CC_part02.c	asm/overlay_49_022595CC	PASS
ov49_0225A0CC	overlay_49_022595CC_part02.c	asm/overlay_49_022595CC	PASS
ov49_0225A0DC	overlay_49_022595CC_part02.c	asm/overlay_49_022595CC	PASS
ov49_0225A0EC	overlay_49_022595CC_part02.c	asm/overlay_49_022595CC	PASS
ov49_0225A0FC	overlay_49_022595CC_part02.c	asm/overlay_49_022595CC	PASS
ov49_0225A10C	overlay_49_022595CC_part02.c	asm/overlay_49_022595CC	PASS
ov49_0225A120	overlay_49_022595CC_part02.c	asm/overlay_49_022595CC	PASS
ov49_0225A134	overlay_49_022595CC_part02.c	asm/overlay_49_022595CC	PASS
ov49_0225A144	overlay_49_022595CC_part02.c	asm/overlay_49_022595CC	PASS
ov49_0225A154	overlay_49_0225A154_part01.c	asm/overlay_49_0225A154	PASS
ov49_0225A164	overlay_49_0225A154_part01.c	asm/overlay_49_0225A154	PASS
ov49_0225A174	overlay_49_0225A154_part01.c	asm/overlay_49_0225A154	PASS
ov49_0225A1A4	overlay_49_0225A154_part01.c	asm/overlay_49_0225A154	PASS
ov49_0225A1D4	overlay_49_0225A154_part01.c	asm/overlay_49_0225A154	PASS
ov49_0225A1E4	overlay_49_0225A154_part01.c	asm/overlay_49_0225A154	PASS
ov49_0225A1F4	overlay_49_0225A154_part01.c	asm/overlay_49_0225A154	PASS
ov49_0225A204	overlay_49_0225A154_part01.c	asm/overlay_49_0225A154	PASS
ov49_0225A22C	overlay_49_0225A154_part01.c	asm/overlay_49_0225A154	PASS
ov49_0225A23C	overlay_49_0225A154_part01.c	asm/overlay_49_0225A154	PASS
ov49_0225A24C	overlay_49_0225A154_part01.c	asm/overlay_49_0225A154	PASS
ov49_0225A264	overlay_49_0225A154_part01.c	asm/overlay_49_0225A154	PASS
ov49_0225A294	overlay_49_0225A154_part01.c	asm/overlay_49_0225A154	PASS
ov49_0225A2C4	overlay_49_0225A154_part01.c	asm/overlay_49_0225A154	PASS
ov49_0225A2F8	overlay_49_0225A154_part01.c	asm/overlay_49_0225A154	PASS
ov49_0225A30C	overlay_49_0225A154_part01.c	asm/overlay_49_0225A154	PASS
ov49_0225A31C	overlay_49_0225A154_part01.c	asm/overlay_49_0225A154	PASS
ov49_0225A334	overlay_49_0225A154_part01.c	asm/overlay_49_0225A154	PASS
ov49_0225A37C	overlay_49_0225A154_part01.c	asm/overlay_49_0225A154	PASS
ov49_0225A38C	overlay_49_0225A154_part01.c	asm/overlay_49_0225A154	PASS
ov49_0225A39C	overlay_49_0225A154_part01.c	asm/overlay_49_0225A154	PASS
ov49_0225A3AC	overlay_49_0225A154_part01.c	asm/overlay_49_0225A154	PASS
ov49_0225A3BC	overlay_49_0225A154_part01.c	asm/overlay_49_0225A154	PASS
ov49_0225A3CC	overlay_49_0225A154_part01.c	asm/overlay_49_0225A154	PASS
ov49_0225A3DC	overlay_49_0225A154_part01.c	asm/overlay_49_0225A154	PASS
ov49_0225A3EC	overlay_49_0225A154_part01.c	asm/overlay_49_0225A154	PASS
ov49_0225A3FC	overlay_49_0225A154_part01.c	asm/overlay_49_0225A154	PASS
ov49_0225A40C	overlay_49_0225A154_part01.c	asm/overlay_49_0225A154	PASS
ov49_0225A428	overlay_49_0225A154_part01.c	asm/overlay_49_0225A154	PASS
ov49_0225A478	overlay_49_0225A154_part01.c	asm/overlay_49_0225A154	PASS
ov49_0225AC5C	overlay_49_0225A154_part03.c	asm/overlay_49_0225A154	PASS
ov49_0225AC74	overlay_49_0225A154_part03.c	asm/overlay_49_0225A154	PASS
ov49_0225ACA8	overlay_49_0225A154_part03.c	asm/overlay_49_0225A154	PASS
ov49_0225ACBC	overlay_49_0225A154_part03.c	asm/overlay_49_0225A154	PASS
ov49_0225ACC4	overlay_49_0225A154_part03.c	asm/overlay_49_0225A154	PASS
ov49_0225AD20	overlay_49_0225A154_part03.c	asm/overlay_49_0225A154	PASS
ov49_0225AE4C	overlay_49_0225A154_part03.c	asm/overlay_49_0225A154	PASS
ov49_0225AEA8	overlay_49_0225A154_part03.c	asm/overlay_49_0225A154	FAIL
ov49_0225AEE0	overlay_49_0225A154_part03.c	asm/overlay_49_0225A154	PASS
ov49_0225AEF8	overlay_49_0225A154_part03.c	asm/overlay_49_0225A154	PASS
ov49_0225AF04	overlay_49_0225A154_part03.c	asm/overlay_49_0225A154	PASS
ov49_0225AF08	overlay_49_0225A154_part03.c	asm/overlay_49_0225A154	PASS
ov49_0225AF30	overlay_49_0225A154_part03.c	asm/overlay_49_0225A154	PASS
ov49_0225AFD8	overlay_49_0225A154_part03.c	asm/overlay_49_0225A154	PASS
ov49_0225B014	overlay_49_0225A154_part03.c	asm/overlay_49_0225A154	PASS
ov49_0225B058	overlay_49_0225A154_part03.c	asm/overlay_49_0225A154	PASS
ov49_0225B06C	overlay_49_0225A154_part03.c	asm/overlay_49_0225A154	PASS
ov49_0225B070	overlay_49_0225A154_part03.c	asm/overlay_49_0225A154	PASS
ov49_0225B0D4	overlay_49_0225A154_part03.c	asm/overlay_49_0225A154	PASS
ov49_0225B0D8	overlay_49_0225A154_part03.c	asm/overlay_49_0225A154	PASS
ov49_0225B0E0	overlay_49_0225A154_part03.c	asm/overlay_49_0225A154	PASS
ov49_0225B124	overlay_49_0225A154_part03.c	asm/overlay_49_0225A154	PASS
ov49_0225B148	overlay_49_0225A154_part03.c	asm/overlay_49_0225A154	PASS
ov49_0225B178	overlay_49_0225A154_part03.c	asm/overlay_49_0225A154	PASS
ov49_0225B198	overlay_49_0225A154_part03.c	asm/overlay_49_0225A154	PASS
ov49_0225B200	overlay_49_0225A154_part03.c	asm/overlay_49_0225A154	PASS
ov49_0225B214	overlay_49_0225A154_part03.c	asm/overlay_49_0225A154	PASS
ov49_0225B244	overlay_49_0225A154_part03.c	asm/overlay_49_0225A154	PASS
ov49_0225B24C	overlay_49_0225A154_part03.c	asm/overlay_49_0225A154	PASS
ov49_0225B284	overlay_49_0225A154_part03.c	asm/overlay_49_0225A154	PASS
ov49_0225B2C0	overlay_49_0225A154_part04.c	asm/overlay_49_0225A154	PASS
ov49_0225B2F0	overlay_49_0225A154_part04.c	asm/overlay_49_0225A154	PASS
ov49_0225B308	overlay_49_0225A154_part04.c	asm/overlay_49_0225A154	PASS
ov49_0225B35C	overlay_49_0225A154_part04.c	asm/overlay_49_0225A154	PASS
ov49_0225B388	overlay_49_0225A154_part04.c	asm/overlay_49_0225A154	PASS
ov49_0225B3A8	overlay_49_0225A154_part04.c	asm/overlay_49_0225A154	PASS
ov49_0225B3C8	overlay_49_0225A154_part04.c	asm/overlay_49_0225A154	PASS
ov49_0225B3D8	overlay_49_0225A154_part04.c	asm/overlay_49_0225A154	PASS
ov49_0225B3E8	overlay_49_0225A154_part04.c	asm/overlay_49_0225A154	PASS
ov49_0225B3F8	overlay_49_0225A154_part04.c	asm/overlay_49_0225A154	PASS
ov49_0225B408	overlay_49_0225A154_part04.c	asm/overlay_49_0225A154	PASS
ov49_0225B418	overlay_49_0225A154_part04.c	asm/overlay_49_0225A154	PASS
ov49_0225B42C	overlay_49_0225A154_part04.c	asm/overlay_49_0225A154	PASS
ov49_0225B438	overlay_49_0225A154_part04.c	asm/overlay_49_0225A154	PASS
ov49_0225B444	overlay_49_0225A154_part04.c	asm/overlay_49_0225A154	PASS
ov49_0225B450	overlay_49_0225A154_part04.c	asm/overlay_49_0225A154	PASS
ov49_0225B4E4	overlay_49_0225A154_part04.c	asm/overlay_49_0225A154	PASS
ov49_0225B518	overlay_49_0225A154_part04.c	asm/overlay_49_0225A154	FAIL
ov49_0225B898	overlay_49_0225A154_part04.c	asm/overlay_49_0225A154	PASS
ov49_0225B89C	overlay_49_0225A154_part04.c	asm/overlay_49_0225A154	PASS
ov49_0225B8A8	overlay_49_0225A154_part04.c	asm/overlay_49_0225A154	PASS
ov49_0225B8E0	overlay_49_0225A154_part04.c	asm/overlay_49_0225A154	PASS
ov49_0225B8EC	overlay_49_0225A154_part04.c	asm/overlay_49_0225A154	PASS
ov49_0225B8F8	overlay_49_0225A154_part04.c	asm/overlay_49_0225A154	PASS
ov49_0225B8FC	overlay_49_0225A154_part04.c	asm/overlay_49_0225A154	PASS
ov49_0225B914	overlay_49_0225A154_part04.c	asm/overlay_49_0225A154	PASS
ov49_0225B928	overlay_49_0225A154_part04.c	asm/overlay_49_0225A154	PASS
ov49_0225B934	overlay_49_0225A154_part04.c	asm/overlay_49_0225A154	PASS
ov49_0225B944	overlay_49_0225A154_part04.c	asm/overlay_49_0225A154	PASS
ov49_0225B99C	overlay_49_0225A154_part04.c	asm/overlay_49_0225A154	PASS
ov49_0225C78C	overlay_49_0225A154_part06.c	asm/overlay_49_0225A154	PASS
ov49_0225C828	overlay_49_0225A154_part06.c	asm/overlay_49_0225A154	PASS
ov49_0225C844	overlay_49_0225A154_part06.c	asm/overlay_49_0225A154	PASS
ov49_0225C8A8	overlay_49_0225A154_part06.c	asm/overlay_49_0225A154	PASS
ov49_0225C8D4	overlay_49_0225A154_part06.c	asm/overlay_49_0225A154	PASS
ov49_0225C970	overlay_49_0225A154_part06.c	asm/overlay_49_0225A154	PASS
ov49_0225CA30	overlay_49_0225A154_part06.c	asm/overlay_49_0225A154	PASS
ov49_0225CAA8	overlay_49_0225A154_part06.c	asm/overlay_49_0225A154	PASS
ov49_0225CAD4	overlay_49_0225A154_part06.c	asm/overlay_49_0225A154	PASS
ov49_0225CB50	overlay_49_0225CB50_part01.c	asm/overlay_49_0225CB50	PASS
ov49_0225CB68	overlay_49_0225CB50_part01.c	asm/overlay_49_0225CB50	PASS
ov49_0225CB70	overlay_49_0225CB50_part01.c	asm/overlay_49_0225CB50	PASS
ov49_0225CB78	overlay_49_0225CB50_part01.c	asm/overlay_49_0225CB50	PASS
ov49_0225CBDC	overlay_49_0225CB50_part01.c	asm/overlay_49_0225CB50	PASS
ov49_0225CBF4	overlay_49_0225CB50_part01.c	asm/overlay_49_0225CB50	PASS
ov49_0225CC20	overlay_49_0225CB50_part01.c	asm/overlay_49_0225CB50	PASS
ov49_0225CC28	overlay_49_0225CB50_part01.c	asm/overlay_49_0225CB50	PASS
ov49_0225CC40	overlay_49_0225CB50_part01.c	asm/overlay_49_0225CB50	PASS
ov49_0225CC44	overlay_49_0225CB50_part01.c	asm/overlay_49_0225CB50	PASS
ov49_0225CC4C	overlay_49_0225CB50_part01.c	asm/overlay_49_0225CB50	PASS
ov49_0225CCC0	overlay_49_0225CB50_part01.c	asm/overlay_49_0225CB50	PASS
ov49_0225CCF0	overlay_49_0225CB50_part01.c	asm/overlay_49_0225CB50	PASS
ov49_0225CD58	overlay_49_0225CB50_part01.c	asm/overlay_49_0225CB50	PASS
ov49_0225CDE8	overlay_49_0225CB50_part01.c	asm/overlay_49_0225CB50	PASS
ov49_0225CDEC	overlay_49_0225CB50_part01.c	asm/overlay_49_0225CB50	PASS
ov49_0225CE88	overlay_49_0225CB50_part01.c	asm/overlay_49_0225CB50	PASS
ov49_0225CED0	overlay_49_0225CB50_part01.c	asm/overlay_49_0225CB50	PASS
ov49_0225CEFC	overlay_49_0225CB50_part01.c	asm/overlay_49_0225CB50	PASS
ov49_0225CF28	overlay_49_0225CB50_part01.c	asm/overlay_49_0225CB50	PASS
ov49_0225CF94	overlay_49_0225CB50_part01.c	asm/overlay_49_0225CB50	PASS
ov49_0225CFA8	overlay_49_0225CB50_part01.c	asm/overlay_49_0225CB50	PASS
ov49_0225CFEC	overlay_49_0225CB50_part01.c	asm/overlay_49_0225CB50	PASS
ov49_0225D030	overlay_49_0225CB50_part01.c	asm/overlay_49_0225CB50	PASS
ov49_0225D040	overlay_49_0225CB50_part01.c	asm/overlay_49_0225CB50	PASS
ov49_0225D04C	overlay_49_0225CB50_part01.c	asm/overlay_49_0225CB50	PASS
ov49_0225D064	overlay_49_0225CB50_part01.c	asm/overlay_49_0225CB50	PASS
ov49_0225D07C	overlay_49_0225CB50_part01.c	asm/overlay_49_0225CB50	PASS
ov49_0225D088	overlay_49_0225CB50_part01.c	asm/overlay_49_0225CB50	PASS
ov49_0225D090	overlay_49_0225CB50_part01.c	asm/overlay_49_0225CB50	PASS
ov49_0225D098	overlay_49_0225CB50_part02.c	asm/overlay_49_0225CB50	PASS
ov49_0225D160	overlay_49_0225CB50_part02.c	asm/overlay_49_0225CB50	PASS
ov49_0225D1C0	overlay_49_0225CB50_part02.c	asm/overlay_49_0225CB50	PASS
ov49_0225D1C4	overlay_49_0225CB50_part02.c	asm/overlay_49_0225CB50	PASS
ov49_0225D1EC	overlay_49_0225CB50_part02.c	asm/overlay_49_0225CB50	PASS
ov49_0225D214	overlay_49_0225CB50_part02.c	asm/overlay_49_0225CB50	PASS
ov49_0225D224	overlay_49_0225CB50_part02.c	asm/overlay_49_0225CB50	PASS
ov49_0225D328	overlay_49_0225CB50_part02.c	asm/overlay_49_0225CB50	PASS
ov49_0225D394	overlay_49_0225CB50_part02.c	asm/overlay_49_0225CB50	PASS
ov49_0225D3BC	overlay_49_0225CB50_part02.c	asm/overlay_49_0225CB50	PASS
ov49_0225D3F8	overlay_49_0225CB50_part02.c	asm/overlay_49_0225CB50	PASS
ov49_0225D450	overlay_49_0225CB50_part02.c	asm/overlay_49_0225CB50	PASS
ov49_0225D470	overlay_49_0225CB50_part02.c	asm/overlay_49_0225CB50	PASS
ov49_0225D494	overlay_49_0225CB50_part02.c	asm/overlay_49_0225CB50	PASS
ov49_0225D4A0	overlay_49_0225CB50_part02.c	asm/overlay_49_0225CB50	PASS
ov49_0225D4C8	overlay_49_0225CB50_part02.c	asm/overlay_49_0225CB50	PASS
ov49_0225D4D0	overlay_49_0225CB50_part02.c	asm/overlay_49_0225CB50	PASS
ov49_0225D4E8	overlay_49_0225CB50_part02.c	asm/overlay_49_0225CB50	PASS
ov49_0225D4F0	overlay_49_0225CB50_part02.c	asm/overlay_49_0225CB50	PASS
ov49_0225D4FC	overlay_49_0225CB50_part02.c	asm/overlay_49_0225CB50	PASS
ov49_0225D520	overlay_49_0225CB50_part02.c	asm/overlay_49_0225CB50	PASS
ov49_0225D528	overlay_49_0225CB50_part02.c	asm/overlay_49_0225CB50	PASS
ov49_0225D574	overlay_49_0225CB50_part02.c	asm/overlay_49_0225CB50	PASS
ov49_0225D57C	overlay_49_0225CB50_part02.c	asm/overlay_49_0225CB50	PASS
ov49_0225D5A0	overlay_49_0225CB50_part02.c	asm/overlay_49_0225CB50	PASS
ov49_0225D5C8	overlay_49_0225CB50_part02.c	asm/overlay_49_0225CB50	PASS
ov49_0225D5E4	overlay_49_0225CB50_part02.c	asm/overlay_49_0225CB50	PASS
ov49_0225D5FC	overlay_49_0225CB50_part02.c	asm/overlay_49_0225CB50	PASS
ov49_0225EE4C	overlay_49_0225D6AC_part03.c	asm/overlay_49_0225D6AC	PASS
ov49_0225EEAC	overlay_49_0225EEAC_part01.c	asm/overlay_49_0225EEAC	PASS
ov49_0225EEF8	overlay_49_0225EEAC_part01.c	asm/overlay_49_0225EEAC	PASS
ov49_0225EF24	overlay_49_0225EEAC_part01.c	asm/overlay_49_0225EEAC	PASS
ov49_0225EF30	overlay_49_0225EEAC_part01.c	asm/overlay_49_0225EEAC	PASS
ov49_0225EF3C	overlay_49_0225EEAC_part01.c	asm/overlay_49_0225EEAC	PASS
ov49_0225EF40	overlay_49_0225EEAC_part01.c	asm/overlay_49_0225EEAC	PASS
ov49_0225EF68	overlay_49_0225EEAC_part01.c	asm/overlay_49_0225EEAC	PASS
ov49_0225EF84	overlay_49_0225EEAC_part01.c	asm/overlay_49_0225EEAC	PASS
ov49_0225EF88	overlay_49_0225EEAC_part01.c	asm/overlay_49_0225EEAC	PASS
ov49_0225EF8C	overlay_49_0225EEAC_part01.c	asm/overlay_49_0225EEAC	PASS
ov49_0225EF90	overlay_49_0225EEAC_part01.c	asm/overlay_49_0225EEAC	PASS
ov49_0225EF98	overlay_49_0225EEAC_part01.c	asm/overlay_49_0225EEAC	PASS
ov49_0225EFC4	overlay_49_0225EEAC_part01.c	asm/overlay_49_0225EEAC	PASS
ov49_0225EFF0	overlay_49_0225EEAC_part01.c	asm/overlay_49_0225EEAC	PASS
ov49_0225F018	overlay_49_0225EEAC_part01.c	asm/overlay_49_0225EEAC	PASS
ov49_0225F068	overlay_49_0225EEAC_part01.c	asm/overlay_49_0225EEAC	PASS
ov49_0225F074	overlay_49_0225EEAC_part01.c	asm/overlay_49_0225EEAC	PASS
ov49_0225F098	overlay_49_0225EEAC_part01.c	asm/overlay_49_0225EEAC	FAIL
ov49_0225F0D8	overlay_49_0225EEAC_part01.c	asm/overlay_49_0225EEAC	PASS
ov49_0225F10C	overlay_49_0225EEAC_part01.c	asm/overlay_49_0225EEAC	PASS
ov49_0225F110	overlay_49_0225EEAC_part01.c	asm/overlay_49_0225EEAC	PASS
ov49_0225F148	overlay_49_0225EEAC_part01.c	asm/overlay_49_0225EEAC	PASS
ov49_0225F170	overlay_49_0225EEAC_part01.c	asm/overlay_49_0225EEAC	PASS
ov49_0225F180	overlay_49_0225EEAC_part01.c	asm/overlay_49_0225EEAC	PASS
ov49_0225F190	overlay_49_0225EEAC_part01.c	asm/overlay_49_0225EEAC	PASS
ov49_0225F19C	overlay_49_0225EEAC_part01.c	asm/overlay_49_0225EEAC	PASS
ov49_0225F1A8	overlay_49_0225EEAC_part01.c	asm/overlay_49_0225EEAC	PASS
ov49_0225F1F0	overlay_49_0225EEAC_part01.c	asm/overlay_49_0225EEAC	PASS
ov49_0225F224	overlay_49_0225EEAC_part01.c	asm/overlay_49_0225EEAC	FAIL
ov49_0225F260	overlay_49_0225EEAC_part01.c	asm/overlay_49_0225EEAC	PASS
ov49_022652E8	overlay_49_022649F4_part02.c	asm/overlay_49_022649F4	FAIL
ov49_0226535C	overlay_49_022649F4_part02.c	asm/overlay_49_022649F4	PASS
ov49_02265378	overlay_49_022649F4_part02.c	asm/overlay_49_022649F4	PASS
ov49_02265398	overlay_49_022649F4_part02.c	asm/overlay_49_022649F4	PASS
ov49_022653C0	overlay_49_022649F4_part02.c	asm/overlay_49_022649F4	PASS
ov49_022653F0	overlay_49_022649F4_part02.c	asm/overlay_49_022649F4	PASS
ov49_0226540C	overlay_49_022649F4_part02.c	asm/overlay_49_022649F4	PASS
ov49_02265434	overlay_49_022649F4_part02.c	asm/overlay_49_022649F4	PASS
ov49_022655E0	overlay_49_022655E0_part01.c	asm/overlay_49_022655E0	PASS
ov49_022655F4	overlay_49_022655E0_part01.c	asm/overlay_49_022655E0	PASS
ov49_02265628	overlay_49_022655E0_part01.c	asm/overlay_49_022655E0	PASS
ov49_02265660	overlay_49_022655E0_part01.c	asm/overlay_49_022655E0	PASS
ov49_02265668	overlay_49_022655E0_part01.c	asm/overlay_49_022655E0	PASS
ov49_02265698	overlay_49_022655E0_part01.c	asm/overlay_49_022655E0	FAIL
ov49_0226571C	overlay_49_022655E0_part01.c	asm/overlay_49_022655E0	PASS
ov49_02265738	overlay_49_022655E0_part01.c	asm/overlay_49_022655E0	PASS
ov49_02265760	overlay_49_022655E0_part01.c	asm/overlay_49_022655E0	PASS
ov49_022657B4	overlay_49_022655E0_part01.c	asm/overlay_49_022655E0	PASS
ov49_02265858	overlay_49_022655E0_part01.c	asm/overlay_49_022655E0	PASS
ov49_02265890	overlay_49_022655E0_part01.c	asm/overlay_49_022655E0	PASS
ov49_022658E4	overlay_49_022655E0_part01.c	asm/overlay_49_022655E0	PASS
ov49_02265920	overlay_49_022655E0_part01.c	asm/overlay_49_022655E0	PASS
ov49_02265948	overlay_49_022655E0_part01.c	asm/overlay_49_022655E0	PASS
ov49_02265958	overlay_49_022655E0_part01.c	asm/overlay_49_022655E0	PASS
ov49_02265968	overlay_49_022655E0_part01.c	asm/overlay_49_022655E0	PASS
ov49_02265980	overlay_49_022655E0_part01.c	asm/overlay_49_022655E0	FAIL
ov49_022659D0	overlay_49_022655E0_part01.c	asm/overlay_49_022655E0	PASS
ov49_02265B14	overlay_49_022655E0_part01.c	asm/overlay_49_022655E0	PASS
ov49_02265B28	overlay_49_022655E0_part01.c	asm/overlay_49_022655E0	PASS
ov49_02265B3C	overlay_49_022655E0_part01.c	asm/overlay_49_022655E0	PASS
ov49_02265B94	overlay_49_022655E0_part01.c	asm/overlay_49_022655E0	PASS
ov49_02265BE8	overlay_49_022655E0_part01.c	asm/overlay_49_022655E0	PASS
ov49_02265C40	overlay_49_022655E0_part01.c	asm/overlay_49_022655E0	PASS
ov49_02265C68	overlay_49_022655E0_part01.c	asm/overlay_49_022655E0	PASS
ov49_02265C74	overlay_49_022655E0_part01.c	asm/overlay_49_022655E0	PASS
ov49_02265C80	overlay_49_022655E0_part01.c	asm/overlay_49_022655E0	PASS
ov49_02265C8C	overlay_49_022655E0_part01.c	asm/overlay_49_022655E0	PASS
ov49_02265C98	overlay_49_022655E0_part01.c	asm/overlay_49_022655E0	PASS
ov49_02268ADC	overlay_49_02267F94_part02.c	asm/overlay_49_02267F94	PASS
ov49_02268B04	overlay_49_02267F94_part02.c	asm/overlay_49_02267F94	PASS
ov49_02268B08	overlay_49_02267F94_part02.c	asm/overlay_49_02267F94	PASS
ov49_02268B0C	overlay_49_02267F94_part02.c	asm/overlay_49_02267F94	PASS
ov49_02268B90	overlay_49_02267F94_part02.c	asm/overlay_49_02267F94	PASS
ov49_02268C2C	overlay_49_02267F94_part02.c	asm/overlay_49_02267F94	PASS
ov49_02268C74	overlay_49_02267F94_part02.c	asm/overlay_49_02267F94	PASS
ov49_02268CAC	overlay_49_02267F94_part02.c	asm/overlay_49_02267F94	PASS
ov49_02268CBC	overlay_49_02267F94_part02.c	asm/overlay_49_02267F94	PASS
ov49_02268CCC	overlay_49_02267F94_part02.c	asm/overlay_49_02267F94	PASS
ov49_02268CDC	overlay_49_02267F94_part02.c	asm/overlay_49_02267F94	PASS
ov49_02268CEC	overlay_49_02267F94_part02.c	asm/overlay_49_02267F94	PASS
ov49_02268D0C	overlay_49_02267F94_part02.c	asm/overlay_49_02267F94	PASS
ov56_021E6D90	overlay_56_part02.c	asm/overlay_56	PASS
ov69_021E7198	overlay_69_part02.c	asm/overlay_69	PASS
ov69_021E737C	overlay_69_part02.c	asm/overlay_69	PASS
ov69_021E7408	overlay_69_part02.c	asm/overlay_69	PASS
ov69_021E7520	overlay_69_part02.c	asm/overlay_69	PASS
ov69_021E758C	overlay_69_part02.c	asm/overlay_69	PASS
ov69_021E75A0	overlay_69_part02.c	asm/overlay_69	PASS
ov69_021E75F8	overlay_69_part02.c	asm/overlay_69	PASS
ov71_022473BC	overlay_71_part02.c	asm/overlay_71	PASS
ov71_022473C4	overlay_71_part02.c	asm/overlay_71	PASS
ov71_022473D0	overlay_71_part02.c	asm/overlay_71	PASS
ov71_022473DC	overlay_71_part02.c	asm/overlay_71	PASS
ov71_022473E4	overlay_71_part02.c	asm/overlay_71	PASS
ov71_022473F0	overlay_71_part02.c	asm/overlay_71	PASS
ov71_02247424	overlay_71_part02.c	asm/overlay_71	PASS
ov71_0224744C	overlay_71_part02.c	asm/overlay_71	PASS
ov71_02247498	overlay_71_part02.c	asm/overlay_71	PASS
ov71_022474CC	overlay_71_part02.c	asm/overlay_71	PASS
ov71_02247514	overlay_71_part02.c	asm/overlay_71	PASS
ov71_022475C4	overlay_71_part02.c	asm/overlay_71	PASS
ov71_022475F8	overlay_71_part02.c	asm/overlay_71	PASS
ov71_02247610	overlay_71_part02.c	asm/overlay_71	PASS
ov71_022476B4	overlay_71_part02.c	asm/overlay_71	PASS
ov71_022476C4	overlay_71_part02.c	asm/overlay_71	PASS
ov71_022476D4	overlay_71_part02.c	asm/overlay_71	PASS
ov71_022476EC	overlay_71_part02.c	asm/overlay_71	PASS
ov71_02247704	overlay_71_part02.c	asm/overlay_71	PASS
ov71_02247708	overlay_71_part02.c	asm/overlay_71	PASS
ov71_02247730	overlay_71_part02.c	asm/overlay_71	PASS
ov71_02247738	overlay_71_part02.c	asm/overlay_71	PASS
ov71_022477EC	overlay_71_part02.c	asm/overlay_71	PASS
ov71_0224780C	overlay_71_part02.c	asm/overlay_71	PASS
ov71_0224781C	overlay_71_part02.c	asm/overlay_71	PASS
ov71_0224782C	overlay_71_part02.c	asm/overlay_71	PASS
ov71_0224783C	overlay_71_part02.c	asm/overlay_71	PASS
ov71_0224784C	overlay_71_part02.c	asm/overlay_71	PASS
ov71_022478B8	overlay_71_part02.c	asm/overlay_71	PASS
ov71_022478C8	overlay_71_part02.c	asm/overlay_71	PASS
ov71_0224BABC	overlay_71_part08.c	asm/overlay_71	PASS
ov74_02230D18	overlay_74_thumb_part09.c	asm/overlay_74_thumb	PASS
ov74_02230D28	overlay_74_thumb_part09.c	asm/overlay_74_thumb	PASS
ov74_02230D6C	overlay_74_thumb_part09.c	asm/overlay_74_thumb	PASS
ov74_02230D80	overlay_74_thumb_part09.c	asm/overlay_74_thumb	PASS
ov74_02230DB8	overlay_74_thumb_part09.c	asm/overlay_74_thumb	PASS
ov74_02230DF4	overlay_74_thumb_part09.c	asm/overlay_74_thumb	PASS
ov74_02230E44	overlay_74_thumb_part09.c	asm/overlay_74_thumb	PASS
ov74_02230E7C	overlay_74_thumb_part09.c	asm/overlay_74_thumb	PASS
ov74_02230E94	overlay_74_thumb_part09.c	asm/overlay_74_thumb	PASS
ov74_02230EB4	overlay_74_thumb_part09.c	asm/overlay_74_thumb	PASS
ov74_02230EE8	overlay_74_thumb_part09.c	asm/overlay_74_thumb	PASS
ov74_02230F14	overlay_74_thumb_part09.c	asm/overlay_74_thumb	PASS
ov74_02230F40	overlay_74_thumb_part09.c	asm/overlay_74_thumb	PASS
ov74_02230F6C	overlay_74_thumb_part09.c	asm/overlay_74_thumb	PASS
ov74_02230F98	overlay_74_thumb_part09.c	asm/overlay_74_thumb	PASS
ov74_02230FD4	overlay_74_thumb_part09.c	asm/overlay_74_thumb	PASS
ov74_02231008	overlay_74_thumb_part09.c	asm/overlay_74_thumb	PASS
ov74_02231048	overlay_74_thumb_part09.c	asm/overlay_74_thumb	PASS
ov74_02231054	overlay_74_thumb_part09.c	asm/overlay_74_thumb	PASS
ov74_0223105C	overlay_74_thumb_part09.c	asm/overlay_74_thumb	PASS
ov74_02231064	overlay_74_thumb_part09.c	asm/overlay_74_thumb	PASS
ov74_02231070	overlay_74_thumb_part09.c	asm/overlay_74_thumb	PASS
ov74_0223107C	overlay_74_thumb_part09.c	asm/overlay_74_thumb	PASS
ov74_02231088	overlay_74_thumb_part09.c	asm/overlay_74_thumb	PASS
ov74_02231094	overlay_74_thumb_part09.c	asm/overlay_74_thumb	PASS
ov74_022310A0	overlay_74_thumb_part09.c	asm/overlay_74_thumb	PASS
ov74_022310AC	overlay_74_thumb_part09.c	asm/overlay_74_thumb	PASS
ov74_022310B8	overlay_74_thumb_part09.c	asm/overlay_74_thumb	PASS
ov74_022310C4	overlay_74_thumb_part09.c	asm/overlay_74_thumb	PASS
ov74_022310D0	overlay_74_thumb_part09.c	asm/overlay_74_thumb	PASS
ov74_022310DC	overlay_74_thumb_part10.c	asm/overlay_74_thumb	PASS
ov74_022310E8	overlay_74_thumb_part10.c	asm/overlay_74_thumb	PASS
ov74_022310F4	overlay_74_thumb_part10.c	asm/overlay_74_thumb	PASS
ov74_02231100	overlay_74_thumb_part10.c	asm/overlay_74_thumb	PASS
ov74_0223110C	overlay_74_thumb_part10.c	asm/overlay_74_thumb	PASS
ov74_02231118	overlay_74_thumb_part10.c	asm/overlay_74_thumb	PASS
ov74_02231124	overlay_74_thumb_part10.c	asm/overlay_74_thumb	PASS
ov74_02231130	overlay_74_thumb_part10.c	asm/overlay_74_thumb	PASS
ov74_0223113C	overlay_74_thumb_part10.c	asm/overlay_74_thumb	PASS
ov74_02231148	overlay_74_thumb_part10.c	asm/overlay_74_thumb	PASS
ov74_02231154	overlay_74_thumb_part10.c	asm/overlay_74_thumb	PASS
ov74_0223115C	overlay_74_thumb_part10.c	asm/overlay_74_thumb	PASS
ov74_02231164	overlay_74_thumb_part10.c	asm/overlay_74_thumb	PASS
ov74_02231184	overlay_74_thumb_part10.c	asm/overlay_74_thumb	PASS
ov74_02231194	overlay_74_thumb_part10.c	asm/overlay_74_thumb	PASS
ov74_022311A0	overlay_74_thumb_part10.c	asm/overlay_74_thumb	PASS
ov74_022311AC	overlay_74_thumb_part10.c	asm/overlay_74_thumb	PASS
ov74_022311BC	overlay_74_thumb_part10.c	asm/overlay_74_thumb	PASS
ov74_022311CC	overlay_74_thumb_part10.c	asm/overlay_74_thumb	PASS
ov74_022311D8	overlay_74_thumb_part10.c	asm/overlay_74_thumb	PASS
ov74_022311DC	overlay_74_thumb_part10.c	asm/overlay_74_thumb	PASS
ov74_022311E8	overlay_74_thumb_part10.c	asm/overlay_74_thumb	PASS
ov74_022311F4	overlay_74_thumb_part10.c	asm/overlay_74_thumb	PASS
ov74_02231214	overlay_74_thumb_part10.c	asm/overlay_74_thumb	PASS
ov74_02231238	overlay_74_thumb_part10.c	asm/overlay_74_thumb	PASS
ov74_02231260	overlay_74_thumb_part10.c	asm/overlay_74_thumb	PASS
ov74_02231264	overlay_74_thumb_part10.c	asm/overlay_74_thumb	PASS
ov74_0223127C	overlay_74_thumb_part10.c	asm/overlay_74_thumb	PASS
ov74_022312C0	overlay_74_thumb_part10.c	asm/overlay_74_thumb	PASS
ov74_022313F0	overlay_74_thumb_part10.c	asm/overlay_74_thumb	PASS
ov75_02246960	overlay_75_part01.c	asm/overlay_75	PASS
ov75_022469D8	overlay_75_part01.c	asm/overlay_75	PASS
ov75_02246B00	overlay_75_part01.c	asm/overlay_75	PASS
ov75_02246B48	overlay_75_part01.c	asm/overlay_75	PASS
ov75_02246B98	overlay_75_part01.c	asm/overlay_75	PASS
ov75_02246BCC	overlay_75_part01.c	asm/overlay_75	PASS
ov75_02246BD8	overlay_75_part01.c	asm/overlay_75	PASS
ov75_02246BE0	overlay_75_part01.c	asm/overlay_75	PASS
ov75_02246BE8	overlay_75_part01.c	asm/overlay_75	PASS
ov75_02246BF0	overlay_75_part01.c	asm/overlay_75	PASS
ov75_02246C18	overlay_75_part01.c	asm/overlay_75	PASS
ov75_02246C3C	overlay_75_part01.c	asm/overlay_75	PASS
ov75_02246C68	overlay_75_part01.c	asm/overlay_75	PASS
ov75_02246C8C	overlay_75_part01.c	asm/overlay_75	PASS
ov75_02246CA0	overlay_75_part01.c	asm/overlay_75	PASS
ov75_02246CB8	overlay_75_part01.c	asm/overlay_75	PASS
ov75_02246CCC	overlay_75_part01.c	asm/overlay_75	PASS
ov75_02246CD8	overlay_75_part01.c	asm/overlay_75	PASS
ov75_02246CE0	overlay_75_part01.c	asm/overlay_75	PASS
ov75_02246CE8	overlay_75_part01.c	asm/overlay_75	PASS
ov75_02246CF0	overlay_75_part01.c	asm/overlay_75	PASS
ov75_02246CF8	overlay_75_part01.c	asm/overlay_75	PASS
ov75_02246D00	overlay_75_part01.c	asm/overlay_75	PASS
ov75_02246D04	overlay_75_part01.c	asm/overlay_75	PASS
ov75_02246D08	overlay_75_part01.c	asm/overlay_75	PASS
ov75_02246D40	overlay_75_part01.c	asm/overlay_75	PASS
ov75_02246DB4	overlay_75_part01.c	asm/overlay_75	PASS
ov75_02246DFC	overlay_75_part01.c	asm/overlay_75	FAIL
ov75_02246E3C	overlay_75_part01.c	asm/overlay_75	PASS
ov75_02246E78	overlay_75_part01.c	asm/overlay_75	FAIL
FrtCmd_092	overlay_80_0222F608.c	asm/overlay_80_0222F608	PASS
FrtCmd_093	overlay_80_0222F608.c	asm/overlay_80_0222F608	PASS
FrtCmd_094	overlay_80_0222F608.c	asm/overlay_80_0222F608	PASS
FrtCmd_095	overlay_80_0222F608.c	asm/overlay_80_0222F608	FAIL
FrtCmd_096	overlay_80_0222F608.c	asm/overlay_80_0222F608	PASS
FrtCmd_097	overlay_80_0222F608.c	asm/overlay_80_0222F608	PASS
FrtCmd_098	overlay_80_0222F608.c	asm/overlay_80_0222F608	FAIL
FrtCmd_099	overlay_80_0222F608.c	asm/overlay_80_0222F608	PASS
FrtCmd_100	overlay_80_0222F608.c	asm/overlay_80_0222F608	PASS
FrtCmd_101	overlay_80_0222F608.c	asm/overlay_80_0222F608	PASS
FrtCmd_102	overlay_80_0222F608.c	asm/overlay_80_0222F608	PASS
FrtCmd_103	overlay_80_0222F608.c	asm/overlay_80_0222F608	PASS
FrtCmd_104	overlay_80_0222F608.c	asm/overlay_80_0222F608	PASS
FrtCmd_105	overlay_80_0222F608.c	asm/overlay_80_0222F608	PASS
FrtCmd_106	overlay_80_0222F608.c	asm/overlay_80_0222F608	PASS
FrtCmd_107	overlay_80_0222F608.c	asm/overlay_80_0222F608	PASS
ov80_0222F7CC	overlay_80_0222F608.c	asm/overlay_80_0222F608	PASS
ov80_0222FC08	overlay_80_0222F608.c	asm/overlay_80_0222F608	FAIL
ov80_0222FCA0	overlay_80_0222F608.c	asm/overlay_80_0222F608	PASS
ov80_02234E98	overlay_80_022340E8_part02.c	asm/overlay_80_022340E8	PASS
ov80_02234ECC	overlay_80_022340E8_part02.c	asm/overlay_80_022340E8	PASS
ov80_02234F28	overlay_80_022340E8_part02.c	asm/overlay_80_022340E8	PASS
ov80_02234FAC	overlay_80_022340E8_part02.c	asm/overlay_80_022340E8	PASS
ov80_02235024	overlay_80_022340E8_part02.c	asm/overlay_80_022340E8	PASS
ov80_0223509C	overlay_80_022340E8_part02.c	asm/overlay_80_022340E8	PASS
ov80_02235118	overlay_80_022340E8_part02.c	asm/overlay_80_022340E8	PASS
ov80_022351AC	overlay_80_022340E8_part02.c	asm/overlay_80_022340E8	PASS
ov80_02235208	overlay_80_022340E8_part02.c	asm/overlay_80_022340E8	PASS
ov80_02235264	overlay_80_022340E8_part02.c	asm/overlay_80_022340E8	PASS
ov80_022352BC	overlay_80_022340E8_part02.c	asm/overlay_80_022340E8	PASS
ov80_022352C8	overlay_80_022340E8_part02.c	asm/overlay_80_022340E8	PASS
ov80_022352D0	overlay_80_022340E8_part02.c	asm/overlay_80_022340E8	PASS
ov80_022352D8	overlay_80_022340E8_part02.c	asm/overlay_80_022340E8	PASS
ov80_022352E0	overlay_80_022340E8_part02.c	asm/overlay_80_022340E8	PASS
ov80_022352E8	overlay_80_022340E8_part02.c	asm/overlay_80_022340E8	PASS
ov80_022352F4	overlay_80_022340E8_part02.c	asm/overlay_80_022340E8	PASS
ov80_02235300	overlay_80_022340E8_part02.c	asm/overlay_80_022340E8	PASS
ov80_0223530C	overlay_80_022340E8_part02.c	asm/overlay_80_022340E8	PASS
ov80_02235314	overlay_80_022340E8_part02.c	asm/overlay_80_022340E8	PASS
ov80_02235318	overlay_80_022340E8_part02.c	asm/overlay_80_022340E8	PASS
ov80_0223531C	overlay_80_022340E8_part02.c	asm/overlay_80_022340E8	PASS
ov80_02235320	overlay_80_022340E8_part02.c	asm/overlay_80_022340E8	PASS
ov80_02235324	overlay_80_022340E8_part02.c	asm/overlay_80_022340E8	PASS
ov80_02235364	overlay_80_022340E8_part02.c	asm/overlay_80_022340E8	PASS
FrtCmd_091	overlay_80_02235438.c	asm/overlay_80_02235438	PASS
FrtCmd_132	overlay_80_02235438.c	asm/overlay_80_02235438	PASS
FrtCmd_133	overlay_80_02235438.c	asm/overlay_80_02235438	PASS
FrtCmd_134	overlay_80_02235438.c	asm/overlay_80_02235438	PASS
FrtCmd_135	overlay_80_02235438.c	asm/overlay_80_02235438	PASS
FrtCmd_136	overlay_80_02235438.c	asm/overlay_80_02235438	PASS
FrtCmd_137	overlay_80_02235438.c	asm/overlay_80_02235438	PASS
FrtCmd_138	overlay_80_02235438.c	asm/overlay_80_02235438	PASS
ov80_0223558C	overlay_80_02235438.c	asm/overlay_80_02235438	PASS
ov80_0223573C	overlay_80_02235438.c	asm/overlay_80_02235438	PASS
ov80_02235774	overlay_80_02235438.c	asm/overlay_80_02235438	PASS
ov80_02237A70	overlay_80_02237A70.c	asm/overlay_80_02237A70	PASS
ov80_02237ADC	overlay_80_02237A70.c	asm/overlay_80_02237A70	PASS
ov80_02237B24	overlay_80_02237A70.c	asm/overlay_80_02237A70	PASS
ov80_02237B58	overlay_80_02237A70.c	asm/overlay_80_02237A70	PASS
ov80_02237B8C	overlay_80_02237A70.c	asm/overlay_80_02237A70	PASS
ov80_02237D5C	overlay_80_02237A70.c	asm/overlay_80_02237A70	PASS
ov80_02237D88	overlay_80_02237A70.c	asm/overlay_80_02237A70	PASS
ov80_02237D8C	overlay_80_02237A70.c	asm/overlay_80_02237A70	PASS
ov80_02237D9C	overlay_80_02237A70.c	asm/overlay_80_02237A70	PASS
ov80_02237DF4	overlay_80_02237A70.c	asm/overlay_80_02237A70	PASS
ov80_02237E18	overlay_80_02237A70.c	asm/overlay_80_02237A70	PASS
ov80_02237E30	overlay_80_02237A70.c	asm/overlay_80_02237A70	PASS
ov80_02237E88	overlay_80_02237A70.c	asm/overlay_80_02237A70	PASS
ov80_02237ED8	overlay_80_02237A70.c	asm/overlay_80_02237A70	PASS
ov80_02237EFC	overlay_80_02237A70.c	asm/overlay_80_02237A70	PASS
ov80_02237F3C	overlay_80_02237A70.c	asm/overlay_80_02237A70	PASS
ov80_02237F9C	overlay_80_02237A70.c	asm/overlay_80_02237A70	PASS
ov80_02237FA4	overlay_80_02237A70.c	asm/overlay_80_02237A70	PASS
BattleArcade_GetMonCount	overlay_80_02238034.c	asm/overlay_80_02238034	PASS
BattleArcade_GetOpponentMonCount	overlay_80_02238034.c	asm/overlay_80_02238034	PASS
BattleArcade_MultiplayerCheck	overlay_80_02238034.c	asm/overlay_80_02238034	PASS
BattleArcade_NewBattleSetup	overlay_80_02238034.c	asm/overlay_80_02238034	PASS
ov80_02238034	overlay_80_02238034.c	asm/overlay_80_02238034	PASS
ov80_022380A0	overlay_80_02238034.c	asm/overlay_80_02238034	PASS
ov80_02238344	overlay_80_02238034.c	asm/overlay_80_02238034	PASS
ov80_02238370	overlay_80_02238034.c	asm/overlay_80_02238034	PASS
ov80_02238384	overlay_80_02238034.c	asm/overlay_80_02238034	PASS
ov80_022383A8	overlay_80_02238034.c	asm/overlay_80_02238034	PASS
ov80_022383C0	overlay_80_02238034.c	asm/overlay_80_02238034	PASS
ov80_02238430	overlay_80_02238034.c	asm/overlay_80_02238034	PASS
ov80_02238444	overlay_80_02238034.c	asm/overlay_80_02238034	PASS
ov80_02238498	overlay_80_02238034.c	asm/overlay_80_02238034	PASS
ov80_022384BC	overlay_80_02238034.c	asm/overlay_80_02238034	PASS
ov81_02242DAC	overlay_81_part06.c	asm/overlay_81	PASS
ov81_02242DCC	overlay_81_part06.c	asm/overlay_81	PASS
ov81_02242DD8	overlay_81_part06.c	asm/overlay_81	PASS
ov81_02242DE4	overlay_81_part06.c	asm/overlay_81	PASS
ov81_02242DFC	overlay_81_part06.c	asm/overlay_81	PASS
ov81_02242E08	overlay_81_part06.c	asm/overlay_81	PASS
ov81_02242E14	overlay_81_part06.c	asm/overlay_81	PASS
ov81_02242E50	overlay_81_part06.c	asm/overlay_81	PASS
ov81_02242EA4	overlay_81_part06.c	asm/overlay_81	PASS
ov81_02242EB8	overlay_81_part06.c	asm/overlay_81	PASS
ov81_02242EC4	overlay_81_part06.c	asm/overlay_81	FAIL
ov81_02242F10	overlay_81_part06.c	asm/overlay_81	PASS
ov81_02242F30	overlay_81_part06.c	asm/overlay_81	PASS
ov81_02242F3C	overlay_81_part06.c	asm/overlay_81	PASS
ov81_02242F40	overlay_81_part06.c	asm/overlay_81	PASS
ov81_02242F48	overlay_81_part06.c	asm/overlay_81	PASS
ov81_02242F54	overlay_81_part06.c	asm/overlay_81	PASS
ov81_02242F60	overlay_81_part06.c	asm/overlay_81	PASS
ov81_02242F8C	overlay_81_part06.c	asm/overlay_81	PASS
ov81_02242F90	overlay_81_part06.c	asm/overlay_81	PASS
ov81_02242F94	overlay_81_part06.c	asm/overlay_81	PASS
ov81_02242FB0	overlay_81_part06.c	asm/overlay_81	PASS
ov81_02242FBC	overlay_81_part06.c	asm/overlay_81	PASS
ov81_02242FC8	overlay_81_part06.c	asm/overlay_81	PASS
ov81_02242FDC	overlay_81_part06.c	asm/overlay_81	PASS
ov81_0224300C	overlay_81_part06.c	asm/overlay_81	PASS
ov81_02243028	overlay_81_part06.c	asm/overlay_81	PASS
ov81_02243068	overlay_81_part06.c	asm/overlay_81	PASS
ov81_022430B4	overlay_81_part06.c	asm/overlay_81	PASS
ov81_022430E8	overlay_81_part06.c	asm/overlay_81	PASS
ov83_02242F18	overlay_83_0223DD60_part05.c	asm/overlay_83_0223DD60	PASS
ov83_02242F2C	overlay_83_0223DD60_part05.c	asm/overlay_83_0223DD60	PASS
ov85_021E5900	overlay_85_part01.c	asm/overlay_85	FAIL
ov85_021E5A34	overlay_85_part01.c	asm/overlay_85	PASS
ov85_021E5AAC	overlay_85_part01.c	asm/overlay_85	PASS
ov85_021E5AF0	overlay_85_part01.c	asm/overlay_85	PASS
ov85_021E5AF8	overlay_85_part01.c	asm/overlay_85	PASS
ov85_021E5B0C	overlay_85_part01.c	asm/overlay_85	PASS
ov85_021E5B30	overlay_85_part01.c	asm/overlay_85	PASS
ov85_021E5B48	overlay_85_part01.c	asm/overlay_85	PASS
ov85_021E5B78	overlay_85_part01.c	asm/overlay_85	PASS
ov85_021E5B98	overlay_85_part01.c	asm/overlay_85	PASS
ov85_021E5BC8	overlay_85_part01.c	asm/overlay_85	PASS
ov85_021E5C58	overlay_85_part01.c	asm/overlay_85	PASS
ov85_021E5C80	overlay_85_part01.c	asm/overlay_85	PASS
ov85_021E5CA4	overlay_85_part01.c	asm/overlay_85	PASS
ov85_021E5CD0	overlay_85_part01.c	asm/overlay_85	PASS
ov85_021E5CE4	overlay_85_part01.c	asm/overlay_85	PASS
ov85_021E5CFC	overlay_85_part01.c	asm/overlay_85	PASS
ov85_021E5D20	overlay_85_part01.c	asm/overlay_85	PASS
ov85_021E5D3C	overlay_85_part01.c	asm/overlay_85	PASS
ov85_021E5D84	overlay_85_part01.c	asm/overlay_85	PASS
ov85_021E5DAC	overlay_85_part01.c	asm/overlay_85	PASS
ov85_021E5E30	overlay_85_part01.c	asm/overlay_85	FAIL
ov85_021E5EB4	overlay_85_part01.c	asm/overlay_85	PASS
ov85_021E5EE8	overlay_85_part01.c	asm/overlay_85	PASS
ov85_021E5F10	overlay_85_part01.c	asm/overlay_85	PASS
ov85_021E5F3C	overlay_85_part01.c	asm/overlay_85	PASS
ov85_021E5F58	overlay_85_part01.c	asm/overlay_85	PASS
ov85_021E5F6C	overlay_85_part01.c	asm/overlay_85	PASS
ov85_021E5F84	overlay_85_part01.c	asm/overlay_85	PASS
ov85_021E5F9C	overlay_85_part01.c	asm/overlay_85	PASS
ov85_021E7C70	overlay_85_part05.c	asm/overlay_85	PASS
ov85_021E7CE0	overlay_85_part05.c	asm/overlay_85	PASS
ov85_021E7D08	overlay_85_part05.c	asm/overlay_85	PASS
ov85_021E7D40	overlay_85_part05.c	asm/overlay_85	PASS
ov85_021E7D50	overlay_85_part05.c	asm/overlay_85	PASS
ov85_021E7D78	overlay_85_part05.c	asm/overlay_85	PASS
ov85_021E7DA8	overlay_85_part05.c	asm/overlay_85	PASS
ov85_021E7DC8	overlay_85_part05.c	asm/overlay_85	PASS
ov85_021E7E18	overlay_85_part05.c	asm/overlay_85	PASS
ov85_021E7E3C	overlay_85_part05.c	asm/overlay_85	FAIL
ov85_021E7E78	overlay_85_part05.c	asm/overlay_85	PASS
ov85_021E7E88	overlay_85_part05.c	asm/overlay_85	PASS
ov85_021E7ED0	overlay_85_part05.c	asm/overlay_85	PASS
ov85_021E7F50	overlay_85_part05.c	asm/overlay_85	PASS
ov85_021E7F74	overlay_85_part05.c	asm/overlay_85	FAIL
ov85_021E7FB0	overlay_85_part05.c	asm/overlay_85	PASS
ov85_021E7FC0	overlay_85_part05.c	asm/overlay_85	PASS
ov85_021E8008	overlay_85_part05.c	asm/overlay_85	PASS
ov85_021E80D0	overlay_85_part05.c	asm/overlay_85	PASS
ov85_021E80E0	overlay_85_part05.c	asm/overlay_85	PASS
ov85_021E8118	overlay_85_part05.c	asm/overlay_85	PASS
ov85_021E8128	overlay_85_part05.c	asm/overlay_85	PASS
ov85_021E8144	overlay_85_part05.c	asm/overlay_85	PASS
ov85_021E8150	overlay_85_part05.c	asm/overlay_85	PASS
ov85_021E815C	overlay_85_part05.c	asm/overlay_85	FAIL
ov85_021E81E0	overlay_85_part05.c	asm/overlay_85	PASS
ov85_021E825C	overlay_85_part05.c	asm/overlay_85	PASS
ov85_021E82E4	overlay_85_part05.c	asm/overlay_85	PASS
ov85_021E82F8	overlay_85_part05.c	asm/overlay_85	FAIL
ov85_021E833C	overlay_85_part05.c	asm/overlay_85	PASS
ov85_021E834C	overlay_85_part06.c	asm/overlay_85	PASS
ov85_021E8358	overlay_85_part06.c	asm/overlay_85	PASS
ov85_021E8374	overlay_85_part06.c	asm/overlay_85	PASS
ov85_021E83C0	overlay_85_part06.c	asm/overlay_85	PASS
ov85_021E83E0	overlay_85_part06.c	asm/overlay_85	FAIL
ov85_021E8418	overlay_85_part06.c	asm/overlay_85	PASS
ov85_021E8428	overlay_85_part06.c	asm/overlay_85	PASS
ov85_021E8454	overlay_85_part06.c	asm/overlay_85	PASS
ov85_021E84A4	overlay_85_part06.c	asm/overlay_85	PASS
ov85_021E84EC	overlay_85_part06.c	asm/overlay_85	PASS
ov85_021E8530	overlay_85_part06.c	asm/overlay_85	PASS
ov85_021E8558	overlay_85_part06.c	asm/overlay_85	PASS
ov85_021E8570	overlay_85_part06.c	asm/overlay_85	PASS
ov85_021E8588	overlay_85_part06.c	asm/overlay_85	PASS
ov85_021E85C4	overlay_85_part06.c	asm/overlay_85	PASS
ov85_021E85CC	overlay_85_part06.c	asm/overlay_85	PASS
ov85_021E85F0	overlay_85_part06.c	asm/overlay_85	PASS
ov85_021E8610	overlay_85_part06.c	asm/overlay_85	PASS
ov85_021E8614	overlay_85_part06.c	asm/overlay_85	PASS
ov85_021E8628	overlay_85_part06.c	asm/overlay_85	PASS
ov85_021E8660	overlay_85_part06.c	asm/overlay_85	PASS
ov85_021E8680	overlay_85_part06.c	asm/overlay_85	PASS
ov85_021E86AC	overlay_85_part06.c	asm/overlay_85	PASS
ov85_021E86B0	overlay_85_part06.c	asm/overlay_85	PASS
ov85_021E86CC	overlay_85_part06.c	asm/overlay_85	PASS
ov85_021E8720	overlay_85_part06.c	asm/overlay_85	PASS
ov85_021E8740	overlay_85_part06.c	asm/overlay_85	PASS
ov85_021E8748	overlay_85_part06.c	asm/overlay_85	PASS
ov85_021E8764	overlay_85_part06.c	asm/overlay_85	PASS
ov85_021E87F0	overlay_85_part06.c	asm/overlay_85	PASS
ov90_02258800	overlay_90_part01.c	asm/overlay_90	PASS
ov90_0225886C	overlay_90_part01.c	asm/overlay_90	PASS
ov90_0225888C	overlay_90_part01.c	asm/overlay_90	PASS
ov90_022588A4	overlay_90_part01.c	asm/overlay_90	PASS
ov90_022588CC	overlay_90_part01.c	asm/overlay_90	PASS
ov90_02258914	overlay_90_part01.c	asm/overlay_90	PASS
ov90_02258920	overlay_90_part01.c	asm/overlay_90	PASS
ov90_0225892C	overlay_90_part01.c	asm/overlay_90	PASS
ov90_02258938	overlay_90_part01.c	asm/overlay_90	PASS
ov90_022589BC	overlay_90_part01.c	asm/overlay_90	PASS
ov90_022589CC	overlay_90_part01.c	asm/overlay_90	PASS
ov90_022589E0	overlay_90_part01.c	asm/overlay_90	PASS
ov90_022589EC	overlay_90_part01.c	asm/overlay_90	PASS
ov90_022589F8	overlay_90_part01.c	asm/overlay_90	PASS
ov90_02258A04	overlay_90_part01.c	asm/overlay_90	PASS
ov90_02258AA0	overlay_90_part01.c	asm/overlay_90	PASS
ov90_02258AA4	overlay_90_part01.c	asm/overlay_90	PASS
ov90_02258AA8	overlay_90_part01.c	asm/overlay_90	FAIL
ov90_02258B24	overlay_90_part01.c	asm/overlay_90	PASS
ov90_02258B2C	overlay_90_part01.c	asm/overlay_90	PASS
ov90_02258B44	overlay_90_part01.c	asm/overlay_90	PASS
ov90_02258B54	overlay_90_part01.c	asm/overlay_90	PASS
ov90_02258B98	overlay_90_part01.c	asm/overlay_90	PASS
ov90_02258BD4	overlay_90_part01.c	asm/overlay_90	PASS
ov90_02258C38	overlay_90_part01.c	asm/overlay_90	PASS
ov90_02258C74	overlay_90_part01.c	asm/overlay_90	PASS
ov90_02258C8C	overlay_90_part01.c	asm/overlay_90	PASS
ov90_02258CB0	overlay_90_part01.c	asm/overlay_90	PASS
ov90_02258CE0	overlay_90_part01.c	asm/overlay_90	PASS
ov90_02258CF0	overlay_90_part01.c	asm/overlay_90	PASS
BeginNormalPaletteFade	unk_0200FA24.c	asm/unk_0200FA24	PASS
CallFadeFunc	unk_0200FA24.c	asm/unk_0200FA24	PASS
DoFadeUpdateFrame	unk_0200FA24.c	asm/unk_0200FA24	PASS
FadeWork_UpdateFrame	unk_0200FA24.c	asm/unk_0200FA24	PASS
HandleEndFade	unk_0200FA24.c	asm/unk_0200FA24	PASS
HandleFadeUpdateFrame	unk_0200FA24.c	asm/unk_0200FA24	PASS
IsPaletteFadeFinished	unk_0200FA24.c	asm/unk_0200FA24	PASS
ResetVisibleHardwareWindows	unk_0200FA24.c	asm/unk_0200FA24	PASS
SetMasterBrightness	unk_0200FA24.c	asm/unk_0200FA24	PASS
SetMasterBrightnessNeutral	unk_0200FA24.c	asm/unk_0200FA24	PASS
sub_0200FB70	unk_0200FA24.c	asm/unk_0200FA24	PASS
sub_0200FBF4	unk_0200FA24.c	asm/unk_0200FA24	PASS
sub_0200FC20	unk_0200FA24.c	asm/unk_0200FA24	PASS
sub_0200FC60	unk_0200FA24.c	asm/unk_0200FA24	PASS
sub_0200FCDC	unk_0200FA24.c	asm/unk_0200FA24	PASS
sub_0200FE14	unk_0200FA24.c	asm/unk_0200FA24	PASS
sub_0200FE78	unk_0200FA24.c	asm/unk_0200FA24	PASS
sub_0200FE84	unk_0200FA24.c	asm/unk_0200FA24	PASS
sub_0200FEB0	unk_0200FA24.c	asm/unk_0200FA24	PASS
sub_0200FECC	unk_0200FA24.c	asm/unk_0200FA24	PASS
sub_0200FEE4	unk_0200FA24.c	asm/unk_0200FA24	PASS
sub_0200FF5C	unk_0200FA24.c	asm/unk_0200FA24	PASS
sub_0200FF88	unk_0200FA24.c	asm/unk_0200FA24	PASS
sub_0200FFB4	unk_0200FA24.c	asm/unk_0200FA24	PASS
sub_0200FFD8	unk_0200FA24.c	asm/unk_0200FA24	PASS
sub_0200FFF8	unk_0200FA24.c	asm/unk_0200FA24	PASS
sub_02010014	unk_0200FA24.c	asm/unk_0200FA24	PASS
sub_02010018	unk_0200FA24.c	asm/unk_0200FA24	PASS
sub_0201002C	unk_0200FA24.c	asm/unk_0200FA24	PASS
sub_02010050	unk_0200FA24.c	asm/unk_0200FA24	PASS
sub_02010064	unk_0200FA24.c	asm/unk_0200FA24	PASS
sub_02010094	unk_0200FA24.c	asm/unk_0200FA24	PASS
sub_020100C4	unk_0200FA24.c	asm/unk_0200FA24	PASS
FadeFunc_00	unk_0201010C_part01.c	asm/unk_0201010C	PASS
FadeFunc_01	unk_0201010C_part01.c	asm/unk_0201010C	PASS
FadeFunc_02	unk_0201010C_part01.c	asm/unk_0201010C	PASS
FadeFunc_03	unk_0201010C_part01.c	asm/unk_0201010C	PASS
FadeFunc_04	unk_0201010C_part01.c	asm/unk_0201010C	PASS
FadeFunc_05	unk_0201010C_part01.c	asm/unk_0201010C	PASS
FadeFunc_06	unk_0201010C_part01.c	asm/unk_0201010C	PASS
FadeFunc_07	unk_0201010C_part01.c	asm/unk_0201010C	PASS
FadeFunc_08	unk_0201010C_part01.c	asm/unk_0201010C	PASS
FadeFunc_09	unk_0201010C_part01.c	asm/unk_0201010C	PASS
FadeFunc_10	unk_0201010C_part01.c	asm/unk_0201010C	PASS
FadeFunc_11	unk_0201010C_part01.c	asm/unk_0201010C	PASS
FadeFunc_12	unk_0201010C_part01.c	asm/unk_0201010C	PASS
FadeFunc_13	unk_0201010C_part01.c	asm/unk_0201010C	PASS
FadeFunc_14	unk_0201010C_part01.c	asm/unk_0201010C	PASS
FadeFunc_15	unk_0201010C_part01.c	asm/unk_0201010C	PASS
FadeFunc_16	unk_0201010C_part01.c	asm/unk_0201010C	PASS
FadeFunc_17	unk_0201010C_part01.c	asm/unk_0201010C	PASS
FadeFunc_18	unk_0201010C_part01.c	asm/unk_0201010C	PASS
FadeFunc_19	unk_0201010C_part01.c	asm/unk_0201010C	PASS
FadeFunc_20	unk_0201010C_part01.c	asm/unk_0201010C	PASS
FadeFunc_21	unk_0201010C_part01.c	asm/unk_0201010C	PASS
FadeFunc_22	unk_0201010C_part01.c	asm/unk_0201010C	PASS
FadeFunc_23	unk_0201010C_part01.c	asm/unk_0201010C	PASS
FadeFunc_24	unk_0201010C_part01.c	asm/unk_0201010C	PASS
FadeFunc_25	unk_0201010C_part01.c	asm/unk_0201010C	PASS
FadeFunc_26	unk_0201010C_part01.c	asm/unk_0201010C	PASS
FadeFunc_27	unk_0201010C_part01.c	asm/unk_0201010C	PASS
FadeFunc_28	unk_0201010C_part01.c	asm/unk_0201010C	PASS
FadeFunc_29	unk_0201010C_part01.c	asm/unk_0201010C	PASS
sub_02012ACC	unk_0201010C_part05.c	asm/unk_0201010C	PASS
sub_02012B1C	unk_0201010C_part05.c	asm/unk_0201010C	PASS
sub_02012B80	unk_0201010C_part05.c	asm/unk_0201010C	PASS
sub_02012BE8	unk_0201010C_part05.c	asm/unk_0201010C	PASS
sub_02012C68	unk_0201010C_part05.c	asm/unk_0201010C	PASS
sub_02012CDC	unk_0201010C_part05.c	asm/unk_0201010C	PASS
sub_02012D4C	unk_0201010C_part05.c	asm/unk_0201010C	PASS
sub_02015494	unk_02014DA0_part02.c	asm/unk_02014DA0	PASS
sub_02015DDC	unk_02015DD8_part01.c	asm/unk_02015DD8	PASS
sub_02015E20	unk_02015DD8_part01.c	asm/unk_02015DD8	PASS
sub_02015E64	unk_02015DD8_part01.c	asm/unk_02015DD8	PASS
sub_02015EA0	unk_02015DD8_part01.c	asm/unk_02015DD8	PASS
sub_02015EDC	unk_02015DD8_part01.c	asm/unk_02015DD8	PASS
sub_02015EF4	unk_02015DD8_part01.c	asm/unk_02015DD8	PASS
sub_02015F1C	unk_02015DD8_part01.c	asm/unk_02015DD8	PASS
sub_02015F4C	unk_02015DD8_part01.c	asm/unk_02015DD8	PASS
sub_02015F64	unk_02015DD8_part01.c	asm/unk_02015DD8	PASS
sub_02015F8C	unk_02015DD8_part01.c	asm/unk_02015DD8	PASS
sub_02015FB0	unk_02015DD8_part01.c	asm/unk_02015DD8	PASS
sub_02015FC4	unk_02015DD8_part01.c	asm/unk_02015DD8	PASS
sub_02015FCC	unk_02015DD8_part01.c	asm/unk_02015DD8	PASS
sub_02015FD8	unk_02015DD8_part01.c	asm/unk_02015DD8	PASS
sub_02015FE0	unk_02015DD8_part01.c	asm/unk_02015DD8	PASS
sub_02015FE8	unk_02015DD8_part01.c	asm/unk_02015DD8	PASS
sub_02015FF4	unk_02015DD8_part01.c	asm/unk_02015DD8	PASS
sub_02015FF8	unk_02015DD8_part01.c	asm/unk_02015DD8	PASS
sub_02015FFC	unk_02015DD8_part01.c	asm/unk_02015DD8	PASS
sub_02016004	unk_02015DD8_part01.c	asm/unk_02015DD8	PASS
sub_02016008	unk_02015DD8_part01.c	asm/unk_02015DD8	PASS
sub_0201600C	unk_02015DD8_part01.c	asm/unk_02015DD8	PASS
sub_02016010	unk_02015DD8_part01.c	asm/unk_02015DD8	PASS
sub_02016014	unk_02015DD8_part01.c	asm/unk_02015DD8	PASS
sub_02016020	unk_02015DD8_part01.c	asm/unk_02015DD8	PASS
sub_02016024	unk_02015DD8_part01.c	asm/unk_02015DD8	PASS
sub_02016044	unk_02015DD8_part01.c	asm/unk_02015DD8	PASS
sub_02016050	unk_02015DD8_part01.c	asm/unk_02015DD8	PASS
sub_0201605C	unk_02015DD8_part01.c	asm/unk_02015DD8	PASS
sub_0201608C	unk_02015DD8_part01.c	asm/unk_02015DD8	PASS
CalcAngleBetweenVecs	unk_02020B8C.c	asm/unk_02020B8C	PASS
GetDistanceFromPointToLine	unk_02020B8C.c	asm/unk_02020B8C	PASS
sub_02020B8C	unk_02020B8C.c	asm/unk_02020B8C	PASS
sub_02020B94	unk_02020B8C.c	asm/unk_02020B8C	PASS
sub_02020D2C	unk_02020B8C.c	asm/unk_02020B8C	PASS
sub_02020DA4	unk_02020B8C.c	asm/unk_02020B8C	PASS
sub_02020E10	unk_02020B8C.c	asm/unk_02020B8C	PASS
sub_02020E80	unk_02020B8C.c	asm/unk_02020B8C	PASS
sub_02020EB0	unk_02020B8C.c	asm/unk_02020B8C	PASS
sub_02020EF4	unk_02020B8C.c	asm/unk_02020B8C	PASS
sub_02020F4C	unk_02020B8C.c	asm/unk_02020B8C	PASS
GF_InitG2dRenderer	unk_02025C44.c	asm/unk_02025C44	PASS
GF_SetG2dRendererSurface	unk_02025C44.c	asm/unk_02025C44	PASS
sub_02025C54	unk_02025C44.c	asm/unk_02025C44	FAIL
sub_020353B8	unk_02034B0C_part02.c	asm/unk_02034B0C	PASS
sub_0203540C	unk_02034B0C_part02.c	asm/unk_02034B0C	PASS
sub_020355C8	unk_02034B0C_part02.c	asm/unk_02034B0C	PASS
sub_020355DC	unk_02034B0C_part02.c	asm/unk_02034B0C	PASS
sub_02035610	unk_02034B0C_part02.c	asm/unk_02034B0C	PASS
sub_02035630	unk_02034B0C_part02.c	asm/unk_02034B0C	PASS
sub_02035650	unk_02034B0C_part02.c	asm/unk_02034B0C	PASS
sub_02035664	unk_02034B0C_part02.c	asm/unk_02034B0C	PASS
sub_0203567C	unk_02034B0C_part02.c	asm/unk_02034B0C	PASS
sub_0203569C	unk_02034B0C_part02.c	asm/unk_02034B0C	PASS
sub_020356C0	unk_02034B0C_part02.c	asm/unk_02034B0C	PASS
sub_020356EC	unk_02034B0C_part02.c	asm/unk_02034B0C	PASS
sub_02035724	unk_02034B0C_part02.c	asm/unk_02034B0C	PASS
sub_02035754	unk_02034B0C_part02.c	asm/unk_02034B0C	PASS
sub_02035784	unk_02034B0C_part02.c	asm/unk_02034B0C	PASS
sub_02035798	unk_02034B0C_part02.c	asm/unk_02034B0C	PASS
sub_020357C4	unk_02034B0C_part02.c	asm/unk_02034B0C	PASS
sub_020357FC	unk_02034B0C_part02.c	asm/unk_02034B0C	PASS
sub_0203581C	unk_02034B0C_part02.c	asm/unk_02034B0C	PASS
sub_02035838	unk_02034B0C_part02.c	asm/unk_02034B0C	PASS
sub_02035854	unk_02034B0C_part02.c	asm/unk_02034B0C	PASS
sub_02035878	unk_02034B0C_part02.c	asm/unk_02034B0C	PASS
sub_0203588C	unk_02034B0C_part02.c	asm/unk_02034B0C	PASS
sub_020358B0	unk_02034B0C_part02.c	asm/unk_02034B0C	PASS
sub_020358B8	unk_02034B0C_part02.c	asm/unk_02034B0C	PASS
sub_020358D0	unk_02034B0C_part02.c	asm/unk_02034B0C	PASS
sub_020586A0	unk_02058034_part02.c	asm/unk_02058034	PASS
sub_020586EC	unk_02058034_part02.c	asm/unk_02058034	PASS
sub_02058720	unk_02058034_part02.c	asm/unk_02058034	PASS
sub_02058740	unk_02058034_part02.c	asm/unk_02058034	PASS
sub_0205876C	unk_02058034_part02.c	asm/unk_02058034	PASS
sub_020587E8	unk_02058034_part02.c	asm/unk_02058034	PASS
sub_0205882C	unk_02058034_part02.c	asm/unk_02058034	PASS
sub_02058854	unk_02058034_part02.c	asm/unk_02058034	PASS
sub_02058870	unk_02058034_part02.c	asm/unk_02058034	PASS
sub_020588A0	unk_02058034_part02.c	asm/unk_02058034	PASS
sub_020588B4	unk_02058034_part02.c	asm/unk_02058034	PASS
sub_020588CC	unk_02058034_part02.c	asm/unk_02058034	PASS
sub_020588DC	unk_02058034_part02.c	asm/unk_02058034	PASS
sub_020588F8	unk_02058034_part02.c	asm/unk_02058034	PASS
sub_02058930	unk_02058034_part02.c	asm/unk_02058034	PASS
sub_0205896C	unk_02058034_part02.c	asm/unk_02058034	PASS
sub_020589B0	unk_02058034_part02.c	asm/unk_02058034	PASS
sub_020589D8	unk_02058034_part02.c	asm/unk_02058034	PASS
sub_020589F4	unk_02058034_part02.c	asm/unk_02058034	PASS
sub_02058A38	unk_02058034_part02.c	asm/unk_02058034	PASS
sub_02058A60	unk_02058034_part02.c	asm/unk_02058034	PASS
sub_02058A78	unk_02058034_part02.c	asm/unk_02058034	PASS
sub_02058AA0	unk_02058034_part02.c	asm/unk_02058034	PASS
sub_02059DB0	unk_02058AEC_part02.c	asm/unk_02058AEC	PASS
sub_02059E04	unk_02058AEC_part02.c	asm/unk_02058AEC	PASS
sub_02059E1C	unk_02058AEC_part02.c	asm/unk_02058AEC	PASS
sub_02059E88	unk_02058AEC_part02.c	asm/unk_02058AEC	PASS
sub_02059EBC	unk_02058AEC_part02.c	asm/unk_02058AEC	PASS
sub_02059F30	unk_02058AEC_part02.c	asm/unk_02058AEC	PASS
sub_02059F54	unk_02058AEC_part02.c	asm/unk_02058AEC	PASS
sub_02059F78	unk_02058AEC_part02.c	asm/unk_02058AEC	PASS
sub_02059FF8	unk_02058AEC_part02.c	asm/unk_02058AEC	PASS
sub_0205A034	unk_02058AEC_part02.c	asm/unk_02058AEC	PASS
sub_0205A03C	unk_02058AEC_part02.c	asm/unk_02058AEC	PASS
sub_0205A07C	unk_02058AEC_part02.c	asm/unk_02058AEC	PASS
sub_0205A0A0	unk_02058AEC_part02.c	asm/unk_02058AEC	PASS
sub_0205A0B4	unk_02058AEC_part02.c	asm/unk_02058AEC	PASS
sub_0205A114	unk_02058AEC_part02.c	asm/unk_02058AEC	PASS
sub_0205A144	unk_02058AEC_part02.c	asm/unk_02058AEC	PASS
sub_0205A1AC	unk_02058AEC_part02.c	asm/unk_02058AEC	PASS
sub_0205A1D4	unk_02058AEC_part02.c	asm/unk_02058AEC	PASS
sub_0205A1F0	unk_02058AEC_part02.c	asm/unk_02058AEC	PASS
sub_0205A1F4	unk_02058AEC_part02.c	asm/unk_02058AEC	PASS
sub_0205A200	unk_02058AEC_part02.c	asm/unk_02058AEC	PASS
sub_0205A284	unk_02058AEC_part02.c	asm/unk_02058AEC	PASS
sub_0205A358	unk_02058AEC_part02.c	asm/unk_02058AEC	PASS
sub_0205A35C	unk_02058AEC_part02.c	asm/unk_02058AEC	PASS
sub_0205A39C	unk_02058AEC_part02.c	asm/unk_02058AEC	PASS
sub_0205A3B0	unk_02058AEC_part02.c	asm/unk_02058AEC	PASS
sub_0205A408	unk_02058AEC_part02.c	asm/unk_02058AEC	PASS
sub_0205A40C	unk_02058AEC_part02.c	asm/unk_02058AEC	PASS
sub_0205A410	unk_02058AEC_part02.c	asm/unk_02058AEC	PASS
sub_0205A430	unk_02058AEC_part02.c	asm/unk_02058AEC	PASS
sub_02061200	unk_0205FD20_part03.c	asm/unk_0205FD20	PASS
sub_0206121C	unk_0205FD20_part03.c	asm/unk_0205FD20	PASS
sub_02061248	unk_0205FD20_part03.c	asm/unk_0205FD20	PASS
MapObjectMovementCmd004_Step0	unk_02062108_part02.c	asm/unk_02062108	PASS
MapObjectMovementCmd005_Step0	unk_02062108_part02.c	asm/unk_02062108	PASS
MapObjectMovementCmd006_Step0	unk_02062108_part02.c	asm/unk_02062108	PASS
MapObjectMovementCmd007_Step0	unk_02062108_part02.c	asm/unk_02062108	PASS
MapObjectMovementCmd008_Step0	unk_02062108_part02.c	asm/unk_02062108	PASS
MapObjectMovementCmd009_Step0	unk_02062108_part02.c	asm/unk_02062108	PASS
MapObjectMovementCmd010_Step0	unk_02062108_part02.c	asm/unk_02062108	PASS
MapObjectMovementCmd011_Step0	unk_02062108_part02.c	asm/unk_02062108	PASS
MapObjectMovementCmd012_Step0	unk_02062108_part02.c	asm/unk_02062108	PASS
MapObjectMovementCmd013_Step0	unk_02062108_part02.c	asm/unk_02062108	PASS
MapObjectMovementCmd014_Step0	unk_02062108_part02.c	asm/unk_02062108	PASS
MapObjectMovementCmd015_Step0	unk_02062108_part02.c	asm/unk_02062108	PASS
MapObjectMovementCmd016_Step0	unk_02062108_part02.c	asm/unk_02062108	PASS
MapObjectMovementCmd017_Step0	unk_02062108_part02.c	asm/unk_02062108	PASS
MapObjectMovementCmd018_Step0	unk_02062108_part02.c	asm/unk_02062108	PASS
MapObjectMovementCmd019_Step0	unk_02062108_part02.c	asm/unk_02062108	PASS
MapObjectMovementCmd020_Step0	unk_02062108_part02.c	asm/unk_02062108	PASS
MapObjectMovementCmd021_Step0	unk_02062108_part02.c	asm/unk_02062108	PASS
MapObjectMovementCmd022_Step0	unk_02062108_part02.c	asm/unk_02062108	PASS
MapObjectMovementCmd023_Step0	unk_02062108_part02.c	asm/unk_02062108	PASS
MapObjectMovementCmd084_Step0	unk_02062108_part02.c	asm/unk_02062108	PASS
MapObjectMovementCmd085_Step0	unk_02062108_part02.c	asm/unk_02062108	PASS
MapObjectMovementCmd086_Step0	unk_02062108_part02.c	asm/unk_02062108	PASS
MapObjectMovementCmd087_Step0	unk_02062108_part02.c	asm/unk_02062108	PASS
MapObjectMovementCmd088_Step0	unk_02062108_part02.c	asm/unk_02062108	PASS
MapObjectMovementCmd089_Step0	unk_02062108_part02.c	asm/unk_02062108	PASS
MapObjectMovementCmd090_Step0	unk_02062108_part02.c	asm/unk_02062108	PASS
MapObjectMovementCmd090_Step1	unk_02062108_part02.c	asm/unk_02062108	PASS
MapObjectMovementCmd091_Step0	unk_02062108_part02.c	asm/unk_02062108	PASS
sub_020627B0	unk_02062108_part02.c	asm/unk_02062108	PASS
MapObject_GetTrainerNum	unk_020632B0_part03.c	asm/unk_020632B0	PASS
sub_020643B8	unk_020632B0_part03.c	asm/unk_020632B0	PASS
sub_020643E4	unk_020632B0_part03.c	asm/unk_020632B0	PASS
sub_02064410	unk_020632B0_part03.c	asm/unk_020632B0	PASS
sub_0206443C	unk_020632B0_part03.c	asm/unk_020632B0	PASS
sub_02064468	unk_020632B0_part03.c	asm/unk_020632B0	PASS
sub_02064518	unk_020632B0_part03.c	asm/unk_020632B0	PASS
sub_02064520	unk_020632B0_part03.c	asm/unk_020632B0	PASS
sub_0206457C	unk_020632B0_part03.c	asm/unk_020632B0	PASS
sub_02064598	unk_020632B0_part03.c	asm/unk_020632B0	PASS
sub_020645AC	unk_020632B0_part03.c	asm/unk_020632B0	PASS
sub_020645B4	unk_020632B0_part03.c	asm/unk_020632B0	PASS
sub_0206460C	unk_020632B0_part03.c	asm/unk_020632B0	PASS
sub_02064618	unk_020632B0_part03.c	asm/unk_020632B0	PASS
sub_02064630	unk_020632B0_part03.c	asm/unk_020632B0	PASS
sub_0206464C	unk_020632B0_part03.c	asm/unk_020632B0	PASS
sub_02064668	unk_020632B0_part03.c	asm/unk_020632B0	PASS
sub_02064694	unk_020632B0_part03.c	asm/unk_020632B0	PASS
sub_020646DC	unk_020632B0_part03.c	asm/unk_020632B0	PASS
sub_02064714	unk_020632B0_part03.c	asm/unk_020632B0	PASS
sub_02064730	unk_020632B0_part03.c	asm/unk_020632B0	PASS
sub_02064748	unk_020632B0_part03.c	asm/unk_020632B0	PASS
sub_02064764	unk_020632B0_part03.c	asm/unk_020632B0	PASS
sub_02064778	unk_020632B0_part03.c	asm/unk_020632B0	PASS
sub_02064790	unk_020632B0_part03.c	asm/unk_020632B0	PASS
sub_020647A8	unk_020632B0_part03.c	asm/unk_020632B0	PASS
sub_020647C0	unk_020632B0_part03.c	asm/unk_020632B0	PASS
sub_020647E8	unk_020632B0_part03.c	asm/unk_020632B0	PASS
sub_02064808	unk_020632B0_part03.c	asm/unk_020632B0	PASS
sub_02064824	unk_020632B0_part03.c	asm/unk_020632B0	PASS
sub_02087FD4	unk_02087FD4.c	asm/unk_02087FD4	PASS
sub_02087FF8	unk_02087FD4.c	asm/unk_02087FD4	PASS
sub_02088030	unk_02087FD4.c	asm/unk_02087FD4	PASS
sub_0208AFE8	unk_02088288_part04.c	asm/unk_02088288	PASS
sub_0208B044	unk_02088288_part04.c	asm/unk_02088288	PASS
sub_0208B068	unk_02088288_part04.c	asm/unk_02088288	PASS
sub_0208B08C	unk_02088288_part04.c	asm/unk_02088288	PASS
sub_0208B0B0	unk_02088288_part04.c	asm/unk_02088288	PASS
sub_0208B0F4	unk_02088288_part04.c	asm/unk_02088288	PASS
sub_0208B118	unk_02088288_part04.c	asm/unk_02088288	PASS
