heartgold_function	platinum_function	platinum_file	found_by
AGB_GetBoxMonAbility	ConvertBoxMonGBAtoDSAbility	src/main_menu/gba_pokemon.c	between
AGB_GetBoxMonData	GBABoxPokemon_GetData	src/main_menu/gba_pokemon.c	called
AccessoryPortrait_Exit	ov22_0225B7FC	src/overlay022/ov22_0225B660.c	calls
AccessoryPortrait_Init	ov22_0225B660	src/overlay022/ov22_0225B660.c	calls
AccessoryPortrait_Main	ov22_0225B738	src/overlay022/ov22_0225B660.c	calls
AreaDataManager_Alloc	AreaDataManager_Alloc	src/overlay005/area_data.c	same
AreaDataManager_Free	AreaDataManager_Free	src/overlay005/area_data.c	same
AreaDataManager_GetAreaLightArchiveID	AreaDataManager_GetAreaLightArchiveID	src/overlay005/area_data.c	same
AreaDataManager_GetMapPropModelFile	AreaDataManager_GetMapPropModelFile	src/overlay005/area_data.c	same
AreaDataManager_GetMapTexture	AreaDataManager_GetMapTexture	src/overlay005/area_data.c	same
AreaDataManager_Load	AreaDataManager_Load	src/overlay005/area_data.c	same
AreaLightManager_Free	AreaLightManager_Free	src/overlay005/area_light.c	same
AreaLightManager_New	AreaLightManager_New	src/overlay005/area_light.c	same
AreaLightManager_UpdateActiveTemplate	AreaLightManager_UpdateActiveTemplate	src/overlay005/area_light.c	same
BagApp_GetRepelStepCountAddr	SetRepelSteps	src/applications/bag/main.c	called
BagApp_GetSaveRoamers	SpecialEncounter_RepelStepsEmpty	src/special_encounter.c	called
BagApp_GetSaveStructPtrs	RetrieveSaveData	src/applications/bag/main.c	calls
BagApp_SetFlute	SetFluteActive	src/applications/bag/main.c	order
BagApp_TryUseItemInPlace	UseItemInBag	src/applications/bag/main.c	calls
BagApp_TryUseRepel	TryUseRepel	src/applications/bag/main.c	calls
Bag_Exit	BagApplication_Exit	src/applications/bag/main.c	calls
Bag_Init	Bag_Init	src/bag.c	same
BattleArcadeData_Alloc	BattleArcade_Init	src/overlay104/battle_arcade.c	order
BattleArcadeData_Free	BattleArcade_Free	src/overlay104/battle_arcade.c	order
BattleArcadeData_Init	BattleArcade_LoadTrainersForRound	src/overlay104/battle_arcade.c	called
BattleArcade_GetMonCount	BattleArcade_GetPlayerPartySize	src/overlay104/battle_arcade_helpers.c	called
BattleArcade_GetOpponentMonCount	BattleArcade_GetOpponentPartySize	src/overlay104/battle_arcade_helpers.c	called
BattleArcade_GetWonBattlePoints	BattleArcade_GetPerformance	src/overlay104/battle_arcade.c	called
BattleArcade_MultiplayerCheck	BattleArcade_IsMultiPlayerChallenge	src/overlay104/battle_arcade_helpers.c	called
BattleArcade_NewBattleSetup	BattleArcade_SetupBattle	src/overlay104/battle_arcade_helpers.c	called
BattleArcade_SetPartyAfterBattle	BattleArcade_SetupNextOpponentsParty	src/overlay104/battle_arcade.c	called
BattleArcade_SetPartyBeforeBattle	BattleArcade_SetupFirstOpponentsParty	src/overlay104/battle_arcade.c	called
BattleControl_EmitPartyStatusHeal	BattleController_EmitRefreshPartyStatus	src/battle/battle_controller.c	between
BattleController_EmitBackgroundSlideIn	BattleController_EmitSlideInPanel	src/battle/battle_controller.c	between
BattleController_EmitBattleMonToPartyMonCopy	BattleController_EmitUpdatePartyMon	src/battle/battle_controller.c	calls
BattleController_EmitBlankMessage	BattleController_EmitClearMessageBox	src/battle/battle_controller.c	called
BattleController_EmitChangeForm	BattleController_EmitChangeWeatherForm	src/battle/battle_controller.c	between
BattleController_EmitCopyStatus2Effect	BattleController_EmitPlayStatusEffectAToD	src/battle/battle_controller.c	between
BattleController_EmitDeleteBallGauge	BattleController_EmitHidePartyGauge	src/battle/battle_controller.c	between
BattleController_EmitDeleteBallGfx	BattleController_EmitFreePartyGaugeGraphics	src/battle/battle_controller.c	between
BattleController_EmitDeletePokemon	BattleController_EmitDeletePokemon	src/battle/battle_controller.c	same
BattleController_EmitDeleteStartBallGauge	BattleController_EmitHideBattleStartPartyGauge	src/battle/battle_controller.c	between
BattleController_EmitDrawYesNoBox	BattleController_EmitShowYesNoMenu	src/battle/battle_controller.c	called
BattleController_EmitFadeOutBattle	BattleController_EmitFadeOut	src/battle/battle_controller.c	between
BattleController_EmitForefitMessage	BattleController_EmitForfeitMessage	src/battle/battle_controller.c	between
BattleController_EmitHealthbarSlideIn	BattleController_EmitSlideHealthBoxIn	src/battle/battle_controller.c	called
BattleController_EmitHealthbarSlideOut	BattleController_EmitSlideHealthBoxOut	src/battle/battle_controller.c	called
BattleController_EmitHealthbarStatus	BattleController_EmitSetStatusIcon	src/battle/battle_controller.c	between
BattleController_EmitHealthbarUpdate	BattleController_EmitUpdateHPGauge	src/battle/battle_controller.c	calls
BattleController_EmitIncrementGameStat	BattleController_EmitIncrementRecord	src/battle/battle_controller.c	called
BattleController_EmitInitBallGauge	BattleController_EmitShowPartyGauge	src/battle/battle_controller.c	between
BattleController_EmitInitStartBallGauge	BattleController_EmitShowBattleStartPartyGauge	src/battle/battle_controller.c	between
BattleController_EmitLoadBallGfx	BattleController_EmitLoadPartyGaugeGraphics	src/battle/battle_controller.c	between
BattleController_EmitMonFlicker	BattleController_EmitFlickerBattlerSprite	src/battle/battle_controller.c	order
BattleController_EmitPlayEncounterAnimation	BattleController_EmitSetupBattleUI	src/battle/battle_controller.c	between
BattleController_EmitPlayFaintAnimation	BattleController_EmitPlayFaintingSequence	src/battle/battle_controller.c	between
BattleController_EmitPlayMosaicAnimation	BattleController_EmitSetMosaic	src/battle/battle_controller.c	between
BattleController_EmitPlayMoveSE	BattleController_EmitPlayMoveHitSoundEffect	src/battle/battle_controller.c	between
BattleController_EmitPlaySE	BattleController_EmitPlaySound	src/battle/battle_controller.c	between
BattleController_EmitPlaySong	BattleController_EmitPlayMusic	src/battle/battle_controller.c	between
BattleController_EmitPokemonEncounter	BattleController_EmitSetEncounter	src/battle/battle_controller.c	between
BattleController_EmitPokemonSendOut	BattleController_EmitShowPokemon	src/battle/battle_controller.c	between
BattleController_EmitPokemonSlideIn	BattleController_EmitShowEncounter	src/battle/battle_controller.c	between
BattleController_EmitPrintAttackMessage	BattleController_EmitPrintAttackMessage	src/battle/battle_controller.c	same
BattleController_EmitPrintEncounterMessage	BattleController_EmitBattleStartMessage	src/battle/battle_controller.c	between
BattleController_EmitPrintFirstSendOutMessage	BattleController_EmitLeadMonMessage	src/battle/battle_controller.c	calls
BattleController_EmitPrintMessage	BattleController_EmitPrintMessage	src/battle/battle_controller.c	same
BattleController_EmitPrintResultMessage	BattleController_EmitResultMessage	src/battle/battle_controller.c	between
BattleController_EmitPrintReturnMessage	BattleController_EmitRecallMessage	src/battle/battle_controller.c	between
BattleController_EmitPrintSendOutMessage	BattleController_EmitSendOutMessage	src/battle/battle_controller.c	between
BattleController_EmitPrintTrainerMessage	BattleController_EmitTrainerMessage	src/battle/battle_controller.c	between
BattleController_EmitRecallPokemon	BattleController_EmitReturnPokemon	src/battle/battle_controller.c	between
BattleController_EmitRunAwayMessage	BattleController_EmitEscapeMessage	src/battle/battle_controller.c	between
BattleController_EmitSetBattleBackground	BattleController_EmitUpdateBG	src/battle/battle_controller.c	between
BattleController_EmitSetBattleResults	BattleController_EmitSubmitResult	src/battle/battle_controller.c	between
BattleController_EmitSetStatus2Effect	BattleController_EmitPlayStatusEffect	src/battle/battle_controller.c	called
BattleController_EmitShowMonList	BattleController_EmitShowPartyMenu	src/battle/battle_controller.c	calls
BattleController_EmitShowWaitMessage	BattleController_EmitPrintLinkWaitMessage	src/battle/battle_controller.c	between
BattleController_EmitSwapToSubstituteSprite	BattleController_EmitRefreshSprite	src/battle/battle_controller.c	between
BattleController_EmitThrowPokeball	BattleController_EmitThrowTrainerBall	src/battle/battle_controller.c	between
BattleController_EmitToggleVanish	BattleController_EmitToggleVanish	src/battle/battle_controller.c	same
BattleController_EmitTrainerEncounter	BattleController_EmitSetTrainerEncounter	src/battle/battle_controller.c	between
BattleController_EmitTrainerSlideIn	BattleController_EmitSlideTrainerIn	src/battle/battle_controller.c	between
BattleController_EmitTrainerSlideOut	BattleController_EmitSlideTrainerOut	src/battle/battle_controller.c	between
BattleController_RecvData	BattleController_RecvLocalMessage	src/battle/battle_controller.c	between
BattleController_SendData	BattleController_SendLocalMessage	src/battle/battle_controller.c	between
BattleController_SetMoveAnimation	BattleController_SetMoveAnimation	src/battle/battle_controller.c	same
BeginNormalPaletteFade	StartScreenFade	src/screen_fade.c	called
CalcAngleBetweenVecs	VEC_AngleBetween	src/fx_util.c	calls
CallFieldTask_RockClimb	FieldTask_StartUseRockClimb	src/overlay005/ov5_021DFB54.c	between
CallFieldTask_Surf	FieldTask_StartUseSurf	src/overlay005/ov5_021DFB54.c	order
CallFieldTask_Waterfall	FieldTask_StartUseWaterfall	src/overlay005/ov5_021DFB54.c	order
CheckSeenByNpcTrainers	FindUndefeatedTrainerInSight	src/trainer_encounter.c	order
ClearFrameAndWindow2	Window_EraseMessageBox	src/render_window.c	called
CommPlayerManager_ForcePosition	CommPlayerMan_ForcePos	src/comm_player_manager.c	calls
ConvertRSStringToDPStringInternational	GBACart_GetLanguage	src/main_menu/ov97_02235D18.c	called
DestroyListMenuCursorObj	ColoredArrow_Free	src/colored_arrow.c	called
DoFadeUpdateFrame	TryScreenFade	src/screen_fade.c	called
DrawFrameAndWindow1	Window_DrawStandardFrame	src/render_window.c	called
DrawFrameAndWindow2	Window_DrawMessageBoxWithScrollCursor	src/render_window.c	called
DrawFrameAndWindow3	Window_DrawSignpost	src/render_window.c	called
DrawPokemonPicFromMon	DrawPokemonPreviewFromStruct	src/render_window.c	between
DrawPokemonPicFromSpecies	DrawPokemonPreview	src/render_window.c	called
EasyChat_Exit	EasyChat_Exit	src/applications/easy_chat/main.c	same
EasyChat_Init	EasyChat_Init	src/applications/easy_chat/main.c	same
EasyChat_Main	EasyChat_Main	src/applications/easy_chat/main.c	same
EventObjectMovementMan_Create	MapObject_StartAnimation	src/unk_020655F4.c	called
EventObjectMovementMan_Delete	MapObject_FinishAnimation	src/unk_020655F4.c	called
EventObjectMovementMan_IsFinish	MapObject_HasAnimationEnded	src/unk_020655F4.c	called
FadeFunc_00	sub_0200F85C	src/screen_fade_funcs.c	order
FadeFunc_01	sub_0200F878	src/screen_fade_funcs.c	order
FadeFunc_02	sub_0200F898	src/screen_fade_funcs.c	order
FadeFunc_03	sub_0200F8D4	src/screen_fade_funcs.c	order
FadeFunc_04	sub_0200F90C	src/screen_fade_funcs.c	order
FadeFunc_05	sub_0200F948	src/screen_fade_funcs.c	order
FadeFunc_06	sub_0200F980	src/screen_fade_funcs.c	order
FadeFunc_07	sub_0200F9AC	src/screen_fade_funcs.c	order
FadeFunc_08	sub_0200F9D8	src/screen_fade_funcs.c	order
FadeFunc_09	sub_0200FA14	src/screen_fade_funcs.c	order
FadeFunc_10	sub_0200FA4C	src/screen_fade_funcs.c	order
FadeFunc_11	sub_0200FA88	src/screen_fade_funcs.c	order
FadeFunc_12	sub_0200FAC0	src/screen_fade_funcs.c	order
FadeFunc_13	sub_0200FAEC	src/screen_fade_funcs.c	order
FadeFunc_14	sub_0200FB18	src/screen_fade_funcs.c	order
FadeFunc_15	sub_0200FB4C	src/screen_fade_funcs.c	order
FadeFunc_16	sub_0200FB7C	src/screen_fade_funcs.c	order
FadeFunc_17	sub_0200FBA8	src/screen_fade_funcs.c	order
FadeFunc_18	sub_0200FBD4	src/screen_fade_funcs.c	order
FadeFunc_19	sub_0200FC00	src/screen_fade_funcs.c	order
FadeFunc_20	sub_0200FC2C	src/screen_fade_funcs.c	order
FadeFunc_21	sub_0200FC58	src/screen_fade_funcs.c	order
FadeFunc_23	sub_0200FC84	src/screen_fade_funcs.c	order
FadeFunc_24	sub_0200FCB0	src/screen_fade_funcs.c	order
FadeFunc_25	sub_0200FD08	src/screen_fade_funcs.c	order
FadeFunc_26	sub_0200FD34	src/screen_fade_funcs.c	order
FadeFunc_27	sub_0200FD60	src/screen_fade_funcs.c	order
FadeFunc_28	sub_0200FD8C	src/screen_fade_funcs.c	order
FadeFunc_29	sub_0200FDE0	src/screen_fade_funcs.c	order
FadeFunc_30	sub_0200FE30	src/screen_fade_funcs.c	order
FadeFunc_31	sub_0200FE6C	src/screen_fade_funcs.c	order
FadeFunc_32	sub_0200FEA4	src/screen_fade_funcs.c	order
FadeFunc_33	sub_0200FEEC	src/screen_fade_funcs.c	order
FadeFunc_34	sub_0200FF30	src/screen_fade_funcs.c	order
FadeFunc_35	sub_0200FF78	src/screen_fade_funcs.c	order
FadeFunc_36	sub_0200FFBC	src/screen_fade_funcs.c	order
FadeFunc_37	sub_0200FFE8	src/screen_fade_funcs.c	order
FadeFunc_39	sub_02010040	src/screen_fade_funcs.c	order
FadeFunc_42	sub_020100A8	src/screen_fade_funcs.c	order
FadeWork_UpdateFrame	TryScreenFadeFunc	src/screen_fade.c	called
Field3dModelAnimation_FrameAdvanceAndCheck	GetTreeIDFromMapHeaderID	src/overlay005/honey_tree.c	order
Field3dModelAnimation_FrameAdvanceAndLoop	GetShakesFromGroup	src/overlay005/honey_tree.c	order
Field3dModelAnimation_FrameGet	IsMunchlaxTree	src/overlay005/honey_tree.c	order
Field3dModelAnimation_FrameSet	SixHoursSinceSlathered	src/overlay005/honey_tree.c	order
Field3dModelAnimation_Unload	HoneyTree_FreeShakeData	src/overlay005/honey_tree.c	order
Field3dObject_Draw	HoneyTree_Unslather	src/overlay005/honey_tree.c	order
FieldCamera_Create	FieldCamera_Create	src/overlay005/field_camera.c	same
FieldCamera_Delete	FieldCamera_Delete	src/overlay005/field_camera.c	same
FieldEffectManager_Free	FieldEffectManager_Free	src/overlay005/field_effect_manager.c	same
FieldEffectManager_InitAnimManagerList	FieldEffectManager_InitAnimManagerList	src/overlay005/field_effect_manager.c	same
FieldEffectManager_InitRenderers	FieldEffectManager_InitRenderers	src/overlay005/field_effect_manager.c	same
FieldEffectManager_New	FieldEffectManager_New	src/overlay005/field_effect_manager.c	same
FieldEffectManager_Render	FieldEffectManager_Render	src/overlay005/field_effect_manager.c	same
FieldSystem_ShowMoneyBox	FieldMenu_CreateMoneyWindow	src/overlay005/field_menu.c	order
Field_PlayerAvatar_ApplyTransitionFlags	PlayerAvatar_RequestChangeState	src/overlay005/ov5_021DFB54.c	called
Field_PlayerAvatar_OrrTransitionFlags	PlayerAvatar_SetTransitionState	src/overlay005/ov5_021DFB54.c	called
Field_PlayerMovementSavingClear	ov5_021E0FC0	src/overlay005/ov5_021DFB54.c	order
Field_PlayerMovementSavingSet	ov5_021E0F54	src/overlay005/ov5_021DFB54.c	order
Field_SaveGameNormal	FieldSystem_Save	src/overlay005/save_info_window.c	order
Field_SaveStatsPrinter_Delete	SaveInfoWindow_Free	src/overlay005/save_info_window.c	calls
Field_SaveStatsPrinter_New	SaveInfoWindow_New	src/overlay005/save_info_window.c	calls
Field_SaveStatsPrinter_Print	SaveInfoWindow_Draw	src/overlay005/save_info_window.c	between
Field_SaveStatsPrinter_RemoveFromScreen	SaveInfoWindow_Erase	src/overlay005/save_info_window.c	between
FldObjSys_ReadMModelFromNarc	ov5_021EDCF4	src/overlay005/ov5_021ECE40.c	called
FrontierMap_Free	FrontierGraphics_Free	src/overlay104/frontier_graphics.c	calls
FrontierMap_Init	FrontierGraphics_New	src/overlay104/frontier_graphics.c	called
FrontierMap_LoadPaletteData	LoadMessageBoxAndWindowGraphics	src/overlay104/frontier_graphics.c	order
FrontierMap_Scroll	ov104_0223C798	src/overlay104/frontier_graphics.c	called
FrontierMap_Update	ov104_0223C738	src/overlay104/frontier_graphics.c	calls
FrontierScript_ReadVar	FrontierScriptContext_GetVar	src/overlay104/frscrcmd.c	called
FrontierScript_ReadVarPtr	FrontierScriptContext_TryGetVarPointer	src/overlay104/frscrcmd.c	called
FrtCmd_000	FrontierScrCmd_Noop	src/overlay104/frscrcmd.c	between
FrtCmd_001	FrontierScrCmd_End	src/overlay104/frscrcmd.c	between
FrtCmd_002	FrontierScrCmd_ExitFrontier	src/overlay104/frscrcmd.c	between
FrtCmd_003	FrontierScrCmd_ChangeSceneWithinScript	src/overlay104/frscrcmd.c	between
FrtCmd_004	FrontierScrCmd_ChangeScript	src/overlay104/frscrcmd.c	between
FrtCmd_005	FrontierScrCmd_WaitTime	src/overlay104/frscrcmd.c	calls
FrtCmd_006	FrontierScrCmd_SetVarFromValue	src/overlay104/frscrcmd.c	order
FrtCmd_007	FrontierScrCmd_SetVarFromVar	src/overlay104/frscrcmd.c	order
FrtCmd_008	FrontierScrCmd_AddVar	src/overlay104/frscrcmd.c	order
FrtCmd_009	FrontierScrCmd_SubVar	src/overlay104/frscrcmd.c	order
FrtCmd_010	FrontierScrCmd_GoTo	src/overlay104/frscrcmd.c	order
FrtCmd_011	FrontierScrCmd_GoToIf	src/overlay104/frscrcmd.c	order
FrtCmd_012	FrontierScrCmd_Call	src/overlay104/frscrcmd.c	calls
FrtCmd_013	FrontierScrCmd_Return	src/overlay104/frscrcmd.c	between
FrtCmd_014	FrontierScrCmd_CallIf	src/overlay104/frscrcmd.c	calls
FrtCmd_015	FrontierScrCmd_MessageInstant	src/overlay104/frscrcmd.c	order
FrtCmd_016	FrontierScrCmd_MessageNoSkip	src/overlay104/frscrcmd.c	order
FrtCmd_017	FrontierScrCmd_Message	src/overlay104/frscrcmd.c	order
FrtCmd_018	FrontierScrCmd_CloseMessage	src/overlay104/frscrcmd.c	order
FrtCmd_019	FrontierScrCmd_FadeScreen	src/overlay104/frscrcmd.c	calls
FrtCmd_020	FrontierScrCmd_WaitFadeScreen	src/overlay104/frscrcmd.c	between
FrtCmd_021	FrontierScrCmd_InitGlobalTextMenu	src/overlay104/frscrcmd.c	between
FrtCmd_022	FrontierScrCmd_InitLocalTextMenu	src/overlay104/frscrcmd.c	between
FrtCmd_023	FrontierScrCmd_AddMenuEntry	src/overlay104/frscrcmd.c	calls
FrtCmd_024	FrontierScrCmd_AddMenuEntryWithDesc	src/overlay104/frscrcmd.c	calls
FrtCmd_025	FrontierScrCmd_ShowMenu	src/overlay104/frscrcmd.c	order
FrtCmd_028	FrontierScrCmd_AddListMenuEntry	src/overlay104/frscrcmd.c	calls
FrtCmd_029	FrontierScrCmd_ShowListMenu	src/overlay104/frscrcmd.c	between
FrtCmd_030	FrontierScrCmd_FreeListMenu	src/overlay104/frscrcmd.c	between
FrtCmd_031	FrontierScrCmd_ShowYesNoMenu	src/overlay104/frscrcmd.c	between
FrtCmd_032	FrontierScrCmd_CompareVarToValue	src/overlay104/frscrcmd.c	order
FrtCmd_033	FrontierScrCmd_CompareVarToVar	src/overlay104/frscrcmd.c	order
FrtCmd_034	FrontierScrCmd_22	src/overlay104/frscrcmd.c	calls
FrtCmd_035	FrontierScrCmd_23	src/overlay104/frscrcmd.c	between
FrtCmd_036	FrontierScrCmd_24	src/overlay104/frscrcmd.c	calls
FrtCmd_037	FrontierScrCmd_25	src/overlay104/frscrcmd.c	between
FrtCmd_038	FrontierScrCmd_26	src/overlay104/frscrcmd.c	between
FrtCmd_039	FrontierScrCmd_Dummy27	src/overlay104/frscrcmd.c	between
FrtCmd_040	FrontierScrCmd_ApplyMovement	src/overlay104/frscrcmd.c	between
FrtCmd_041	FrontierScrCmd_WaitMovement	src/overlay104/frscrcmd.c	between
FrtCmd_042	FrontierScrCmd_2A	src/overlay104/frscrcmd.c	calls
FrtCmd_043	FrontierScrCmd_2B	src/overlay104/frscrcmd.c	between
FrtCmd_044	FrontierScrCmd_2C	src/overlay104/frscrcmd.c	calls
FrtCmd_045	FrontierScrCmd_2D	src/overlay104/frscrcmd.c	between
FrtCmd_046	FrontierScrCmd_2E	src/overlay104/frscrcmd.c	between
FrtCmd_047	FrontierScrCmd_2F	src/overlay104/frscrcmd.c	between
FrtCmd_048	FrontierScrCmd_30	src/overlay104/frscrcmd.c	between
FrtCmd_049	FrontierScrCmd_31	src/overlay104/frscrcmd.c	calls
FrtCmd_050	FrontierScrCmd_32	src/overlay104/frscrcmd.c	calls
FrtCmd_051	FrontierScrCmd_33	src/overlay104/frscrcmd.c	between
FrtCmd_052	FrontierScrCmd_34	src/overlay104/frscrcmd.c	order
FrtCmd_053	FrontierScrCmd_SyncConnectedPlayers	src/overlay104/frscrcmd.c	calls
FrtCmd_054	FrontierScrCmd_ClearReceivedTempDataAllPlayers	src/overlay104/frscrcmd.c	between
FrtCmd_055	FrontierScrCmd_EndCommunication	src/overlay104/frscrcmd.c	between
FrtCmd_056	FrontierScrCmd_GetRandom	src/overlay104/frscrcmd.c	between
FrtCmd_057	FrontierScrCmd_HealParty	src/overlay104/frscrcmd.c	between
FrtCmd_058	FrontierScrCmd_WaitABPress	src/overlay104/frscrcmd.c	between
FrtCmd_059	FrontierScrCmd_WaitABPressTime	src/overlay104/frscrcmd.c	between
FrtCmd_060	FrontierScrCmd_Dummy3C	src/overlay104/frscrcmd.c	between
FrtCmd_061	FrontierScrCmd_SetSystemVar	src/overlay104/frscrcmd.c	between
FrtCmd_062	FrontierScrCmd_GetSystemVar	src/overlay104/frscrcmd.c	between
FrtCmd_063	FrontierScrCmd_3F	src/overlay104/frscrcmd.c	calls
FrtCmd_065	FrontierScrCmd_InitParticleSystem	src/overlay104/frscrcmd.c	calls
FrtCmd_066	FrontierScrCmd_FreeParticleSystem	src/overlay104/frscrcmd.c	between
FrtCmd_067	FrontierScrCmd_CreateParticleSystemEmitter	src/overlay104/frscrcmd.c	between
FrtCmd_068	FrontierScrCmd_WaitForParticleSystemEmitters	src/overlay104/frscrcmd.c	between
FrtCmd_069	FrontierScrCmd_45	src/overlay104/frscrcmd.c	calls
FrtCmd_070	FrontierScrCmd_46	src/overlay104/frscrcmd.c	calls
FrtCmd_071	FrontierScrCmd_PlayFrontierBrainEncounterEffect	src/overlay104/frscrcmd.c	calls
FrtCmd_072	FrontierScrCmd_IncrementRecordValue	src/overlay104/frscrcmd.c	between
FrtCmd_073	FrontierScrCmd_AddToRecordValue	src/overlay104/frscrcmd.c	between
FrtCmd_074	FrontierScrCmd_IncrementTrainerScore	src/overlay104/frscrcmd.c	between
FrtCmd_075	FrontierScrCmd_4B	src/overlay104/frscrcmd.c	calls
FrtCmd_076	FrontierScrCmd_4C	src/overlay104/frscrcmd.c	between
FrtCmd_077	FrontierScrCmd_4D	src/overlay104/frscrcmd.c	between
FrtCmd_078	FrontierScrCmd_4E	src/overlay104/frscrcmd.c	between
FrtCmd_079	FrontierScrCmd_4F	src/overlay104/frscrcmd.c	between
FrtCmd_080	FrontierScrCmd_ShowCastlePointsWindows	src/overlay104/frscrcmd_battle_castle.c	between
FrtCmd_081	FrontierScrCmd_ClearCastlePointsWindows	src/overlay104/frscrcmd_battle_castle.c	between
FrtCmd_082	FrontierScrCmd_ReprintCastlePointsInfo	src/overlay104/frscrcmd_battle_castle.c	between
FrtCmd_084	FrontierScrCmd_54	src/overlay104/frscrcmd.c	order
FrtCmd_091	FrontierScrCmd_StopBGM	src/overlay104/frscrcmd_sound.c	calls
FrtCmd_092	FrontierScrCmd_InitBattleFactory	src/overlay104/frscrcmd_battle_factory.c	order
FrtCmd_093	FrontierScrCmd_BattleFactory_LoadTrainersForRound	src/overlay104/frscrcmd_battle_factory.c	order
FrtCmd_094	FrontierScrCmd_FreeBattleFactory	src/overlay104/frscrcmd_battle_factory.c	order
FrtCmd_095	FrontierScrCmd_OpenBattleFactoryAppInitial	src/overlay104/frscrcmd_battle_factory.c	order
FrtCmd_096	FrontierScrCmd_BattleFactory_CleanupBattle	src/overlay104/frscrcmd_battle_factory.c	order
FrtCmd_097	FrontierScrCmd_BattleFactory_StartBattle	src/overlay104/frscrcmd_battle_factory.c	order
FrtCmd_098	FrontierScrCmd_OpenBattleFactoryAppForTrade	src/overlay104/frscrcmd_battle_factory.c	order
FrtCmd_099	FrontierScrCmd_AddSelectedRentalsToParty	src/overlay104/frscrcmd_battle_factory.c	order
FrtCmd_100	FrontierScrCmd_BattleFactory_SetupNextOpponent	src/overlay104/frscrcmd_battle_factory.c	order
FrtCmd_101	FrontierScrCmd_BattleFactory_ApplyTrade	src/overlay104/frscrcmd_battle_factory.c	order
FrtCmd_102	FrontierScrCmd_BattleFactory_SetupNextOpponentsParty	src/overlay104/frscrcmd_battle_factory.c	order
FrtCmd_103	FrontierScrCmd_CallBattleFactoryFunction	src/overlay104/frscrcmd_battle_factory.c	order
FrtCmd_104	FrontierScrCmd_BattleFactory_CheckWonBattle	src/overlay104/frscrcmd_battle_factory.c	order
FrtCmd_105	FrontierScrCmd_BattleFactory_SendCommMessage	src/overlay104/frscrcmd_battle_factory.c	order
FrtCmd_106	FrontierScrCmd_BattleFactory_WaitForCommResponses	src/overlay104/frscrcmd_battle_factory.c	order
FrtCmd_107	ov104_0223942C	src/overlay104/frscrcmd_battle_tower.c	calls
FrtCmd_108	FrontierScrCmd_InitNewBattleRecording	src/overlay104/frscrcmd.c	order
FrtCmd_109	FrontierScrCmd_6D	src/overlay104/frscrcmd.c	calls
FrtCmd_110	FrontierScrCmd_6E	src/overlay104/frscrcmd.c	calls
FrtCmd_111	FrontierScrCmd_FreeBattleRecording	src/overlay104/frscrcmd.c	between
FrtCmd_112	FrontierScrCmd_70	src/overlay104/frscrcmd.c	calls
FrtCmd_113	FrontierScrCmd_71	src/overlay104/frscrcmd.c	calls
FrtCmd_114	FrontierScrCmd_72	src/overlay104/frscrcmd.c	calls
FrtCmd_115	FrontierScrCmd_73	src/overlay104/frscrcmd.c	calls
FrtCmd_116	FrontierScrCmd_SaveDataExtraInit	src/overlay104/frscrcmd.c	calls
FrtCmd_117	FrontierScrCmd_GetMiscSaveBlockInitFlag	src/overlay104/frscrcmd.c	calls
FrtCmd_119	FrontierScrCmd_ShowSavingIcon	src/overlay104/frscrcmd.c	between
FrtCmd_120	FrontierScrCmd_HideSavingIcon	src/overlay104/frscrcmd.c	between
FrtCmd_121	FrontierScrCmd_BufferItemName	src/overlay104/frscrcmd.c	calls
FrtCmd_122	FrontierScrCmd_53	src/overlay104/frscrcmd.c	calls
FrtCmd_123	FrontierScrCmd_BufferPlayerName	src/overlay104/frscrcmd.c	order
FrtCmd_124	FrontierScrCmd_BufferPartnerName	src/overlay104/frscrcmd.c	between
FrtCmd_125	FrontierScrCmd_BufferMoveName	src/overlay104/frscrcmd.c	calls
FrtCmd_126	FrontierScrCmd_BufferSpeciesName	src/overlay104/frscrcmd.c	calls
FrtCmd_127	FrontierScrCmd_BufferTypeName	src/overlay104/frscrcmd.c	order
FrtCmd_128	FrontierScrCmd_BufferRivalName	src/overlay104/frscrcmd.c	order
FrtCmd_129	FrontierScrCmd_GetNumBattlePoints	src/overlay104/frscrcmd.c	order
FrtCmd_130	FrontierScrCmd_GiveBattlePoints	src/overlay104/frscrcmd.c	order
FrtCmd_131	FrontierScrCmd_RemoteBattlePoints	src/overlay104/frscrcmd.c	order
FrtCmd_133	FrontierScrCmd_85	src/overlay104/frscrcmd_battle_tower.c	calls
FrtCmd_134	FrontierScrCmd_FreeTowerStruct	src/overlay104/frscrcmd_battle_tower.c	between
FrtCmd_135	FrontierScrCmd_BattleTower_StartBattle	src/overlay104/frscrcmd_battle_tower.c	between
FrtCmd_136	FrontierScrCmd_BattleTower_CheckWonBattle	src/overlay104/frscrcmd_battle_tower.c	calls
FrtCmd_137	FrontierScrCmd_89	src/overlay104/frscrcmd_battle_tower.c	between
FrtCmd_138	FrontierScrCmd_8A	src/overlay104/frscrcmd_battle_tower.c	calls
FrtCmd_150	FrontierScrCmd_Dummy96	src/overlay104/frscrcmd.c	between
FrtCmd_151	FrontierScrCmd_InitBattleCastle	src/overlay104/frscrcmd_battle_castle.c	between
FrtCmd_152	FrontierScrCmd_LoadTrainersForRound	src/overlay104/frscrcmd_battle_castle.c	between
FrtCmd_153	FrontierScrCmd_FreeBattleCastle	src/overlay104/frscrcmd_battle_castle.c	between
FrtCmd_154	FrontierScrCmd_OpenBattleCastleSelfApp	src/overlay104/frscrcmd_battle_castle.c	between
FrtCmd_155	FrontierScrCmd_BattleCastle_CleanupBattle	src/overlay104/frscrcmd_battle_castle.c	calls
FrtCmd_156	FrontierScrCmd_BattleCastle_StartBattle	src/overlay104/frscrcmd_battle_castle.c	between
FrtCmd_157	FrontierScrCmd_OpenBattleCastleOpponentApp	src/overlay104/frscrcmd_battle_castle.c	between
FrtCmd_158	FrontierScrCmd_BattleCastle_SetupFirstOpponent	src/overlay104/frscrcmd_battle_castle.c	between
FrtCmd_159	FrontierScrCmd_BattleCastle_SetupNextOpponent	src/overlay104/frscrcmd_battle_castle.c	between
FrtCmd_160	FrontierScrCmd_CallBattleCastleFunction	src/overlay104/frscrcmd_battle_castle.c	between
FrtCmd_161	FrontierScrCmd_BattleCastle_CheckWonBattle	src/overlay104/frscrcmd_battle_castle.c	between
FrtCmd_162	FrontierScrCmd_BattleCastle_SendCommMessage	src/overlay104/frscrcmd_battle_castle.c	between
FrtCmd_163	FrontierScrCmd_BattleCastle_WaitForCommResponses	src/overlay104/frscrcmd_battle_castle.c	between
FrtCmd_164	FrontierScrCmd_DummyOpenBattleCastleApp	src/overlay104/frscrcmd_battle_castle.c	between
FrtCmd_165	FrontierScrCmd_A5	src/overlay104/frscrcmd_battle_castle.c	between
FrtCmd_166	FrontierScrCmd_GetCurrentCastlePoints	src/overlay104/frscrcmd_battle_castle.c	between
FrtCmd_167	FrontierScrCmd_SpendCastlePoints	src/overlay104/frscrcmd_battle_castle.c	between
FrtCmd_168	FrontierScrCmd_ReceiveCastlePoints	src/overlay104/frscrcmd_battle_castle.c	calls
FrtCmd_169	FrontierScrCmd_BattleCastle_PrintTrainerIntro	src/overlay104/frscrcmd_battle_castle.c	between
FrtCmd_183	FrontierScrCmd_SetWiFiListHostFriendCurrentDate	src/overlay104/frscrcmd.c	between
FrtCmd_200	FrontierScrCmd_C8	src/overlay104/frscrcmd.c	between
FrtCmd_201	FrontierScrCmd_C9	src/overlay104/frscrcmd.c	calls
FrtCmd_206	FrontierScrCmd_SetMenuXOriginSide	src/overlay104/frscrcmd.c	order
FrtCmd_207	FrontierScrCmd_SetMenuYOriginSide	src/overlay104/frscrcmd.c	order
GF_InitG2dRenderer	InitRenderer	src/render_view.c	between
GF_SetG2dRendererSurface	SetRenderSurfaceViewRect	src/render_view.c	called
GF_TouchpadPauseOnLidClose	BeforeSleep	src/touch_pad.c	between
GF_TouchpadResumeOnLidOpen	AfterSleep	src/touch_pad.c	between
GF_TouchpadStartAutoSampling	StartAutoSampling	src/touch_pad.c	calls
GF_TouchpadStopAutoSampling	StopAutoSampling	src/touch_pad.c	calls
GeonetGlobe_Exit	ov92_021D1478	src/overlay092/ov92_021D0D80.c	calls
GeonetGlobe_Init	ov92_021D0D80	src/overlay092/ov92_021D0D80.c	calls
GeonetGlobe_Main	ov92_021D0EB8	src/overlay092/ov92_021D0D80.c	between
GetDeltaXByFacingDirection	MapObject_GetDxFromDir	src/map_object_move.c	called
GetDeltaYByFacingDirection	MapObject_GetDzFromDir	src/map_object_move.c	called
GetEngagingTrainerParams	ApproachingTrainer_Init	src/trainer_encounter.c	calls
GetMetatileBehavior	TileBehavior_IsPC	src/map_tile_behavior.c	called
HandleEndFade	ResetScreenFadeManager	src/screen_fade.c	called
HandleFadeUpdateFrame	ExecScreenFade	src/screen_fade.c	between
HatchEggApp_Exit	EggHatch_Exit	src/egg_hatch.c	calls
HatchEggApp_Init	EggHatch_Init	src/egg_hatch.c	calls
HatchEggApp_Main	EggHatch_Main	src/egg_hatch.c	calls
IdentifyPmAgbCartridge	ov97_02235DC8	src/main_menu/ov97_02235D18.c	calls
IncrementGameStat119	ov66_0222F030	src/overlay066/ov66_0222DDF0.c	order
IncrementGameStat47	ov66_0222F020	src/overlay066/ov66_0222DDF0.c	order
IsPaletteFadeFinished	IsScreenFadeDone	src/screen_fade.c	called
ListMenuCursorNew	ColoredArrow_New	src/colored_arrow.c	called
LoadMapSignpostFrameAndGraphic	LoadSignpostContentGraphics	src/render_window.c	calls
LoadUserFrameGfx1	LoadStandardWindowGraphics	src/render_window.c	called
LoadUserFrameGfx2	LoadMessageBoxGraphics	src/render_window.c	called
MapLoadManager_End	LandDataManager_End	src/overlay005/land_data.c	calls
MapLoadManager_ForgetTrackedTarget	LandDataManager_GetLoadedMapPropManager	src/overlay005/land_data.c	order
MapLoadManager_FreeNARCAndLoadedMapBuffers	LandDataManager_FreeNARCAndLoadedMapBuffers	src/overlay005/land_data.c	calls
MapLoadManager_HasEnded	LandDataManager_TrackTarget	src/overlay005/land_data.c	order
MapLoadManager_InitialLoad	LandDataManager_InitialLoad	src/overlay005/land_data.c	order
MapLoadManager_New	LandDataManager_New	src/overlay005/land_data.c	order
MapLoadManager_RenderLoadedMap	LandDataManager_RenderLoadedMap	src/overlay005/land_data.c	called
MapLoadManager_RenderLoadedMaps	LandDataManager_RenderLoadedMaps	src/overlay005/land_data.c	order
MapLoadManager_Tick	DistWorld_TickInactiveFloor	src/overlay009/ov9_02249960.c	called
MapLoadManager_TrackTarget	LandDataManager_ForgetTrackedTarget	src/overlay005/land_data.c	order
MapObjectMovementCmd000_Step0	MovementAction_FaceNorth_Step0	src/unk_020655F4.c	order
MapObjectMovementCmd001_Step0	MovementAction_FaceSouth_Step0	src/unk_020655F4.c	order
MapObjectMovementCmd002_Step0	MovementAction_FaceWest_Step0	src/unk_020655F4.c	order
MapObjectMovementCmd003_Step0	MovementAction_FaceEast_Step0	src/unk_020655F4.c	order
MapObjectMovementCmd004_Step0	MovementAction_WalkSlowerNorth_Step0	src/unk_020655F4.c	between
MapObjectMovementCmd005_Step0	MovementAction_WalkSlowerSouth_Step0	src/unk_020655F4.c	between
MapObjectMovementCmd006_Step0	MovementAction_WalkSlowerWest_Step0	src/unk_020655F4.c	between
MapObjectMovementCmd007_Step0	MovementAction_WalkSlowerEast_Step0	src/unk_020655F4.c	between
MapObjectMovementCmd008_Step0	MovementAction_WalkSlowNorth_Step0	src/unk_020655F4.c	between
MapObjectMovementCmd009_Step0	MovementAction_WalkSlowSouth_Step0	src/unk_020655F4.c	between
MapObjectMovementCmd010_Step0	MovementAction_WalkSlowWest_Step0	src/unk_020655F4.c	between
MapObjectMovementCmd011_Step0	MovementAction_WalkSlowEast_Step0	src/unk_020655F4.c	between
MapObjectMovementCmd012_Step0	MovementAction_WalkNormalNorth_Step0	src/unk_020655F4.c	between
MapObjectMovementCmd013_Step0	MovementAction_WalkNormalSouth_Step0	src/unk_020655F4.c	between
MapObjectMovementCmd014_Step0	MovementAction_WalkNormalWest_Step0	src/unk_020655F4.c	between
MapObjectMovementCmd015_Step0	MovementAction_WalkNormalEast_Step0	src/unk_020655F4.c	between
MapObjectMovementCmd016_Step0	MovementAction_WalkFastNorth_Step0	src/unk_020655F4.c	between
MapObjectMovementCmd017_Step0	MovementAction_WalkFastSouth_Step0	src/unk_020655F4.c	between
MapObjectMovementCmd018_Step0	MovementAction_WalkFastWest_Step0	src/unk_020655F4.c	between
MapObjectMovementCmd019_Step0	MovementAction_WalkFastEast_Step0	src/unk_020655F4.c	between
MapObjectMovementCmd020_Step0	MovementAction_WalkFasterNorth_Step0	src/unk_020655F4.c	between
MapObjectMovementCmd021_Step0	MovementAction_WalkFasterSouth_Step0	src/unk_020655F4.c	between
MapObjectMovementCmd022_Step0	MovementAction_WalkFasterWest_Step0	src/unk_020655F4.c	between
MapObjectMovementCmd023_Step0	MovementAction_WalkFasterEast_Step0	src/unk_020655F4.c	between
MapObjectMovementCmd024_Step0	MovementAction_WalkOnSpotSlowerNorth_Step0	src/unk_020655F4.c	order
MapObjectMovementCmd025_Step0	MovementAction_WalkOnSpotSlowerSouth_Step0	src/unk_020655F4.c	order
MapObjectMovementCmd026_Step0	MovementAction_WalkOnSpotSlowerWest_Step0	src/unk_020655F4.c	order
MapObjectMovementCmd027_Step0	MovementAction_WalkOnSpotSlowerEast_Step0	src/unk_020655F4.c	order
MapObjectMovementCmd028_Step0	MovementAction_WalkOnSpotSlowNorth_Step0	src/unk_020655F4.c	order
MapObjectMovementCmd029_Step0	MovementAction_WalkOnSpotSlowSouth_Step0	src/unk_020655F4.c	order
MapObjectMovementCmd030_Step0	MovementAction_WalkOnSpotSlowWest_Step0	src/unk_020655F4.c	order
MapObjectMovementCmd031_Step0	MovementAction_WalkOnSpotSlowEast_Step0	src/unk_020655F4.c	order
MapObjectMovementCmd032_Step0	MovementAction_WalkOnSpotNormalNorth_Step0	src/unk_020655F4.c	order
MapObjectMovementCmd033_Step0	MovementAction_WalkOnSpotNormalSouth_Step0	src/unk_020655F4.c	order
MapObjectMovementCmd034_Step0	MovementAction_WalkOnSpotNormalWest_Step0	src/unk_020655F4.c	order
MapObjectMovementCmd035_Step0	MovementAction_WalkOnSpotNormalEast_Step0	src/unk_020655F4.c	order
MapObjectMovementCmd036_Step0	MovementAction_WalkOnSpotFastNorth_Step0	src/unk_020655F4.c	order
MapObjectMovementCmd037_Step0	MovementAction_WalkOnSpotFastSouth_Step0	src/unk_020655F4.c	order
MapObjectMovementCmd038_Step0	MovementAction_WalkOnSpotFastWest_Step0	src/unk_020655F4.c	order
MapObjectMovementCmd039_Step0	MovementAction_WalkOnSpotFastEast_Step0	src/unk_020655F4.c	order
MapObjectMovementCmd040_Step0	MovementAction_WalkOnSpotFasterNorth_Step0	src/unk_020655F4.c	order
MapObjectMovementCmd040_Step1	MovementAction_WalkOnSpot_Step1	src/unk_020655F4.c	calls
MapObjectMovementCmd041_Step0	MovementAction_WalkOnSpotFasterSouth_Step0	src/unk_020655F4.c	order
MapObjectMovementCmd042_Step0	MovementAction_WalkOnSpotFasterWest_Step0	src/unk_020655F4.c	order
MapObjectMovementCmd043_Step0	MovementAction_WalkOnSpotFasterEast_Step0	src/unk_020655F4.c	order
MapObjectMovementCmd044_Step0	MovementAction_InitJump	src/unk_020655F4.c	order
MapObjectMovementCmd060_Step0	MovementAction_Delay1_Step0	src/unk_020655F4.c	order
MapObjectMovementCmd061_Step0	MovementAction_Delay2_Step0	src/unk_020655F4.c	order
MapObjectMovementCmd062_Step0	MovementAction_Delay4_Step0	src/unk_020655F4.c	order
MapObjectMovementCmd063_Step0	MovementAction_Delay8_Step0	src/unk_020655F4.c	order
MapObjectMovementCmd064_Step0	MovementAction_Delay15_Step0	src/unk_020655F4.c	order
MapObjectMovementCmd064_Step1	MovementAction_Delay_Step1	src/unk_020655F4.c	order
MapObjectMovementCmd065_Step0	MovementAction_Delay16_Step0	src/unk_020655F4.c	order
MapObjectMovementCmd066_Step0	MovementAction_Delay32_Step0	src/unk_020655F4.c	order
MapObjectMovementCmd067_Step0	MovementAction_WarpOut_Step0	src/unk_020655F4.c	order
MapObjectMovementCmd067_Step1	MovementAction_WarpOut_Step1	src/unk_020655F4.c	order
MapObjectMovementCmd068_Step0	MovementAction_WarpIn_Step0	src/unk_020655F4.c	order
MapObjectMovementCmd068_Step1	MovementAction_WarpIn_Step1	src/unk_020655F4.c	order
MapObjectMovementCmd069_Step0	MovementAction_SetInvisible_Step0	src/unk_020655F4.c	order
MapObjectMovementCmd070_Step0	MovementAction_SetVisible_Step0	src/unk_020655F4.c	order
MapObjectMovementCmd071_Step0	MovementAction_LockDir_Step0	src/unk_020655F4.c	order
MapObjectMovementCmd072_Step0	MovementAction_UnlockDir_Step0	src/unk_020655F4.c	order
MapObjectMovementCmd073_Step0	MovementAction_PauseAnimation_Step0	src/unk_020655F4.c	order
MapObjectMovementCmd074_Step0	MovementAction_ResumeAnimation_Step0	src/unk_020655F4.c	order
MapObjectMovementCmd075_Step1	MovementAction_Emote_Step1	src/unk_020655F4.c	calls
MapObjectMovementCmd076_Step0	MovementAction_WalkSlightlyFastNorth_Step0	src/unk_020655F4.c	order
MapObjectMovementCmd076_Step1	MovementAction_WalkSlightlyFast_Step1	src/unk_020655F4.c	order
MapObjectMovementCmd077_Step0	MovementAction_WalkSlightlyFastSouth_Step0	src/unk_020655F4.c	order
MapObjectMovementCmd078_Step0	MovementAction_WalkSlightlyFastWest_Step0	src/unk_020655F4.c	order
MapObjectMovementCmd079_Step0	MovementAction_WalkSlightlyFastEast_Step0	src/unk_020655F4.c	order
MapObjectMovementCmd080_Step0	MovementAction_WalkSlightlyFasterNorth_Step0	src/unk_020655F4.c	order
MapObjectMovementCmd081_Step0	MovementAction_WalkSlightlyFasterSouth_Step0	src/unk_020655F4.c	order
MapObjectMovementCmd082_Step0	MovementAction_WalkSlightlyFasterWest_Step0	src/unk_020655F4.c	order
MapObjectMovementCmd082_Step1	MovementAction_WalkSlightlyFaster_Step1	src/unk_020655F4.c	order
MapObjectMovementCmd083_Step0	MovementAction_WalkSlightlyFasterEast_Step0	src/unk_020655F4.c	order
MapObjectMovementCmd084_Step0	MovementAction_WalkFastestNorth_Step0	src/unk_020655F4.c	between
MapObjectMovementCmd085_Step0	MovementAction_WalkFastestSouth_Step0	src/unk_020655F4.c	between
MapObjectMovementCmd086_Step0	MovementAction_WalkFastestWest_Step0	src/unk_020655F4.c	between
MapObjectMovementCmd087_Step0	MovementAction_WalkFastestEast_Step0	src/unk_020655F4.c	between
MapObjectMovementCmd088_Step0	MovementAction_RunNorth_Step0	src/unk_020655F4.c	between
MapObjectMovementCmd089_Step0	MovementAction_RunSouth_Step0	src/unk_020655F4.c	between
MapObjectMovementCmd090_Step0	MovementAction_RunWest_Step0	src/unk_020655F4.c	between
MapObjectMovementCmd090_Step1	MovementAction_Walk_Step1	src/unk_020655F4.c	order
MapObjectMovementCmd091_Step0	MovementAction_RunEast_Step0	src/unk_020655F4.c	between
MapObjectMovementCmd092_Step0	MovementAction_JumpDistortionWorldNorth_Step0	src/unk_020655F4.c	order
MapObjectMovementCmd093_Step0	MovementAction_JumpDistortionWorldSouth_Step0	src/unk_020655F4.c	order
MapObjectMovementCmd094_Step0	MovementAction_JumpDistortionWorldWest_Step0	src/unk_020655F4.c	order
MapObjectMovementCmd095_Step0	MovementAction_JumpDistortionWorldEast_Step0	src/unk_020655F4.c	order
MapObjectMovementCmd096_Step0	MovementAction_WalkEverSoSlightlyFastNorth_Step0	src/unk_020655F4.c	order
MapObjectMovementCmd097_Step0	MovementAction_WalkEverSoSlightlyFastSouth_Step0	src/unk_020655F4.c	order
MapObjectMovementCmd098_Step0	MovementAction_WalkEverSoSlightlyFastWest_Step0	src/unk_020655F4.c	order
MapObjectMovementCmd098_Step1	MovementAction_WalkEverSoSlightlyFast_Step1	src/unk_020655F4.c	order
MapObjectMovementCmd098_Step2	MovementAction_End	src/unk_020655F4.c	between
MapObjectMovementCmd099_Step0	MovementAction_WalkEverSoSlightlyFastEast_Step0	src/unk_020655F4.c	order
MapObjectMovementCmd100_Step0	MovementAction_PokecenterNurseBow_Step0	src/unk_020655F4.c	order
MapObjectMovementCmd100_Step1	MovementAction_PokecenterNurseBow_Step1	src/unk_020655F4.c	calls
MapObjectMovementCmd101_Step0	MovementAction_RevealTrainer_Step0	src/unk_020655F4.c	between
MapObjectMovementCmd101_Step1	MovementAction_RevealTrainer_Step1	src/unk_020655F4.c	calls
MapObjectMovementCmd102_Step0	MovementAction_PlayerGive_Step0	src/unk_020655F4.c	order
MapObjectMovementCmd102_Step1	MovementAction_PlayerGiveReceive_Step1	src/unk_020655F4.c	order
MapObjectMovementCmd104_Step0	MovementAction_PlayerReceive_Step0	src/unk_020655F4.c	order
MapObjectMovementCmd105_Step0	sub_02066934	src/unk_020655F4.c	order
MapObjectMovementCmd105_Step2	sub_02066968	src/unk_020655F4.c	order
MapObjectMovementCmd105_Step4	sub_02066998	src/unk_020655F4.c	order
MapObjectMovementCmd105_Step6	sub_020669CC	src/unk_020655F4.c	order
MapObjectMovementCmd105_Step8	sub_020669FC	src/unk_020655F4.c	order
MapObjectMovementCmd106_Step0	sub_02066A2C	src/unk_020655F4.c	order
MapObjectMovementCmd106_Step2	sub_02066A60	src/unk_020655F4.c	order
MapObjectMovementCmd106_Step4	sub_02066A94	src/unk_020655F4.c	order
MapObjectMovementCmd106_Step6	sub_02066AC8	src/unk_020655F4.c	order
MapObjectMovementCmd107_Step0	sub_02066AFC	src/unk_020655F4.c	order
MapObjectMovementCmd107_Step10	sub_02066C20	src/unk_020655F4.c	order
MapObjectMovementCmd107_Step12	sub_02066C50	src/unk_020655F4.c	order
MapObjectMovementCmd107_Step2	sub_02066B30	src/unk_020655F4.c	order
MapObjectMovementCmd107_Step4	sub_02066B60	src/unk_020655F4.c	order
MapObjectMovementCmd107_Step6	sub_02066B90	src/unk_020655F4.c	order
MapObjectMovementCmd107_Step8	sub_02066BF0	src/unk_020655F4.c	order
MapObjectMovementCmd108_Step0	sub_02066CB8	src/unk_020655F4.c	order
MapObjectMovementCmd108_Step1	sub_020668EC	src/unk_020655F4.c	between
MapObjectMovementCmd108_Step2	sub_02066D18	src/unk_020655F4.c	order
MapObjectMovementCmd109_Step12	sub_02066C84	src/unk_020655F4.c	order
MapObjectMovementCmd110_Step0	sub_02066CE8	src/unk_020655F4.c	order
MapObjectMovementCmd111_Step0	sub_02066D4C	src/unk_020655F4.c	order
MapObjectMovementCmd111_Step10	sub_02066E50	src/unk_020655F4.c	order
MapObjectMovementCmd111_Step14	sub_02066E84	src/unk_020655F4.c	order
MapObjectMovementCmd111_Step16	sub_02066EB8	src/unk_020655F4.c	order
MapObjectMovementCmd111_Step18	sub_02066EEC	src/unk_020655F4.c	order
MapObjectMovementCmd111_Step2	sub_02066DB4	src/unk_020655F4.c	order
MapObjectMovementCmd111_Step4	sub_02066DE8	src/unk_020655F4.c	order
MapObjectMovementCmd111_Step6	sub_02066E1C	src/unk_020655F4.c	order
MapObjectMovementCmd112_Step0	sub_02066F20	src/unk_020655F4.c	order
MapObject_AreBitsSetForMovementScriptInit	LocalMapObj_IsAnimationSet	src/unk_020655F4.c	called
MapObject_ClearHeldMovement	sub_020656DC	src/unk_020655F4.c	called
MapObject_ClearHeldMovementIfActive	sub_020656AC	src/unk_020655F4.c	called
MapObject_ForceSetHeldMovement	sub_02065668	src/unk_020655F4.c	called
MapObject_GetTrainerNum	GetTrainerIDFromMapObj	src/trainer_encounter.c	called
MapObject_IsMovementPaused	MapObject_IsMovementPaused	src/map_object.c	same
MapObject_RunMovementCommand	MapObject_DoMovementActionStep	src/unk_020655F4.c	called
MapObject_SetHeldMovement	LocalMapObj_SetAnimationCode	src/unk_020655F4.c	called
MetatileBehavior_IsRockClimbInDirection	TileBehavior_IsMartShelf3	src/map_tile_behavior.c	called
MigrateBoxMon	BoxMonGBAToBoxMon	src/main_menu/gba_pokemon.c	called
MoneyBoxSys_Delete	FieldMenu_DeleteMoneyWindow	src/overlay005/field_menu.c	order
MoneyBoxSys_Update	FieldMenu_PrintMoneyToWindow	src/overlay005/field_menu.c	order
MoveRelearner_Exit	MoveReminder_Exit	src/applications/move_reminder.c	between
MoveRelearner_Init	MoveReminder_Init	src/applications/move_reminder.c	calls
MoveRelearner_Main	MoveReminder_Main	src/applications/move_reminder.c	calls
MoveTutorMenu_SetListItem	FieldMenuManager_AddListMenuEntry	src/overlay005/field_menu.c	order
MoveTutorMenu_SetListItem_Internal	_FieldMenuManager_AddListMenuEntry	src/overlay005/field_menu.c	order
MovementScriptMachine	MapObject_DoAnimation	src/unk_020655F4.c	between
MovementScriptMachineSub_Done	MovementAnimation_Increment	src/unk_020655F4.c	order
MovementScriptMachineSub_Init	MovementAnimation_Init	src/unk_020655F4.c	order
MovementScriptMachineSub_LoopCheck	ov5_021D5CA8	src/overlay005/ov5_021D5BC0.c	order
MovementScriptMachineSub_SetMovementCommand	MovementAnimation_Set	src/unk_020655F4.c	order
MovementScriptMachineSub_WaitReady	MovementAnimation_CheckSet	src/unk_020655F4.c	order
NintendoWfc_Exit	WifiBattleTower_AppExit	src/wifi_battle_tower/application.c	calls
NintendoWfc_Main	WifiBattleTower_AppMain	src/wifi_battle_tower/application.c	order
OpenAlphHiddenRoom	ov6_0223E384	src/overlay006/ov6_0223E140.c	order
OpponentData_GetHpBar	BattlerData_GetHealthBox	src/battle/battle_display.c	called
PalPad_Exit	ov64_0222DEA4	src/overlay064/ov64_0222DCE0.c	calls
PalPad_Init	PalPad_Init	src/pal_pad.c	same
PalPad_Main	ov64_0222DDAC	src/overlay064/ov64_0222DCE0.c	calls
PlayerAvatar_GetCoordsInFront	Field_Step	src/overlay005/field_control.c	order
PlayerAvatar_MoveControl	PlayerAvatar_MoveMain	src/player_move.c	order
PlayerAvatar_UpdateMovement	PlayerAvatar_UpdatePlayerMoveState	src/player_move.c	order
PmAgbCartridgeGetOffsets	ov97_02235D2C	src/main_menu/ov97_02235D18.c	called
PmAgbCartridgeHasFlash	ov97_02235D18	src/main_menu/ov97_02235D18.c	between
PmAgbCartridgeUnlinkSpec	ResetLoadedGBACartInfo	src/main_menu/ov97_02235D18.c	called
PmAgbCartridge_GetLanguage	GetGBAPlayerName	src/main_menu/gba_player.c	called
PmAgbCartridge_GetVersionInternal	GBACart_GetAGBGameType	src/main_menu/ov97_02235D18.c	between
PokemonSummary_Exit	PokemonSummaryScreen_Exit	src/applications/pokemon_summary_screen/main.c	calls
PokemonSummary_Init	PokemonSummaryScreen_Init	src/applications/pokemon_summary_screen/main.c	calls
PokemonSummary_Main	PokemonSummaryScreen_Main	src/applications/pokemon_summary_screen/main.c	between
Pokemon_GetStatusIconId	PokemonSummaryScreen_StatusIconAnimIdx	src/applications/pokemon_summary_screen/main.c	called
PrintCurFloorInNewWindow	FieldMenu_ShowCurrentFloorWindow	src/overlay005/field_menu.c	order
ResetVisibleHardwareWindows	ResetVisibleHardwareWindows	src/screen_fade.c	same
ScratchOffCards_Exit	ScratchOffCardApp_Exit	src/applications/scratch_off_cards/main.c	calls
ScratchOffCards_Init	ScratchOffCardApp_Init	src/applications/scratch_off_cards/main.c	calls
ScratchOffCards_Main	ScratchOffCardApp_Main	src/applications/scratch_off_cards/main.c	between
SetMasterBrightness	SetScreenMasterBrightness	src/screen_fade.c	called
TradeSequence_Exit	TradeSequence_Exit	src/cutscenes/trade_sequence/main.c	same
TradeSequence_Init	TradeSequence_Init	src/cutscenes/trade_sequence/main.c	same
TradeSequence_Main	TradeSequence_Main	src/cutscenes/trade_sequence/main.c	same
TrainerCardSignature_Exit	SignatureApp_Exit	src/applications/signature.c	calls
TrainerCardSignature_Init	SignatureApp_Init	src/applications/signature.c	calls
TrainerCardSignature_Main	SignatureApp_Main	src/applications/signature.c	calls
TranslateAgbSpecies	GBAPokemon_ConvertSpeciesToDS	src/main_menu/gba_pokemon.c	called
TryGetSeenByNpcTrainers	FieldSystem_CheckForTrainersWantingBattle	src/trainer_encounter.c	order
UnkBallData_SetBallAnimation	ov12_022368C8	src/battle_anim/ov12_02235E94.c	between
WaitingIcon_New	Window_AddWaitDial	src/render_window.c	called
WeatherManager_ChangeWeather	ov5_021D5F7C	src/overlay005/ov5_021D5EB8.c	called
WeatherManager_Delete	ov5_021D5EF8	src/overlay005/ov5_021D5EB8.c	order
WeatherManager_New	MapNamePopUp_Create	src/overlay005/map_name_popup.c	called
WeatherManager_SetWeather	ov5_021D5F24	src/overlay005/ov5_021D5EB8.c	between
WirelessTradeSelectMon_Exit	TradeRoom_Exit	src/applications/trade_room/application.c	calls
WirelessTradeSelectMon_Init	TradeRoom_Init	src/applications/trade_room/application.c	calls
WirelessTradeSelectMon_Main	TradeRoom_Main	src/applications/trade_room/application.c	calls
ov00_021E5900	NintendoWFC_Init	src/nintendo_wfc/main.c	called
ov00_021E5AE8	NintendoWFC_Cleanup	src/nintendo_wfc/main.c	calls
ov00_021E5B6C	NintendoWFC_ConnectToDWCServer	src/nintendo_wfc/main.c	called
ov00_021E5C84	NintendoDWC_SetDataTransferCallbacks	src/nintendo_wfc/main.c	called
ov00_021E5CA0	NintendoWFC_SetConnectionClosedCB	src/nintendo_wfc/main.c	between
ov00_021E5CBC	NintendoWFC_SetHostMatchCallback	src/nintendo_wfc/main.c	between
ov00_021E5CD0	NintendoWFC_SetNewClientCallback	src/nintendo_wfc/main.c	between
ov00_021E5CEC	NintendoWFC_StartPublicMatchmaking	src/nintendo_wfc/main.c	between
ov00_021E5E34	SetWFCStateToReset	src/nintendo_wfc/main.c	between
ov00_021E5E54	NintendoWFC_Process	src/nintendo_wfc/main.c	called
ov00_021E5F84	NintendoWFC_SendData_Server	src/nintendo_wfc/main.c	order
ov00_021E602C	NintendoWFC_SendData_Client	src/nintendo_wfc/main.c	order
ov00_021E60E8	NintendoWFC_SendData	src/nintendo_wfc/main.c	order
ov00_021E61A8	LoginCompleteCallback	src/nintendo_wfc/main.c	calls
ov00_021E6240	ReceiveTimeoutCallback	src/nintendo_wfc/main.c	between
ov00_021E6274	UpdateServersCallback	src/nintendo_wfc/main.c	between
ov00_021E6298	DummyFriendStatusCallback	src/nintendo_wfc/main.c	between
ov00_021E629C	DeleteDuplicateFriendCallback	src/nintendo_wfc/main.c	between
ov00_021E62D4	DummyWFCBuddyFriendCB	src/nintendo_wfc/main.c	between
ov00_021E62D8	ClearAllClientUpdateTimers	src/nintendo_wfc/main.c	between
ov00_021E62F4	ResetTimeoutTimers	src/nintendo_wfc/main.c	between
ov00_021E6388	CreateAllReceiveBuffers	src/nintendo_wfc/main.c	between
ov00_021E63CC	MatchmakingLobbyMatchedCallback	src/nintendo_wfc/main.c	between
ov00_021E6424	DummyPlayerEvalCallback	src/nintendo_wfc/main.c	between
ov00_021E6428	SendCallback	src/nintendo_wfc/main.c	between
ov00_021E644C	SetOtherPlayersEnabledVC	src/nintendo_wfc/main.c	between
ov00_021E6484	ReceiveCallback	src/nintendo_wfc/main.c	between
ov00_021E6554	ConnectionClosedCallback	src/nintendo_wfc/main.c	between
ov00_021E65D4	NintendoWFCAlloc	src/nintendo_wfc/main.c	calls
ov00_021E6638	NintendoWFCFree	src/nintendo_wfc/main.c	calls
ov00_021E6690	NintendoWFC_HandleError	src/nintendo_wfc/main.c	called
ov00_021E6790	CanSendToAll	src/nintendo_wfc/main.c	called
ov00_021E67E0	SendHeaderToConnectedClients	src/nintendo_wfc/main.c	between
ov00_021E6850	ProcessConnectionForFrame	src/nintendo_wfc/main.c	between
ov00_021E6964	NintendoWFC_GetNetID	src/nintendo_wfc/main.c	called
ov00_021E6994	DisableVoiceChat	src/nintendo_wfc/main.c	between
ov00_021E69A8	NintendoWFC_StartVoiceChat	src/nintendo_wfc/main.c	between
ov00_021E6A4C	NintendoWFC_TerminateVoiceChat	src/nintendo_wfc/main.c	called
ov00_021E6A70	NintendoWFC_GetErrorCode	src/nintendo_wfc/main.c	called
ov00_021E6BE4	NintendoWFC_EndConnection	src/nintendo_wfc/main.c	called
ov00_021E6C68	NintendoWFC_ReturnToReadyState	src/nintendo_wfc/main.c	called
ov00_021E6CA4	NintendoWFC_SetFatalErrorCallback	src/nintendo_wfc/main.c	called
ov00_021E6CB8	NintendoWFC_Stop	src/nintendo_wfc/main.c	called
ov00_021E6CCC	NintendoWFC_SetFriendStatusesBuffer	src/nintendo_wfc/main.c	called
ov00_021E6CE8	GetNextFriendStatus	src/nintendo_wfc/main.c	called
ov00_021E6D60	NintendoWFC_SetStatusData	src/nintendo_wfc/main.c	called
ov00_021E6D68	NintendoWFC_GetFriendStatus	src/nintendo_wfc/main.c	between
ov00_021E6D7C	NintendoWFC_StartConnectionWithFriends	src/nintendo_wfc/main.c	called
ov00_021E6EBC	NintendoWFC_GetHostFriendIdx	src/nintendo_wfc/main.c	called
ov00_021E6ED8	MatchmakingHostMatchedCallback	src/nintendo_wfc/main.c	between
ov00_021E6FBC	MatchmakingClientMatchedCallback	src/nintendo_wfc/main.c	between
ov00_021E6FE0	MatchmakingNewClientCallback	src/nintendo_wfc/main.c	between
ov00_021E700C	DebugCheckProfileAndFriends	src/nintendo_wfc/main.c	calls
ov00_021E7078	NintendoWFC_IsPlayerSpeaking	src/nintendo_wfc/main.c	order
ov00_021E7080	NintendoWFC_GetVoiceChatEnabled	src/nintendo_wfc/main.c	order
ov00_021E709C	NintendoWFC_GetLatestNewClientFriendIdx	src/nintendo_wfc/main.c	order
ov00_021E70B8	NintendoWFC_SetVoiceChatEnabled	src/nintendo_wfc/main.c	called
ov00_021E70CC	NintendoWFC_SetVoiceChatEnabled_Battle	src/nintendo_wfc/main.c	order
ov00_021E70E0	MatchmakingCancelCallback	src/nintendo_wfc/main.c	order
ov00_021E70F4	NintendoWFC_CancelMatchmaking	src/nintendo_wfc/main.c	called
ov00_021E7130	NintendoWFC_ResetMatchmakingCancelState	src/nintendo_wfc/main.c	between
ov00_021E7144	NintendoWFC_GetNumConnections	src/nintendo_wfc/main.c	between
ov00_021E714C	NintendoWFC_ManageSecondaryHeap	src/nintendo_wfc/main.c	calls
ov00_021E7220	NintendoWFC_SetDisconnectIfAlone	src/nintendo_wfc/main.c	called
ov00_021E7234	FreeReceiveBuffer	src/nintendo_wfc/main.c	calls
ov00_021E727C	CreateReceiveBuffer	src/nintendo_wfc/main.c	calls
ov00_021E7300	FreeAllReceiveBuffers	src/nintendo_wfc/main.c	called
ov00_021E7314	NintendoWFC_GetNeedsGameSave	src/nintendo_wfc/main.c	between
ov00_021E7328	NintendoWFC_ResetNeedsGameSave	src/nintendo_wfc/main.c	between
ov00_021E733C	InitVoiceChat	src/nintendo_wfc/voice_chat.c	calls
ov00_021E73E4	DummyMicCallback	src/nintendo_wfc/voice_chat.c	between
ov00_021E73E8	SoundStreamCallback	src/nintendo_wfc/voice_chat.c	between
ov00_021E74A8	RequestVoiceChat	src/nintendo_wfc/voice_chat.c	calls
ov00_021E74FC	AcceptIncomingCall	src/nintendo_wfc/voice_chat.c	calls
ov00_021E7544	VoiceChatConferenceCallback	src/nintendo_wfc/voice_chat.c	between
ov00_021E756C	VoiceChatPhoneCallback	src/nintendo_wfc/voice_chat.c	between
ov00_021E7638	EndVoiceChatSession	src/nintendo_wfc/voice_chat.c	calls
ov00_021E765C	VoiceChat_Main	src/nintendo_wfc/voice_chat.c	calls
ov00_021E77A4	VoiceChat_ProcessReceivedData	src/nintendo_wfc/voice_chat.c	called
ov00_021E77CC	Alloc32ByteAligned	src/nintendo_wfc/voice_chat.c	between
ov00_021E77F4	VoiceChat_Start	src/nintendo_wfc/voice_chat.c	called
ov00_021E79B4	StartSoundStream	src/nintendo_wfc/voice_chat.c	between
ov00_021E79CC	VoiceChat_RequestEnd	src/nintendo_wfc/voice_chat.c	calls
ov00_021E7A1C	VoiceChat_SetCleanupCallback	src/nintendo_wfc/voice_chat.c	called
ov00_021E7A30	VoiceChat_Stop	src/nintendo_wfc/voice_chat.c	calls
ov00_021E7AA4	VoiceChat_DetectVoice	src/nintendo_wfc/voice_chat.c	called
ov00_021E7ACC	VoiceChat_Disable	src/nintendo_wfc/voice_chat.c	called
ov00_021E7AE0	VoiceChat_Enable	src/nintendo_wfc/voice_chat.c	called
ov01_021E90C0	ov5_021D431C	src/overlay005/ov5_021D431C.c	order
ov01_021E90D4	ov5_021D432C	src/overlay005/ov5_021D431C.c	order
ov01_021E90DC	ov5_021D4334	src/overlay005/ov5_021D431C.c	order
ov01_021E90E4	ov5_021D433C	src/overlay005/ov5_021D431C.c	order
ov01_021E9374	ov5_021D453C	src/overlay005/ov5_021D431C.c	order
ov01_021E95CC	ov5_021D4798	src/overlay005/ov5_021D431C.c	called
ov01_021E9610	ov5_021D47DC	src/overlay005/ov5_021D431C.c	order
ov01_021E9700	DoorAnimation_GetSoundEffectType	src/overlay005/ov5_021D431C.c	order
ov01_021E971C	ov5_021D4858	src/overlay005/ov5_021D431C.c	order
ov01_021E98F0	ov5_021D4A24	src/overlay005/ov5_021D431C.c	order
ov01_021E9ABC	FieldTask_WaitForAnimation	src/overlay005/ov5_021D431C.c	calls
ov01_021E9AE8	DoorAnimation_FindDoorAndLoad	src/overlay005/ov5_021D431C.c	order
ov01_021E9BB8	DoorAnimation_PlayOpenAnimation	src/overlay005/ov5_021D431C.c	order
ov01_021E9BDC	DoorAnimation_PlayCloseAnimation	src/overlay005/ov5_021D431C.c	order
ov01_021E9C00	FieldSystem_WaitForAnimation	src/overlay005/ov5_021D431C.c	order
ov01_021E9C20	FieldSystem_UnloadAnimation	src/overlay005/ov5_021D431C.c	order
ov01_021E9C30	ov5_021D4E00	src/overlay005/ov5_021D431C.c	order
ov01_021E9C40	ov5_021D4E10	src/overlay005/ov5_021D431C.c	between
ov01_021E9EEC	ov5_021D4F14	src/overlay005/ov5_021D431C.c	calls
ov01_021E9F78	ov5_021D4FA0	src/overlay005/ov5_021D431C.c	calls
ov01_021E9FF8	ov5_021D5020	src/overlay005/ov5_021D431C.c	order
ov01_021EA128	ov5_021D5150	src/overlay005/ov5_021D431C.c	order
ov01_021EA300	AreaLightTemplate_ApplyToModelAttributes	src/overlay005/area_light.c	called
ov01_021EA398	AreaLightManager_ApplyActiveTemplateToAreaModelAttrs	src/overlay005/area_light.c	order
ov01_021EA3B0	AreaLight_UseGlobalModelAttributes	src/overlay005/area_light.c	between
ov01_021EA3E0	AreaLightTemplate_New	src/overlay005/area_light.c	order
ov01_021EA564	AreaLightTemplate_Free	src/overlay005/area_light.c	order
ov01_021EA578	AreaLightTemplate_ParseLightAttrs	src/overlay005/area_light.c	order
ov01_021EA668	AreaLightTemplate_ParseColor	src/overlay005/area_light.c	order
ov01_021EAD8C	TextureResourceManager_Free	src/overlay005/texture_resource_manager.c	called
ov01_021EB31C	ov5_021D5FE0	src/overlay005/ov5_021D5EB8.c	order
ov01_021EB320	ov5_021D5FE4	src/overlay005/ov5_021D5EB8.c	order
ov01_021EB3F0	ov5_021D60B4	src/overlay005/ov5_021D5EB8.c	order
ov01_021EB4B4	ov5_021D6178	src/overlay005/ov5_021D5EB8.c	order
ov01_021EB4B8	ov5_021D61D0	src/overlay005/ov5_021D5EB8.c	called
ov01_021EB56C	ov5_021D6284	src/overlay005/ov5_021D5EB8.c	between
ov01_021EB578	ov5_021D6290	src/overlay005/ov5_021D5EB8.c	calls
ov01_021EB5A4	ov5_021D62BC	src/overlay005/ov5_021D5EB8.c	calls
ov01_021EB5F4	ov5_021D630C	src/overlay005/ov5_021D5EB8.c	between
ov01_021EB64C	ov5_021D6364	src/overlay005/ov5_021D5EB8.c	calls
ov01_021EB68C	ov5_021D63A4	src/overlay005/ov5_021D5EB8.c	calls
ov01_021EB700	ov5_021D6418	src/overlay005/ov5_021D5EB8.c	order
ov01_021EB804	ov5_021D64D0	src/overlay005/ov5_021D5EB8.c	called
ov01_021EB830	ov5_021D6538	src/overlay005/ov5_021D5EB8.c	order
ov01_021EB840	ov5_021D6548	src/overlay005/ov5_021D5EB8.c	between
ov01_021EB86C	ov5_021D6594	src/overlay005/ov5_021D5EB8.c	order
ov01_021EB898	ov5_021D65C0	src/overlay005/ov5_021D5EB8.c	order
ov01_021EB968	ov5_021D6690	src/overlay005/ov5_021D5EB8.c	order
ov01_021EB9A8	ov5_021D66D0	src/overlay005/ov5_021D5EB8.c	order
ov01_021EBA08	ov5_021D6730	src/overlay005/ov5_021D5EB8.c	order
ov01_021EBA44	ov5_021D676C	src/overlay005/ov5_021D5EB8.c	order
ov01_021EBB40	ov5_021D6868	src/overlay005/ov5_021D5EB8.c	order
ov01_021EBB68	ov5_021D6890	src/overlay005/ov5_021D5EB8.c	order
ov01_021EBB90	ov5_021D68B8	src/overlay005/ov5_021D5EB8.c	calls
ov01_021EBCA4	ov5_021D69B8	src/overlay005/ov5_021D5EB8.c	between
ov01_021EBD18	ov5_021D6A2C	src/overlay005/ov5_021D5EB8.c	called
ov01_021EBD34	ov5_021D6A48	src/overlay005/ov5_021D5EB8.c	called
ov01_021EBD70	ov5_021D6A84	src/overlay005/ov5_021D5EB8.c	between
ov01_021EBE4C	ov5_021D6B60	src/overlay005/ov5_021D5EB8.c	called
ov01_021EBEB8	ov5_021D6BC4	src/overlay005/ov5_021D5EB8.c	between
ov01_021EBEF0	ov5_021D6BFC	src/overlay005/ov5_021D5EB8.c	called
ov01_021EBF24	ov5_021D6C30	src/overlay005/ov5_021D5EB8.c	called
ov01_021EBF58	ov5_021D6C64	src/overlay005/ov5_021D5EB8.c	called
ov01_021EBF94	ov5_021D6CA0	src/overlay005/ov5_021D5EB8.c	called
ov01_021EBFD0	ov5_021D6CDC	src/overlay005/ov5_021D5EB8.c	between
ov01_021EC028	ov5_021D6D34	src/overlay005/ov5_021D5EB8.c	called
ov01_021EC058	ov5_021D6D64	src/overlay005/ov5_021D5EB8.c	between
ov01_021EC078	CutIn_LoadBgPalette	src/overlay006/hm_cut_in.c	calls
ov01_021EC0C0	ov5_021D6DCC	src/overlay005/ov5_021D5EB8.c	between
ov01_021EC114	ov5_021D6E20	src/overlay005/ov5_021D5EB8.c	between
ov01_021EC1BC	ov5_021D6EC8	src/overlay005/ov5_021D5EB8.c	between
ov01_021EC1E4	ov5_021D6EF0	src/overlay005/ov5_021D5EB8.c	called
ov01_021EC1F4	ov5_021D6F00	src/overlay005/ov5_021D5EB8.c	between
ov01_021EC240	ov5_021D6F4C	src/overlay005/ov5_021D5EB8.c	called
ov01_021EC29C	ov5_021D6FA8	src/overlay005/ov5_021D5EB8.c	calls
ov01_021EC2CC	ov5_021D6FD8	src/overlay005/ov5_021D5EB8.c	order
ov01_021EC2E4	ov5_021D6FF0	src/overlay005/ov5_021D5EB8.c	order
ov01_021EC300	ov5_021D700C	src/overlay005/ov5_021D5EB8.c	order
ov01_021EC304	ov5_021D7010	src/overlay005/ov5_021D5EB8.c	called
ov01_021EC31C	ov5_021D7028	src/overlay005/ov5_021D5EB8.c	called
ov01_021EC470	ov5_021D717C	src/overlay005/ov5_021D5EB8.c	order
ov01_021EC4A8	ov5_021D71B4	src/overlay005/ov5_021D5EB8.c	order
ov01_021EC504	ov5_021D7210	src/overlay005/ov5_021D5EB8.c	order
ov01_021EC52C	ov5_021D7238	src/overlay005/ov5_021D5EB8.c	order
ov01_021EC538	ov5_021D7244	src/overlay005/ov5_021D5EB8.c	order
ov01_021EC5FC	ov5_021D7308	src/overlay005/ov5_021D5EB8.c	order
ov01_021EC650	ov5_021D735C	src/overlay005/ov5_021D5EB8.c	order
ov01_021EC678	ov5_021D7384	src/overlay005/ov5_021D5EB8.c	order
ov01_021EC6A4	ov5_021D73B0	src/overlay005/ov5_021D5EB8.c	called
ov01_021EC728	ov5_021D7434	src/overlay005/ov5_021D5EB8.c	order
ov01_021EC774	ov5_021D7480	src/overlay005/ov5_021D5EB8.c	order
ov01_021EC790	ov5_021D749C	src/overlay005/ov5_021D5EB8.c	order
ov01_021EC7AC	ov5_021D74B8	src/overlay005/ov5_021D5EB8.c	order
ov01_021EC7C8	ov5_021D74D4	src/overlay005/ov5_021D5EB8.c	order
ov01_021EC7E8	ov5_021D74F4	src/overlay005/ov5_021D5EB8.c	order
ov01_021EC828	ov5_021D7534	src/overlay005/ov5_021D5EB8.c	order
ov01_021EC85C	ov5_021D7568	src/overlay005/ov5_021D5EB8.c	order
ov01_021EC8D8	ov5_021D75E4	src/overlay005/ov5_021D5EB8.c	order
ov01_021EC8F8	ov5_021D7604	src/overlay005/ov5_021D5EB8.c	order
ov01_021EC94C	ov5_021D7658	src/overlay005/ov5_021D5EB8.c	calls
ov01_021ECBB4	ov5_021D78A4	src/overlay005/ov5_021D5EB8.c	order
ov01_021ECC70	ov5_021D7960	src/overlay005/ov5_021D5EB8.c	order
ov01_021ECD08	ov5_021D7E54	src/overlay005/ov5_021D5EB8.c	order
ov01_021ECF4C	ov5_021D8098	src/overlay005/ov5_021D5EB8.c	order
ov01_021ED070	ov5_021D93DC	src/overlay005/ov5_021D5EB8.c	order
ov01_021ED0F0	ov5_021D9464	src/overlay005/ov5_021D5EB8.c	order
ov01_021ED31C	ov5_021D9690	src/overlay005/ov5_021D5EB8.c	between
ov01_021ED44C	ov5_021D97C0	src/overlay005/ov5_021D5EB8.c	order
ov01_021ED474	ov5_021D9C20	src/overlay005/ov5_021D5EB8.c	called
ov01_021ED584	ov5_021DA8A0	src/overlay005/ov5_021D5EB8.c	order
ov01_021ED710	ov5_021DAC68	src/overlay005/ov5_021D5EB8.c	order
ov01_021EDA50	ov5_021DB3A8	src/overlay005/ov5_021D5EB8.c	order
ov01_021EDAB4	ov5_021DB4B8	src/overlay005/ov5_021D5EB8.c	order
ov01_021EDAE0	ov5_021DB4E4	src/overlay005/ov5_021D5EB8.c	order
ov01_021EDAFC	FieldMenuManager_Init	src/overlay005/field_menu.c	order
ov01_021EDC28	FieldMenuManager_New	src/overlay005/field_menu.c	called
ov01_021EDC7C	FieldMenuManager_AddMenuEntry	src/overlay005/field_menu.c	order
ov01_021EDC84	FieldMenuManager_ShowSingleColumnMenu	src/overlay005/field_menu.c	order
ov01_021EDD68	_FieldMenuManager_AddMenuEntry	src/overlay005/field_menu.c	order
ov01_021EDDD8	CalcMenuWidth	src/overlay005/field_menu.c	between
ov01_021EDE18	FieldMenuManager_SetupSingleColumnMenu	src/overlay005/field_menu.c	order
ov01_021EDE8C	MenuSysTaskCallback	src/overlay005/field_menu.c	order
ov01_021EDF00	PoffinTypeList_Free	src/poffin_types.c	calls
ov01_021EDF38	FieldMenuManager_DeleteWithMenu	src/overlay005/field_menu.c	order
ov01_021EDF78	FieldMenuManager_New2	src/overlay005/field_menu.c	order
ov01_021EDFA4	FieldMenuManager_ShowListMenu	src/overlay005/field_menu.c	order
ov01_021EE014	FieldMenuManager_ShowListMenuWithWidth	src/overlay005/field_menu.c	order
ov01_021EE01C	_FieldMenuManager_ShowListMenuWithWidth	src/overlay005/field_menu.c	order
ov01_021EE0EC	FieldMenuManager_ShowListMenuWithCursorPosition	src/overlay005/field_menu.c	order
ov01_021EE2E4	CalcListMenuWidth	src/overlay005/field_menu.c	between
ov01_021EE324	FieldMenuManager_InitListMenuTemplate	src/overlay005/field_menu.c	order
ov01_021EE434	ListMenuPrintCallback	src/overlay005/field_menu.c	order
ov01_021EE458	ListMenuCursorCallback	src/overlay005/field_menu.c	order
ov01_021EE49C	ListMenuSysTaskCallback	src/overlay005/field_menu.c	order
ov01_021EE568	FieldMenuManager_DeleteWithListMenu	src/overlay005/field_menu.c	order
ov01_021EE5D0	FieldMenuManager_PrintListMenuAltText	src/overlay005/field_menu.c	called
ov01_021EE634	FieldMenuManager_UpdateListMenuAltText	src/overlay005/field_menu.c	order
ov01_021EE754	FieldMenuManager_PrintString	src/overlay005/field_menu.c	order
ov01_021EE7B8	CurrentFloorWindowSystaskCallback	src/overlay005/field_menu.c	order
ov01_021EE934	FieldMenu_GetFloorsAbove	src/overlay005/field_menu.c	order
ov01_021EE974	FieldMenuManager_ShowMultiColumnMenu	src/overlay005/field_menu.c	order
ov01_021EEA44	FieldMenuManager_SetupMultiColumnMenu	src/overlay005/field_menu.c	order
ov01_021EEC00	FieldMenu_DrawCoinWindow	src/overlay005/field_menu.c	order
ov01_021EEC68	FieldMenu_DeleteSpecialCurrencyWindow	src/overlay005/field_menu.c	order
ov01_021EEC7C	FieldMenu_PrintCoinsToWindow	src/overlay005/field_menu.c	order
ov01_021EED60	FieldMenu_DrawBPWindow	src/overlay005/field_menu.c	order
ov01_021EEE44	FieldMenu_PrintBPToWindow	src/overlay005/field_menu.c	order
ov01_021EEF58	MapMatrix_GetMapHeaderIDAtCoords	src/map_matrix.c	order
ov01_021EEF60	MapMatrix_GetMapHeaderIDAtIndex	src/map_matrix.c	order
ov01_021EEF68	Contest_CalcFirstTimeVictoryAccessoryReward	src/contest.c	called
ov01_021EEF88	Contest_LockAutoScrollForLinkContests	src/contest.c	called
ov01_021EF00C	MainMapMatrixData_GetMapHeaderIDAtCoords	src/map_matrix.c	order
ov01_021EF018	FieldMenuManager_SetHorizontalAnchor	src/overlay005/field_menu.c	order
ov01_021EF034	FieldMenuManager_SetVerticalAnchor	src/overlay005/field_menu.c	order
ov01_021EFC94	EncounterEffect_Start	src/overlay005/encounter_effect.c	order
ov01_021EFCDC	EncounterEffect_Finish	src/overlay005/encounter_effect.c	calls
ov01_021EFCF8	EncounterEffect_Flash	src/overlay005/encounter_effect.c	called
ov01_021EFD3C	EncounterEffect_FlashTask	src/overlay005/encounter_effect.c	order
ov01_021EFE30	LinearInterpolationTaskS32_Init	src/overlay005/encounter_effect.c	order
ov01_021EFE34	LinearInterpolationTaskS32_Update	src/overlay005/encounter_effect.c	called
ov01_021EFE44	ov5_021DEF8C	src/overlay005/encounter_effect.c	called
ov01_021EFE80	LinearInterpolationTaskFX32_Update	src/overlay005/encounter_effect.c	order
ov01_021EFEC8	QuadraticInterpolationTaskFX32_Init	src/overlay005/encounter_effect.c	called
ov01_021EFF28	QuadraticInterpolationTaskFX32_Update	src/overlay005/encounter_effect.c	called
ov01_021EFF90	BrightnessFadeTask_ApplyBrightnessToScreen	src/overlay005/encounter_effect.c	called
ov01_021EFFB0	BrightnessFadeTask_Init	src/overlay005/encounter_effect.c	called
ov01_021EFFBC	BrightnessFadeTask_Update	src/overlay005/encounter_effect.c	called
ov01_021EFFD8	BrightnessFadeTask_SetBrightness	src/overlay005/encounter_effect.c	order
ov01_021EFFEC	ScreenSliceEffect_New	src/overlay005/encounter_effect.c	order
ov01_021F0028	ScreenSliceEffect_Delete	src/overlay005/encounter_effect.c	order
ov01_021F0050	EncounterEffect_ScreenSlice	src/overlay005/encounter_effect.c	between
ov01_021F00DC	ScreenSliceEffect_CreateTasks	src/overlay005/encounter_effect.c	order
ov01_021F01D0	ScreenSliceEffect_Modify	src/overlay005/encounter_effect.c	order
ov01_021F0250	ScreenSplitEffect_New	src/overlay005/encounter_effect.c	order
ov01_021F029C	ScreenSplitEffect_Delete	src/overlay005/encounter_effect.c	order
ov01_021F02C4	EncounterEffect_ScreenSplit	src/overlay005/encounter_effect.c	order
ov01_021F0330	ScreenSplitEffect_SetupTasks	src/overlay005/encounter_effect.c	order
ov01_021F0360	ScreenSplitEffect_VBlankCallback	src/overlay005/encounter_effect.c	order
ov01_021F03C8	EncounterEffect_UnusedTask	src/overlay005/encounter_effect.c	order
ov01_021F0454	ov17_0223F0BC	src/overlay017/ov17_0223DAD0.c	called
ov01_021F0500	ov17_0224A214	src/overlay017/ov17_0224A0FC.c	calls
ov01_021F05C4	EncounterEffect_InitSpriteCollection	src/overlay005/encounter_effect.c	called
ov01_021F05F4	ov5_021DE4AC	src/overlay005/encounter_effect.c	called
ov01_021F0614	ov5_021DE4CC	src/overlay005/encounter_effect.c	called
ov01_021F06EC	ov5_021DE5A4	src/overlay005/encounter_effect.c	called
ov01_021F0718	ov5_021DE62C	src/overlay005/encounter_effect.c	called
ov01_021F074C	VecFx32_FromXYZ	src/overlay005/encounter_effect.c	called
ov01_021F0768	ov5_021DE6A4	src/overlay005/encounter_effect.c	order
ov01_021F0780	ov5_021DE6BC	src/overlay005/encounter_effect.c	order
ov01_021F0788	ov5_021DE71C	src/overlay005/encounter_effect.c	order
ov01_021F0848	ov5_021DE784	src/overlay005/encounter_effect.c	called
ov01_021F0860	ov5_021DE79C	src/overlay005/encounter_effect.c	called
ov01_021F0868	ov5_021DEAA0	src/overlay005/encounter_effect.c	called
ov01_021F08C0	ov5_021DE89C	src/overlay005/encounter_effect.c	called
ov01_021F09BC	ov5_021DE8F8	src/overlay005/encounter_effect.c	order
ov01_021F09EC	ov5_021DE928	src/overlay005/encounter_effect.c	order
ov01_021F0A0C	ov5_021DE948	src/overlay005/encounter_effect.c	order
ov01_021F0A4C	ov5_021DEC38	src/overlay005/encounter_effect.c	order
ov01_021F0B44	ov5_021DECEC	src/overlay005/encounter_effect.c	order
ov01_021F0B5C	ov5_021DED04	src/overlay005/encounter_effect.c	order
ov01_021F0B78	ov5_021DE3D0	src/overlay005/encounter_effect.c	called
ov01_021F0C40	ov5_021DEDE8	src/overlay005/encounter_effect.c	calls
ov01_021F0C7C	ov5_021DEE24	src/overlay005/encounter_effect.c	order
ov01_021F0CA8	ov5_021DEE50	src/overlay005/encounter_effect.c	between
ov01_021F0CDC	ov5_021DEE84	src/overlay005/encounter_effect.c	called
ov01_021F0D20	CutInEffects_ForBattle	src/overlay005/encounter_effect.c	called
ov01_021F0DB0	ov5_021DEF74	src/overlay005/encounter_effect.c	order
ov01_021F0DC8	BrightnessController_SetScreenBrightness	src/brightness_controller.c	called
ov01_021F0DDC	ov5_021DEFA0	src/overlay005/encounter_effect.c	order
ov01_021F0E74	ov5_021DF038	src/overlay005/encounter_effect.c	between
ov01_021F0E90	ov5_021DF054	src/overlay005/encounter_effect.c	between
ov01_021F0EAC	ov5_021DF070	src/overlay005/encounter_effect.c	order
ov01_021F0EC0	ov5_021DF084	src/overlay005/encounter_effect.c	order
ov01_021F0F08	ov5_021DF0CC	src/overlay005/encounter_effect.c	order
ov01_021F0FB8	ov5_021DF17C	src/overlay005/encounter_effect.c	order
ov01_021F1008	ov5_021DF1CC	src/overlay005/encounter_effect.c	order
ov01_021F1044	ov5_021DF208	src/overlay005/encounter_effect.c	order
ov01_021F1094	ov5_021DF258	src/overlay005/encounter_effect.c	order
ov01_021F10C8	ov5_021DF28C	src/overlay005/encounter_effect.c	order
ov01_021F1148	ov5_021DF30C	src/overlay005/encounter_effect.c	order
ov01_021F1210	ov5_021DF3D4	src/overlay005/encounter_effect.c	order
ov01_021F1390	ov5_021DF488	src/overlay005/field_effect_manager.c	between
ov01_021F13B0	FieldEffectManager_InitRenderer	src/overlay005/field_effect_manager.c	between
ov01_021F141C	FieldEffectManager_HeapAlloc	src/overlay005/field_effect_manager.c	called
ov01_021F1430	FieldEffectManager_HeapAllocInit	src/overlay005/field_effect_manager.c	order
ov01_021F1448	FieldEffectManager_HeapFree	src/overlay005/field_effect_manager.c	called
ov01_021F1450	FieldEffectManager_GetRendererContext	src/overlay005/field_effect_manager.c	called
ov01_021F1468	FieldEffectManager_GetFieldSystem	src/overlay005/field_effect_manager.c	order
ov01_021F146C	MapObject_GetFieldEffectManager	src/overlay005/field_effect_manager.c	order
ov01_021F1478	GetHeapID	src/overlay005/field_effect_manager.c	called
ov01_021F147C	OpenArchive	src/overlay005/field_effect_manager.c	order
ov01_021F1490	CloseArchive	src/overlay005/field_effect_manager.c	order
ov01_021F149C	FieldEffectManager_GetNARCMemberSize	src/overlay005/field_effect_manager.c	order
ov01_021F14A8	FieldEffectManager_ReadNARCWholeMember	src/overlay005/field_effect_manager.c	order
ov01_021F14B4	FieldEffectManager_AllocAndReadNARCWholeMember	src/overlay005/field_effect_manager.c	order
ov01_021F14DC	ResetAllRenderers	src/overlay005/field_effect_manager.c	between
ov01_021F14F4	FieldEffectRenderer_Free	src/overlay005/field_effect_manager.c	between
ov01_021F151C	FreeRenderers	src/overlay005/field_effect_manager.c	between
ov01_021F1538	FindFreeRenderer	src/overlay005/field_effect_manager.c	between
ov01_021F1560	GetRenderer	src/overlay005/field_effect_manager.c	between
ov01_021F1588	FieldEffectRenderer_Reset	src/overlay005/field_effect_manager.c	order
ov01_021F15A0	FieldEffectRenderer_Init	src/overlay005/field_effect_manager.c	order
ov01_021F15AC	FieldEffectRenderer_IsInvalid	src/overlay005/field_effect_manager.c	order
ov01_021F15B4	GetRendererFuncs	src/overlay005/field_effect_manager.c	order
ov01_021F15EC	InitAnimManagerList	src/overlay005/field_effect_manager.c	order
ov01_021F15FC	FinishAndFreeAnimations	src/overlay005/field_effect_manager.c	order
ov01_021F1610	RenderFieldEffects	src/overlay005/field_effect_manager.c	order
ov01_021F1620	FieldEffectManager_InitAnimManager	src/overlay005/field_effect_manager.c	order
ov01_021F1640	FieldEffectManager_FinishAnimManager	src/overlay005/field_effect_manager.c	order
ov01_021F1648	ov5_021DF754	src/overlay005/field_effect_manager.c	called
ov01_021F16B8	ov5_021DF7C4	src/overlay005/field_effect_manager.c	order
ov01_021F16EC	ov5_021DF7F8	src/overlay005/field_effect_manager.c	called
ov01_021F1740	ov5_021DF84C	src/overlay005/field_effect_manager.c	order
ov01_021F1758	ov5_021DF864	src/overlay005/field_effect_manager.c	order
ov01_021F17BC	ov5_021DF8C8	src/overlay005/field_effect_manager.c	order
ov01_021F17F0	ov5_021DF8FC	src/overlay005/field_effect_manager.c	order
ov01_021F1804	ov5_021DF910	src/overlay005/field_effect_manager.c	called
ov01_021F1824	ov5_021DF930	src/overlay005/field_effect_manager.c	order
ov01_021F18A8	ov5_021DF9B4	src/overlay005/field_effect_manager.c	called
ov01_021F18C8	ov5_021DF9D4	src/overlay005/field_effect_manager.c	order
ov01_021F18D4	ov5_021DF9E0	src/overlay005/field_effect_manager.c	order
ov01_021F18F0	ov5_021DF9FC	src/overlay005/field_effect_manager.c	order
ov01_021F18FC	ov5_021DFA08	src/overlay005/field_effect_manager.c	order
ov01_021F1908	ov5_021DFA14	src/overlay005/field_effect_manager.c	order
ov01_021F1924	ov5_021DFA30	src/overlay005/field_effect_manager.c	order
ov01_021F1930	ov5_021DFA3C	src/overlay005/field_effect_manager.c	order
ov01_021F1970	ov5_021DFA7C	src/overlay005/field_effect_manager.c	order
ov01_021F197C	UploadTextureResourceToVRamDuringVBlank	src/overlay005/field_effect_manager.c	order
ov01_021F19B4	UploadTextureResourceToVRamTask	src/overlay005/field_effect_manager.c	order
ov01_021F19D0	DiscardTextureDataTask	src/overlay005/field_effect_manager.c	order
ov01_021F19F4	FieldEffectManager_LoadModel	src/overlay005/field_effect_manager.c	order
ov01_021F1A18	FieldEffectManager_LoadAnimation	src/overlay005/field_effect_manager.c	order
ov01_021F1A34	FieldEffectManager_ApplyAnimCopyToModel	src/overlay005/field_effect_manager.c	order
ov01_021F1B38	PlayerAvatar_RequestStateWalking	src/overlay005/ov5_021DFB54.c	order
ov01_021F1B78	PlayerAvatar_RequestStateCycle	src/overlay005/ov5_021DFB54.c	order
ov01_021F1C70	ov5_021DFCE4	src/overlay005/ov5_021DFB54.c	order
ov01_021F1C7C	ov5_021DFCF0	src/overlay005/ov5_021DFB54.c	order
ov01_021F1C98	ov5_021DFD0C	src/overlay005/ov5_021DFB54.c	order
ov01_021F1D5C	PlayerAvatar_RequestStateHeal	src/overlay005/ov5_021DFB54.c	order
ov01_021F1D78	ov5_021DFDC4	src/overlay005/ov5_021DFB54.c	order
ov01_021F1D94	ov5_021DFDE0	src/overlay005/ov5_021DFB54.c	order
ov01_021F1DF4	ov5_021DFE68	src/overlay005/ov5_021DFB54.c	order
ov01_021F1E54	ov5_021DFF1C	src/overlay005/ov5_021DFB54.c	order
ov01_021F1EA4	ov5_021DFF88	src/overlay005/ov5_021DFB54.c	order
ov01_021F1ECC	ov5_021DFFBC	src/overlay005/ov5_021DFB54.c	order
ov01_021F202C	SurfTask_Start	src/overlay005/ov5_021DFB54.c	order
ov01_021F232C	ov5_021E032C	src/overlay005/ov5_021DFB54.c	order
ov01_021F2378	ov5_021E0390	src/overlay005/ov5_021DFB54.c	order
ov01_021F23B8	ov5_021E03C8	src/overlay005/ov5_021DFB54.c	between
ov01_021F24F4	ov5_021E04A8	src/overlay005/ov5_021DFB54.c	order
ov01_021F2538	ov5_021E067C	src/overlay005/ov5_021DFB54.c	calls
ov01_021F2548	RockClimbTask_Start	src/overlay005/ov5_021DFB54.c	order
ov01_021F2628	FieldTask_UseRockClimb	src/overlay005/ov5_021DFB54.c	between
ov01_021F2694	SubTask_RockClimb_PlayCutIn	src/overlay005/ov5_021DFB54.c	order
ov01_021F26AC	SubTask_RockClimb_WaitCutIn	src/overlay005/ov5_021DFB54.c	order
ov01_021F2700	Pokemon_PlayCry	src/pokemon.c	calls
ov01_021F2758	SubTask_RockClimb_CreateMount	src/overlay005/ov5_021DFB54.c	order
ov01_021F27C0	SubTask_RockClimb_HopOn	src/overlay005/ov5_021DFB54.c	order
ov01_021F27E8	SubTask_RockClimb_WaitHop	src/overlay005/ov5_021DFB54.c	order
ov01_021F2808	SubTask_RockClimb_Move	src/overlay005/ov5_021DFB54.c	order
ov01_021F2830	SubTask_RockClimb_LoopOrHopOff	src/overlay005/ov5_021DFB54.c	order
ov01_021F2894	SubTask_RockClimb_WaitFinished	src/overlay005/ov5_021DFB54.c	order
ov01_021F28B8	WaterfallTaskEnv_New	src/overlay005/ov5_021DFB54.c	called
ov01_021F28EC	ov5_021E097C	src/overlay005/ov5_021DFB54.c	called
ov01_021F2944	FieldTask_UseWaterfall	src/overlay005/ov5_021DFB54.c	order
ov01_021F2998	SubTask_Waterfall_PlayAscentCutIn	src/overlay005/ov5_021DFB54.c	order
ov01_021F29C0	SubTask_Waterfall_WaitForAscentCutIn	src/overlay005/ov5_021DFB54.c	order
ov01_021F29E4	SubTask_Waterfall_InitAscent	src/overlay005/ov5_021DFB54.c	between
ov01_021F2AB8	SubTask_Waterfall_Ascend	src/overlay005/ov5_021DFB54.c	order
ov01_021F2AF8	SubTask_Waterfall_FinishAscent	src/overlay005/ov5_021DFB54.c	order
ov01_021F2B80	SubTask_Waterfall_PlayDescentCutIn	src/overlay005/ov5_021DFB54.c	order
ov01_021F2BA4	SubTask_Waterfall_WaitForDescentCutIn	src/overlay005/ov5_021DFB54.c	order
ov01_021F2BC8	SubTask_Waterfall_InitDescent	src/overlay005/ov5_021DFB54.c	between
ov01_021F2C88	SubTask_Waterfall_Descend	src/overlay005/ov5_021DFB54.c	order
ov01_021F2CD4	SubTask_Waterfall_FinishDescent	src/overlay005/ov5_021DFB54.c	order
ov01_021F2D68	ov5_021E0DE0	src/overlay005/ov5_021DFB54.c	order
ov01_021F2EDC	ov5_021E0E94	src/overlay005/ov5_021DFB54.c	order
ov01_021F2F24	ov5_021E0EEC	src/overlay005/ov5_021DFB54.c	order
ov01_021F3030	ov5_021E0FF0	src/overlay005/ov5_021DFB54.c	order
ov01_021F3040	MonRideTask_Init	src/overlay005/ov5_021DFB54.c	order
ov01_021F3054	NewMonRideCutIn	src/overlay005/ov5_021DFB54.c	order
ov01_021F3068	CheckMonRideCutInFinished	src/overlay005/ov5_021DFB54.c	order
ov01_021F3084	PlayerAvatar_Redraw	src/overlay005/ov5_021DFB54.c	called
ov01_021F3094	ov5_021E10D4	src/overlay005/ov5_021DFB54.c	order
ov01_021F30D0	MonRideTaskEnv_New	src/overlay005/ov5_021DFB54.c	called
ov01_021F30F4	MonRideTaskEnv_Free	src/overlay005/ov5_021DFB54.c	order
ov01_021F3100	BattleHall_GetHallMatronTypeRank	src/overlay104/battle_hall_helpers.c	calls
ov01_021F3F50	SaveInfo_SetValues	src/overlay005/save_info_window.c	calls
ov01_021F3F9C	SaveInfoWindow_SetStrings	src/overlay005/save_info_window.c	calls
ov01_021F4044	SaveInfoWindow_Height	src/overlay005/save_info_window.c	called
ov01_021F4048	SaveInfoWindow_PrintText	src/overlay005/save_info_window.c	between
ov01_021F426C	DetermineGiftStatus	src/main_menu/wonder_cards_app.c	calls
ov01_021F43D0	ov64_0222E604	src/overlay064/ov64_0222DCE0.c	calls
ov01_021F4404	FieldSystem_SaveObjectsAndLocation	src/overlay005/save_info_window.c	called
ov01_021F4440	FieldSystem_SaveStateIfCommunicationOff	src/overlay005/save_info_window.c	order
ov01_021F4464	MotionBlur_New	src/overlay005/motion_blur.c	called
ov01_021F44B4	MotionBlur_Delete	src/overlay005/motion_blur.c	called
ov01_021F4544	MotionBlur_SetCapture	src/overlay005/motion_blur.c	between
ov01_021F4584	MotionBlur_VBlankInit	src/overlay005/motion_blur.c	between
ov01_021F45E4	MotionBlur_Init	src/overlay005/motion_blur.c	between
ov01_021F4704	Daycare_GetCompatibilityLevel	src/overlay005/daycare.c	order
ov01_021F4728	BoxMon_GetPairDaycareCompatibilityLevel	src/overlay005/daycare.c	order
ov01_021F474C	LandDataManager_KillLoadTasks	src/overlay005/land_data.c	order
ov01_021F477C	MapLazyLoader_KillTasks	src/overlay005/land_data.c	order
ov01_021F47A0	LandData_CalculateLoadedMapMatrixIndexes	src/overlay005/land_data.c	order
ov01_021F488C	LandDataManager_NewLoadedMaps	src/overlay005/land_data.c	order
ov01_021F497C	LandDataManager_NewLoadedMapsWithoutAttributes	src/overlay005/land_data.c	calls
ov01_021F49FC	LandDataHeader_Load	src/overlay005/land_data.c	order
ov01_021F4D10	LandDataManager_LazyLoad	src/overlay005/land_data.c	order
ov01_021F4D88	LandDataManager_LazyLoadWithoutAttributes	src/overlay005/land_data.c	order
ov01_021F4E1C	LandDataManager_LazyLoadWithoutAttributesAndProps	src/overlay005/land_data.c	order
ov01_021F4E88	LandDataManager_Load	src/overlay005/land_data.c	order
ov01_021F4F0C	AreaDataManager_IsOutdoorsLighting	src/overlay005/area_data.c	called
ov01_021F4FB0	LandDataManager_LoadWithoutModel	src/overlay005/land_data.c	order
ov01_021F5024	LandDataManager_SetMapsToLazyLoaderManager	src/overlay005/land_data.c	order
ov01_021F5568	LandDataManager_ResetLoadedMap	src/overlay005/land_data.c	called
ov01_021F55F4	LandDataManager_PrepareLoadingNextMapPair	src/overlay005/land_data.c	order
ov01_021F562C	LandDataManager_QueueLazyLoadNextMapPair	src/overlay005/land_data.c	called
ov01_021F5A04	LandData_CalculateMapMatrixIndex	src/overlay005/land_data.c	called
ov01_021F5A28	LandData_GetOppositeDirection	src/overlay005/land_data.c	order
ov01_021F5A30	LandDataManager_FindCancellableLazyLoaderManager	src/overlay005/land_data.c	order
ov01_021F5A80	LandData_CalculateNextTileIndex	src/overlay005/land_data.c	called
ov01_021F5AE8	LandData_CalculateNextQuadrant	src/overlay005/land_data.c	between
ov01_021F5B24	LandData_CalculateNextOppositeQuadrant	src/overlay005/land_data.c	called
ov01_021F5B88	LandDataManager_SetPendingMapsToNextLazyLoaderManager	src/overlay005/land_data.c	called
ov01_021F5BBC	LandDataManager_QueueLazyLoadPendingMaps	src/overlay005/land_data.c	order
ov01_021F5D10	LandDataManager_IsActiveLazyLoaderAvailable	src/overlay005/land_data.c	order
ov01_021F5D20	LandDataManager_ResetMapQuadrantsToCancelLazyLoad	src/overlay005/land_data.c	called
ov01_021F5D38	LandDataManager_CancelMapQuadrantsToLazyLoad	src/overlay005/land_data.c	order
ov01_021F5D8C	LandDataManager_InitAndLoad	src/overlay005/land_data.c	calls
ov01_021F5E20	LandDataManager_InitAndLoadWithoutAttributes	src/overlay005/land_data.c	order
ov01_021F5F34	LandDataManager_InitMapLazyLoader	src/overlay005/land_data.c	order
ov01_021F5F64	LandDataManager_UpdateTrackedTargetValues	src/overlay005/land_data.c	called
ov01_021F5FB8	LandDataManager_CalculateRenderingPosition	src/overlay005/land_data.c	order
ov01_021F613C	LandDataManager_CheckLazyLoadNextMapPair	src/overlay005/land_data.c	order
ov01_021F61DC	LandData_ObjectPosToTilePos	src/overlay005/land_data.c	order
ov01_021F630C	LandDataManager_GetTrackedTargetLoadedMapsQuadrant	src/overlay005/land_data.c	order
ov01_021F6320	LandDataManager_GetLoadedMapMatrixIndex	src/overlay005/land_data.c	order
ov01_021F6328	LandDataManager_CalculateMapQuadrantOfTile	src/overlay005/land_data.c	called
ov01_021F654C	LandDataManager_GetRelativeLoadedMapsQuadrantOfTile	src/overlay005/land_data.c	order
ov01_021F65E4	LandDataManager_GetLoadedMapBDHC	src/overlay005/land_data.c	order
ov01_021F65F0	LandDataManager_GetLoadedMapTerrainAttributes	src/overlay005/land_data.c	order
ov01_021F6600	LandDataManager_SetMapLoadedCallback	src/overlay005/land_data.c	order
ov01_021F6614	LandDataManager_KillLoadMapModel	src/overlay005/land_data.c	called
ov01_021F6620	LandDataManager_LazyLoadMapModelTask	src/overlay005/land_data.c	order
ov01_021F676C	LandDataManager_LazyLoadMapModel	src/overlay005/land_data.c	order
ov01_021F67B4	LandDataManager_LoadMapModel	src/overlay005/land_data.c	order
ov01_021F72DC	ov5_021EB1A0	src/overlay005/ov5_021EB1A0.c	called
ov01_021F73CC	ov5_021EB2EC	src/overlay005/ov5_021EB1A0.c	order
ov01_021F73F4	ov5_021EB314	src/overlay005/ov5_021EB1A0.c	order
ov01_021F7408	ov5_021EB328	src/overlay005/ov5_021EB1A0.c	order
ov01_021F7434	ov5_021EB354	src/overlay005/ov5_021EB1A0.c	order
ov01_021F772C	ov5_021EB398	src/overlay005/ov5_021EB1A0.c	order
ov01_021F77A4	ov5_021EB40C	src/overlay005/ov5_021EB1A0.c	order
ov01_021F77D0	ov5_021EB438	src/overlay005/ov5_021EB1A0.c	order
ov01_021F796C	ov5_021EB478	src/overlay005/ov5_021EB1A0.c	order
ov01_021F79A0	ov5_021EB4AC	src/overlay005/ov5_021EB1A0.c	order
ov01_021F79DC	ov5_021EB4E8	src/overlay005/ov5_021EB1A0.c	order
ov01_021F7A18	ov5_021EB524	src/overlay005/ov5_021EB1A0.c	order
ov01_021F7A54	ov5_021EB560	src/overlay005/ov5_021EB1A0.c	order
ov01_021F7A90	ov5_021EB59C	src/overlay005/ov5_021EB1A0.c	order
ov01_021F7B14	ov5_021EB620	src/overlay005/ov5_021EB1A0.c	order
ov01_021F7B90	ov5_021EB69C	src/overlay005/ov5_021EB1A0.c	order
ov01_021F7C14	ov5_021EB720	src/overlay005/ov5_021EB1A0.c	between
ov01_021F7C80	ov5_021EB794	src/overlay005/ov5_021EB1A0.c	order
ov01_021F7CBC	ov5_021EB7D0	src/overlay005/ov5_021EB1A0.c	order
ov01_021F7CE4	ov5_021EB944	src/overlay005/ov5_021EB1A0.c	order
ov01_021F7DA8	ov5_021EBA0C	src/overlay005/ov5_021EB1A0.c	order
ov01_021F7DD0	ov5_021EBA34	src/overlay005/ov5_021EB1A0.c	order
ov01_021F7DFC	ov5_021EBA60	src/overlay005/ov5_021EB1A0.c	order
ov01_021F7E28	ov5_021EBA8C	src/overlay005/ov5_021EB1A0.c	order
ov01_021F7E6C	ov5_021EBAD0	src/overlay005/ov5_021EB1A0.c	order
ov01_021F7EE4	ov5_021EBB44	src/overlay005/ov5_021EB1A0.c	calls
ov01_021F7F54	ov5_021EBBB4	src/overlay005/ov5_021EB1A0.c	between
ov01_021F7FC8	ov5_021EBC28	src/overlay005/ov5_021EB1A0.c	between
ov01_021F801C	ov5_021EBC7C	src/overlay005/ov5_021EB1A0.c	between
ov01_021F8070	ov5_021EBCD0	src/overlay005/ov5_021EB1A0.c	between
ov01_021F80C4	ov5_021EBD24	src/overlay005/ov5_021EB1A0.c	between
ov01_021F8164	ov5_021EBDC4	src/overlay005/ov5_021EB1A0.c	between
ov01_021F81FC	ov5_021EBE5C	src/overlay005/ov5_021EB1A0.c	between
ov01_021F829C	ov5_021EBEFC	src/overlay005/ov5_021EB1A0.c	calls
ov01_021F82F0	ov5_021EBF50	src/overlay005/ov5_021EB1A0.c	between
ov01_021F8374	ov5_021EBFDC	src/overlay005/ov5_021EB1A0.c	order
ov01_021F8400	ov5_021EC068	src/overlay005/ov5_021EB1A0.c	order
ov01_021F847C	ov5_021EC0E4	src/overlay005/ov5_021EB1A0.c	order
ov01_021F84F4	ov5_021EC15C	src/overlay005/ov5_021EB1A0.c	between
ov01_021F856C	ov5_021EC1D8	src/overlay005/ov5_021EB1A0.c	order
ov01_021F85BC	ov5_021EC228	src/overlay005/ov5_021EB1A0.c	order
ov01_021F85F4	ov5_021EC260	src/overlay005/ov5_021EB1A0.c	order
ov01_021F86B8	ov5_021EC324	src/overlay005/ov5_021EB1A0.c	order
ov01_021F8874	ov5_021EC374	src/overlay005/ov5_021EB1A0.c	order
ov01_021F88F0	ov5_021EC3F0	src/overlay005/ov5_021EB1A0.c	order
ov01_021F894C	ov5_021EC454	src/overlay005/ov5_021EB1A0.c	order
ov01_021F89B8	ov5_021EC4BC	src/overlay005/ov5_021EB1A0.c	order
ov01_021F8A4C	ov5_021EC554	src/overlay005/ov5_021EB1A0.c	order
ov01_021F8AB0	ov5_021EC5C0	src/overlay005/ov5_021EB1A0.c	order
ov01_021F8C00	ov5_021EC638	src/overlay005/ov5_021EB1A0.c	called
ov01_021F8C30	ov5_021EC668	src/overlay005/ov5_021EB1A0.c	called
ov01_021F8C3C	ov5_021EC674	src/overlay005/ov5_021EB1A0.c	order
ov01_021F8C64	ov5_021EC69C	src/overlay005/ov5_021EB1A0.c	order
ov01_021F8C88	ov5_021EC6C0	src/overlay005/ov5_021EB1A0.c	order
ov01_021F8CC8	MapObject_GetEffectiveGraphicsID	src/map_object.c	called
ov01_021F8CFC	ov5_021EC734	src/overlay005/ov5_021EB1A0.c	order
ov01_021F8D24	ov5_021EC75C	src/overlay005/ov5_021EB1A0.c	order
ov01_021F8D28	ov5_021EC760	src/overlay005/ov5_021EB1A0.c	order
ov01_021F8D40	ov5_021EC778	src/overlay005/ov5_021EB1A0.c	order
ov01_021F8D58	ov5_021EC790	src/overlay005/ov5_021EB1A0.c	order
ov01_021F944C	ov5_021ECE40	src/overlay005/ov5_021ECE40.c	between
ov01_021F94A0	ov5_021ECE94	src/overlay005/ov5_021ECE40.c	called
ov01_021F94C0	ov5_021ECEB4	src/overlay005/ov5_021ECE40.c	between
ov01_021F9510	ov5_021ECF04	src/overlay005/ov5_021ECE40.c	between
ov01_021F9528	ov5_021ECF1C	src/overlay005/ov5_021ECE40.c	called
ov01_021F9574	ov5_021ECF70	src/overlay005/ov5_021ECE40.c	between
ov01_021F95A8	sub_02062AF0	src/map_object.c	called
ov01_021F95CC	ov5_021ECFD8	src/overlay005/ov5_021ECE40.c	between
ov01_021F9610	ov5_021ED01C	src/overlay005/ov5_021ECE40.c	between
ov01_021F9630	ov5_021ED03C	src/overlay005/ov5_021ECE40.c	between
ov01_021F9654	ov5_021ED060	src/overlay005/ov5_021ECE40.c	called
ov01_021F9688	ov5_021ED094	src/overlay005/ov5_021ECE40.c	called
ov01_021F9698	ov5_021ED0A4	src/overlay005/ov5_021ECE40.c	called
ov01_021F96E4	ov5_021ED0F0	src/overlay005/ov5_021ECE40.c	calls
ov01_021F9704	ov5_021ED110	src/overlay005/ov5_021ECE40.c	between
ov01_021F9744	ov5_021ED150	src/overlay005/ov5_021ECE40.c	between
ov01_021F9778	ov5_021ED184	src/overlay005/ov5_021ECE40.c	between
ov01_021F9798	ov5_021ED1A4	src/overlay005/ov5_021ECE40.c	called
ov01_021F97BC	MapObject_MapObjectManager	src/map_object.c	called
ov01_021F9808	ov5_021ED224	src/overlay005/ov5_021ECE40.c	called
ov01_021F9890	ov5_021ED2AC	src/overlay005/ov5_021ECE40.c	order
ov01_021F98B4	ov5_021ED2D0	src/overlay005/ov5_021ECE40.c	order
ov01_021F98CC	ov5_021ED2E8	src/overlay005/ov5_021ECE40.c	order
ov01_021F9918	ov5_021ED334	src/overlay005/ov5_021ECE40.c	order
ov01_021F9968	ov5_021ED390	src/overlay005/ov5_021ECE40.c	called
ov01_021F9974	ov5_021ED3A4	src/overlay005/ov5_021ECE40.c	called
ov01_021F9980	ov5_021ED3B8	src/overlay005/ov5_021ECE40.c	order
ov01_021F99A4	ov5_021ED3DC	src/overlay005/ov5_021ECE40.c	called
ov01_021F99D0	ov5_021ED40C	src/overlay005/ov5_021ECE40.c	called
ov01_021F99FC	ov5_021ED43C	src/overlay005/ov5_021ECE40.c	order
ov01_021F9A18	ov5_021ED460	src/overlay005/ov5_021ECE40.c	called
ov01_021F9A44	ov5_021ED490	src/overlay005/ov5_021ECE40.c	called
ov01_021F9A70	ov5_021ED4C0	src/overlay005/ov5_021ECE40.c	order
ov01_021F9A8C	ov5_021ED4E4	src/overlay005/ov5_021ECE40.c	called
ov01_021F9AAC	ov5_021ED504	src/overlay005/ov5_021ECE40.c	called
ov01_021F9AB4	ov5_021ED50C	src/overlay005/ov5_021ECE40.c	order
ov01_021F9AD0	ov5_021ED528	src/overlay005/ov5_021ECE40.c	called
ov01_021F9AE4	ov5_021ED53C	src/overlay005/ov5_021ECE40.c	called
ov01_021F9B00	ov5_021ED558	src/overlay005/ov5_021ECE40.c	order
ov01_021F9B10	ov5_021ED56C	src/overlay005/ov5_021ECE40.c	order
ov01_021F9B38	ov5_021ED598	src/overlay005/ov5_021ECE40.c	order
ov01_021F9B54	ov5_021ED5B4	src/overlay005/ov5_021ECE40.c	order
ov01_021F9B84	ov5_021ED5E8	src/overlay005/ov5_021ECE40.c	order
ov01_021F9BAC	ov5_021ED610	src/overlay005/ov5_021ECE40.c	order
ov01_021F9BD4	ov5_021ED63C	src/overlay005/ov5_021ECE40.c	called
ov01_021F9C24	ov5_021ED694	src/overlay005/ov5_021ECE40.c	order
ov01_021F9C34	ov5_021ED6A8	src/overlay005/ov5_021ECE40.c	order
ov01_021F9C5C	ov5_021ED6D4	src/overlay005/ov5_021ECE40.c	order
ov01_021F9C78	ov5_021ED6F0	src/overlay005/ov5_021ECE40.c	order
ov01_021F9CA8	ov5_021ED724	src/overlay005/ov5_021ECE40.c	order
ov01_021F9CD0	ov5_021ED74C	src/overlay005/ov5_021ECE40.c	order
ov01_021F9CF8	ov5_021ED778	src/overlay005/ov5_021ECE40.c	called
ov01_021F9D48	ov5_021ED7D0	src/overlay005/ov5_021ECE40.c	order
ov01_021F9D5C	ov5_021ED7E4	src/overlay005/ov5_021ECE40.c	order
ov01_021F9D88	ov5_021ED810	src/overlay005/ov5_021ECE40.c	called
ov01_021F9DA4	ov5_021ED82C	src/overlay005/ov5_021ECE40.c	called
ov01_021F9DD0	ov5_021ED858	src/overlay005/ov5_021ECE40.c	order
ov01_021F9E04	ov5_021ED88C	src/overlay005/ov5_021ECE40.c	order
ov01_021F9E30	ov5_021ED8B8	src/overlay005/ov5_021ECE40.c	called
ov01_021F9E9C	ov5_021ED924	src/overlay005/ov5_021ECE40.c	called
ov01_021F9EC4	ov5_021ED94C	src/overlay005/ov5_021ECE40.c	order
ov01_021F9EEC	ov5_021ED974	src/overlay005/ov5_021ECE40.c	called
ov01_021F9F14	ov5_021ED99C	src/overlay005/ov5_021ECE40.c	called
ov01_021F9F3C	ov5_021ED9C4	src/overlay005/ov5_021ECE40.c	order
ov01_021F9F54	ov5_021ED9DC	src/overlay005/ov5_021ECE40.c	order
ov01_021F9F6C	ov5_021ED9F4	src/overlay005/ov5_021ECE40.c	order
ov01_021F9F84	ov5_021EDA0C	src/overlay005/ov5_021ECE40.c	between
ov01_021F9FB0	ov5_021EDA38	src/overlay005/ov5_021ECE40.c	order
ov01_021F9FCC	ov5_021EDA54	src/overlay005/ov5_021ECE40.c	between
ov01_021FA01C	ov5_021EDAB4	src/overlay005/ov5_021ECE40.c	between
ov01_021FA094	ov5_021EDB3C	src/overlay005/ov5_021ECE40.c	order
ov01_021FA108	ov5_021EDBC4	src/overlay005/ov5_021ECE40.c	called
ov01_021FA1C8	ov5_021EDC8C	src/overlay005/ov5_021ECE40.c	order
ov01_021FA1D0	ResetScreenMasterBrightness	src/screen_fade.c	called
ov01_021FA1D8	ov5_021EDC94	src/overlay005/ov5_021ECE40.c	order
ov01_021FA1DC	ov5_021EDC98	src/overlay005/ov5_021ECE40.c	order
ov01_021FA1E4	ov5_021EDCA0	src/overlay005/ov5_021ECE40.c	order
ov01_021FA1EC	ov5_021EDCA8	src/overlay005/ov5_021ECE40.c	order
ov01_021FA1F4	ov5_021EDCB0	src/overlay005/ov5_021ECE40.c	order
ov01_021FA1FC	ov5_021EDCB8	src/overlay005/ov5_021ECE40.c	order
ov01_021FA200	ov5_021EDCBC	src/overlay005/ov5_021ECE40.c	order
ov01_021FA204	ov5_021EDCC0	src/overlay005/ov5_021ECE40.c	order
ov01_021FA208	ov5_021EDCC4	src/overlay005/ov5_021ECE40.c	order
ov01_021FA20C	ov5_021EDCC8	src/overlay005/ov5_021ECE40.c	order
ov01_021FA210	ov5_021EDCCC	src/overlay005/ov5_021ECE40.c	order
ov01_021FA214	ov5_021EDCD0	src/overlay005/ov5_021ECE40.c	order
ov01_021FA218	ov5_021EDCD4	src/overlay005/ov5_021ECE40.c	order
ov01_021FA21C	ov5_021EDCD8	src/overlay005/ov5_021ECE40.c	order
ov01_021FA220	ov5_021EDCDC	src/overlay005/ov5_021ECE40.c	order
ov01_021FA224	ov5_021EDCE0	src/overlay005/ov5_021ECE40.c	order
ov01_021FA228	ov5_021EDCE4	src/overlay005/ov5_021ECE40.c	order
ov01_021FA22C	ov5_021EDCE8	src/overlay005/ov5_021ECE40.c	order
ov01_021FA230	ov5_021EDCEC	src/overlay005/ov5_021ECE40.c	order
ov01_021FA234	ov5_021EDCF0	src/overlay005/ov5_021ECE40.c	order
ov01_021FA28C	ov5_021EDD04	src/overlay005/ov5_021ECE40.c	called
ov01_021FA298	ov5_021EDD38	src/overlay005/ov5_021ECE40.c	order
ov01_021FA2A0	ov5_021EDD44	src/overlay005/ov5_021ECE40.c	between
ov01_021FA2AC	ov5_021EDD50	src/overlay005/ov5_021ECE40.c	order
ov01_021FA2B8	ov5_021EDD78	src/overlay005/ov5_021ECE40.c	order
ov01_021FA2D4	ov5_021EDD94	src/overlay005/ov5_021ECE40.c	called
ov01_021FA2EC	ov5_021EDDAC	src/overlay005/ov5_021ECE40.c	called
ov01_021FA314	ov5_021EDDD4	src/overlay005/ov5_021ECE40.c	order
ov01_021FA31C	ov5_021EDDDC	src/overlay005/ov5_021ECE40.c	order
ov01_021FA370	ov5_021EDE3C	src/overlay005/ov5_021ECE40.c	called
ov01_021FA3DC	ov5_021EDEA8	src/overlay005/ov5_021ECE40.c	called
ov01_021FA3E8	ov5_021EDEB4	src/overlay005/ov5_021ECE40.c	order
ov01_021FA40C	ov5_021EDED8	src/overlay005/ov5_021ECE40.c	order
ov01_021FA44C	ov5_021EDF18	src/overlay005/ov5_021ECE40.c	called
ov01_021FA458	ov5_021EDF24	src/overlay005/ov5_021ECE40.c	order
ov01_021FA464	ov5_021EDF30	src/overlay005/ov5_021ECE40.c	called
ov01_021FA470	ov5_021EDF3C	src/overlay005/ov5_021ECE40.c	called
ov01_021FA4F0	ov5_021EDFBC	src/overlay005/ov5_021ECE40.c	order
ov01_021FA524	ov5_021EDFF0	src/overlay005/ov5_021ECE40.c	order
ov01_021FA564	ov5_021EE030	src/overlay005/ov5_021ECE40.c	order
ov01_021FA61C	ov5_021EE0E8	src/overlay005/ov5_021ECE40.c	order
ov01_021FA668	ov5_021EE134	src/overlay005/ov5_021ECE40.c	between
ov01_021FA6A4	ov5_021EE170	src/overlay005/ov5_021ECE40.c	order
ov01_021FA6E0	ov5_021EE1AC	src/overlay005/ov5_021ECE40.c	order
ov01_021FA71C	ov5_021EE1E8	src/overlay005/ov5_021ECE40.c	order
ov01_021FA75C	ov5_021EE228	src/overlay005/ov5_021ECE40.c	called
ov01_021FA798	ov5_021EE264	src/overlay005/ov5_021ECE40.c	order
ov01_021FA7C8	ov5_021EE294	src/overlay005/ov5_021ECE40.c	called
ov01_021FA7F8	ov5_021EE2C4	src/overlay005/ov5_021ECE40.c	order
ov01_021FA804	ov5_021EE2D0	src/overlay005/ov5_021ECE40.c	order
ov01_021FA854	ov5_021EE320	src/overlay005/ov5_021ECE40.c	called
ov01_021FA8F8	ov5_021EE3C4	src/overlay005/ov5_021ECE40.c	order
ov01_021FA930	ov5_021EE3FC	src/overlay005/ov5_021ECE40.c	order
ov01_021FA97C	ov5_021EE454	src/overlay005/ov5_021ECE40.c	called
ov01_021FAB9C	ov5_021EE698	src/overlay005/ov5_021ECE40.c	order
ov01_021FB878	AreaData_StripTextureData	src/overlay005/area_data.c	between
ov01_021FB9E0	AreaDataManager_GetMapPropTexture	src/overlay005/area_data.c	between
ov01_021FB9F4	AreaDataManager_GetMapPropMaterialShape	src/overlay005/area_data.c	called
ov01_021FBA00	LandDataManager_LoadWithoutAttributes	src/overlay005/land_data.c	called
ov01_021FBD8C	Easy3DModel_BindTexture	src/easy3d_object.c	calls
ov01_021FC030	MapPropAnimation_LoadAnimationObj	src/overlay005/map_prop_animation.c	calls
ov01_021FD41C	ov5_021F134C	src/overlay005/ov5_021F134C.c	between
ov01_021FD440	ov5_021F1370	src/overlay005/ov5_021F134C.c	between
ov01_021FD458	ov5_021F1388	src/overlay005/ov5_021F134C.c	called
ov01_021FD47C	ov5_021F13AC	src/overlay005/ov5_021F134C.c	called
ov01_021FD488	ov5_021F13B8	src/overlay005/ov5_021F134C.c	called
ov01_021FD498	ov5_021F13C8	src/overlay005/ov5_021F134C.c	order
ov01_021FD4A4	ov5_021F13D4	src/overlay005/ov5_021F134C.c	order
ov01_021FD4D0	ov5_021F1400	src/overlay005/ov5_021F134C.c	order
ov01_021FD4F4	ov5_021F1424	src/overlay005/ov5_021F134C.c	calls
ov01_021FD5CC	ov5_021F14FC	src/overlay005/ov5_021F134C.c	called
ov01_021FD60C	ov5_021F153C	src/overlay005/ov5_021F134C.c	called
ov01_021FD624	ov5_021F1554	src/overlay005/ov5_021F134C.c	order
ov01_021FD640	ov5_021F58FC	src/overlay005/ov5_021F5894.c	calls
ov01_021FD684	ov5_021F1570	src/overlay005/ov5_021F134C.c	order
ov01_021FD6C8	ov5_021F15B4	src/overlay005/ov5_021F134C.c	order
ov01_021FD714	ov5_021F1600	src/overlay005/ov5_021F134C.c	order
ov01_021FD718	ov5_021F1604	src/overlay005/ov5_021F134C.c	calls
ov01_021FD7D4	ov5_021F1670	src/overlay005/ov5_021F134C.c	calls
ov01_021FD8E8	ov5_021F16D4	src/overlay005/ov5_021F134C.c	called
ov01_021FD92C	ov5_021F1718	src/overlay005/ov5_021F134C.c	calls
ov01_021FD980	ov5_021F176C	src/overlay005/ov5_021F134C.c	order
ov01_021FE780	SurfMountRenderer_New	src/overlay005/surf_mount_renderer.c	order
ov01_021FE79C	SurfMountRenderer_Free	src/overlay005/surf_mount_renderer.c	order
ov01_021FE7AC	SurfMountResources_Init	src/overlay005/surf_mount_renderer.c	order
ov01_021FE7D0	SurfMountResources_Free	src/overlay005/surf_mount_renderer.c	order
ov01_021FE7DC	SurfMountRenderer_HandleSurfBegin	src/overlay005/surf_mount_renderer.c	order
ov01_021FE868	SurfMountRenderer_AnimInit	src/overlay005/surf_mount_renderer.c	order
ov01_021FE8B0	SurfMountRenderer_AnimExit	src/overlay005/surf_mount_renderer.c	order
ov01_021FE8C8	SurfMountRenderer_AnimTick	src/overlay005/surf_mount_renderer.c	calls
ov01_021FE970	SurfMountRenderer_AnimRender	src/overlay005/surf_mount_renderer.c	between
ov01_021FE9F4	SurfMountRenderer_SetSyncPos	src/overlay005/surf_mount_renderer.c	between
ov01_021FEA0C	ov5_021F2850	src/overlay005/ov5_021F2850.c	between
ov01_021FEA20	ov5_021F2864	src/overlay005/ov5_021F2850.c	between
ov01_021FEA30	ov5_021F2874	src/overlay005/ov5_021F2850.c	between
ov01_021FEA38	ov5_021F287C	src/overlay005/ov5_021F2850.c	between
ov01_021FEA48	ov5_021F288C	src/overlay005/ov5_021F2850.c	between
ov01_021FEA7C	ov5_021F28C0	src/overlay005/ov5_021F2850.c	called
ov01_021FEA90	ov5_021F28D4	src/overlay005/ov5_021F2850.c	between
ov01_021FEAA0	ov5_021F28E4	src/overlay005/ov5_021F2850.c	between
ov01_021FEAB0	ov5_021F28F4	src/overlay005/ov5_021F2850.c	calls
ov01_021FEB30	ov5_021F2974	src/overlay005/ov5_021F2850.c	called
ov01_021FEB3C	ov5_021F2980	src/overlay005/ov5_021F2850.c	between
ov01_021FEB78	ov5_021F29BC	src/overlay005/ov5_021F2850.c	between
ov01_021FEB8C	ov5_021F29D0	src/overlay005/ov5_021F2850.c	calls
ov01_021FEBC0	ov5_021F2A04	src/overlay005/ov5_021F2850.c	between
ov01_021FEC38	ov5_021F2A7C	src/overlay005/ov5_021F2A7C.c	between
ov01_021FEC54	ov5_021F2A98	src/overlay005/ov5_021F2A7C.c	between
ov01_021FEC64	ov5_021F2AA8	src/overlay005/ov5_021F2A7C.c	called
ov01_021FEC8C	ov5_021F2AD0	src/overlay005/ov5_021F2A7C.c	called
ov01_021FECA0	ov5_021F2AE4	src/overlay005/ov5_021F2A7C.c	between
ov01_021FED14	ov5_021F2B48	src/overlay005/ov5_021F2A7C.c	between
ov01_021FED4C	ov5_021F2B80	src/overlay005/ov5_021F2A7C.c	between
ov01_021FED58	ov5_021F2B8C	src/overlay005/ov5_021F2A7C.c	between
ov01_021FED80	ov5_021F2BB4	src/overlay005/ov5_021F2A7C.c	between
ov01_021FED9C	ov5_021F2BD0	src/overlay005/ov5_021F2BD0.c	between
ov01_021FEDB8	ov5_021F2BEC	src/overlay005/ov5_021F2BD0.c	between
ov01_021FEDC8	ov5_021F2BFC	src/overlay005/ov5_021F2BD0.c	called
ov01_021FEDF0	ov5_021F2C24	src/overlay005/ov5_021F2BD0.c	called
ov01_021FEE04	ov5_021F2C38	src/overlay005/ov5_021F2BD0.c	between
ov01_021FEE64	ov5_021F2C98	src/overlay005/ov5_021F2BD0.c	between
ov01_021FEE9C	ov5_021F2CD0	src/overlay005/ov5_021F2BD0.c	between
ov01_021FEEA8	ov5_021F2CDC	src/overlay005/ov5_021F2BD0.c	between
ov01_021FEED0	ov5_021F2D04	src/overlay005/ov5_021F2BD0.c	between
ov01_021FEEEC	ov5_021F2D20	src/overlay005/ov5_021F2D20.c	between
ov01_021FEF08	ov5_021F2D3C	src/overlay005/ov5_021F2D20.c	between
ov01_021FEF18	ov5_021F2D4C	src/overlay005/ov5_021F2D20.c	calls
ov01_021FEFF8	ov5_021F2E2C	src/overlay005/ov5_021F2D20.c	calls
ov01_021FF070	ov5_021F2EA4	src/overlay005/ov5_021F2D20.c	order
ov01_021FF174	ov5_021F2F0C	src/overlay005/ov5_021F2D20.c	order
ov01_021FF228	ov5_021F2FA0	src/overlay005/ov5_021F2D20.c	order
ov01_021FF234	ov5_021F2FAC	src/overlay005/ov5_021F2D20.c	order
ov01_021FF35C	ov5_021F308C	src/overlay005/ov5_021F2D20.c	order
ov01_021FF394	ov5_021F31B4	src/overlay005/ov5_021F2D20.c	order
ov01_021FF418	ov5_021F3238	src/overlay005/ov5_021F2D20.c	order
ov01_021FF424	ov5_021F3244	src/overlay005/ov5_021F2D20.c	order
ov01_021FF44C	ov5_021F326C	src/overlay005/ov5_021F2D20.c	order
ov01_022054E0	RadarChain_Increment	src/pokeradar.c	order
ov01_022055B0	ov5_021F2438	src/overlay005/ov5_021F23D0.c	called
ov01_02205784	sub_0206A4B4	src/unk_02069BE0.c	order
ov01_022057C4	Contest_GetWinningContestantEntryNum	src/contest.c	called
ov01_022057D0	sub_0206A4F8	src/unk_02069BE0.c	order
ov01_02205990	GetDistributionEventMagicNumber	src/system_vars.c	order
ov01_02205AEC	FieldSystem_PlayBoatTravelCutscene	src/cutscenes/boat_cutscene/boat_cutscene.c	order
ov01_02205D68	CaptureAttempt_Init	src/tv_segment.c	called
ov02_02245B80	PersistedMapFeatures_InitForGreatMarsh	src/persisted_map_features_init.c	called
ov02_022460AC	AccessoryShop_Init	src/unk_0203D1B8.c	calls
ov02_022460CC	AccessoryShop_New	src/overlay007/accessory_shop.c	called
ov02_02246534	ov6_0223FE08	src/overlay006/ov6_0223E140.c	calls
ov02_02246798	ov6_0223E33C	src/overlay006/ov6_0223E140.c	calls
ov02_022469A0	ov6_02240060	src/overlay006/ov6_0223E140.c	order
ov02_022469B4	ov6_02240064	src/overlay006/ov6_0223E140.c	order
ov02_02246A34	ov6_022401B8	src/overlay006/ov6_0223E140.c	order
ov05_0221BA00	ov10_0221F800	src/overlay010/ov10_0221F800.c	calls
ov05_0221BA70	ov10_0221F870	src/overlay010/ov10_0221F800.c	between
ov05_0221BB00	ov10_0221F900	src/overlay010/ov10_0221F800.c	between
ov05_0221BB30	ov10_02220A50	src/overlay010/ov10_0221F800.c	called
ov05_0221BD28	ov10_0221FB28	src/overlay010/ov10_0221F800.c	called
ov05_0221BE04	ov10_0221FBFC	src/overlay010/ov10_0221F800.c	between
ov05_0221BE80	ov10_0221FC78	src/overlay010/ov10_0221F800.c	between
ov05_0221BF08	ov10_0221FD00	src/overlay010/ov10_0221F800.c	calls
ov05_0221C018	ov10_0221FE10	src/overlay010/ov10_0221F800.c	between
ov05_0221C050	ov10_0221FE48	src/overlay010/ov10_0221F800.c	between
ov05_0221C21C	ov10_02220014	src/overlay010/ov10_0221F800.c	between
ov05_0221C430	ov10_02220228	src/overlay010/ov10_0221F800.c	between
ov05_0221C558	ov10_02220350	src/overlay010/ov10_0221F800.c	between
ov05_0221C568	ov10_02220360	src/overlay010/ov10_0221F800.c	between
ov05_0221C5A8	ov10_022203A0	src/overlay010/ov10_0221F800.c	between
ov05_0221C5C4	ov10_022203BC	src/overlay010/ov10_0221F800.c	called
ov05_0221C6C8	ov10_022204C0	src/overlay010/ov10_0221F800.c	called
ov05_0221C7FC	ov10_022205F4	src/overlay010/ov10_0221F800.c	between
ov05_0221C80C	ov10_02220604	src/overlay010/ov10_0221F800.c	between
ov05_0221C8A0	ov10_02220698	src/overlay010/ov10_0221F800.c	calls
ov05_0221C8E0	ov10_022206D8	src/overlay010/ov10_0221F800.c	calls
ov05_0221C908	ov10_02220700	src/overlay010/ov10_0221F800.c	between
ov05_0221CAB8	ov10_022208B0	src/overlay010/ov10_0221F800.c	between
ov05_0221CB70	ov10_0222094C	src/overlay010/ov10_0221F800.c	between
ov05_0221CC04	ov10_022209E0	src/overlay010/ov10_0221F800.c	between
ov05_0221CC58	ov10_02220A34	src/overlay010/ov10_0221F800.c	between
ov05_0221CC74	ov10_02220C2C	src/overlay010/ov10_0221F800.c	called
ov05_0221CCF4	ov10_02220AD0	src/overlay010/ov10_0221F800.c	called
ov05_0221CD24	ov10_02220B00	src/overlay010/ov10_0221F800.c	between
ov05_0221CDC4	ov10_02220BA0	src/overlay010/ov10_0221F800.c	called
ov05_0221CE0C	ov10_02220BE8	src/overlay010/ov10_0221F800.c	order
ov05_0221CE88	ov10_02220C64	src/overlay010/ov10_0221F800.c	calls
ov05_0221CEB8	ov10_02220C94	src/overlay010/ov10_0221F800.c	called
ov05_0221CFF0	ov10_02220DCC	src/overlay010/ov10_0221F800.c	between
ov05_0221D020	ov10_02220DFC	src/overlay010/ov10_0221F800.c	calls
ov05_0221D054	ov10_02220E30	src/overlay010/ov10_0221F800.c	between
ov05_0221D094	ov10_02220E70	src/overlay010/ov10_0221F800.c	called
ov05_0221D140	ov10_02220F1C	src/overlay010/ov10_0221F800.c	called
ov05_0221D228	ov10_02221004	src/overlay010/ov10_0221F800.c	called
ov05_0221D240	ov10_0222101C	src/overlay010/ov10_0221F800.c	called
ov05_0221D318	ov10_022210F4	src/overlay010/ov10_0221F800.c	calls
ov05_0221D3AC	ov10_02221188	src/overlay010/ov10_0221F800.c	called
ov05_0221D414	ov10_022211F0	src/overlay010/ov10_0221F800.c	calls
ov05_0221D4D0	ov10_022212AC	src/overlay010/ov10_0221F800.c	calls
ov05_0221D530	ov10_0222130C	src/overlay010/ov10_0221F800.c	between
ov05_0221D5DC	ov10_022213B8	src/overlay010/ov10_0221F800.c	between
ov05_0221D664	ov10_02221440	src/overlay010/ov10_0221F800.c	called
ov05_0221D690	ov10_0222146C	src/overlay010/ov10_0221F800.c	between
ov05_0221D6C4	ov10_022214A0	src/overlay010/ov10_0221F800.c	called
ov05_0221D7AC	ov10_02221588	src/overlay010/ov10_0221F800.c	called
ov05_0221D890	ov10_0222166C	src/overlay010/ov10_0221F800.c	between
ov05_0221D904	ov10_022216E0	src/overlay010/ov10_0221F800.c	calls
ov05_0221D9F0	ov10_022217CC	src/overlay010/ov10_0221F800.c	called
ov05_0221DAE0	ov10_022218BC	src/overlay010/ov10_0221F800.c	between
ov05_0221DB18	ov10_022218F4	src/overlay010/ov10_0221F800.c	between
ov05_0221DB4C	ov10_02221928	src/overlay010/ov10_0221F800.c	between
ov05_0221DB70	ov10_0222194C	src/overlay010/ov10_0221F800.c	between
ov05_0221DB94	ov10_02221970	src/overlay010/ov10_0221F800.c	called
ov05_0221DC34	ov10_02221A10	src/overlay010/ov10_0221F800.c	between
ov05_0221DC60	ov10_02221A3C	src/overlay010/ov10_0221F800.c	calls
ov05_0221DD08	ov10_02221AE4	src/overlay010/ov10_0221F800.c	called
ov05_0221DDEC	ov10_02221BC8	src/overlay010/ov10_0221F800.c	calls
ov05_0221DE38	ov10_02221C14	src/overlay010/ov10_0221F800.c	calls
ov05_0221DE6C	ov10_02221C48	src/overlay010/ov10_0221F800.c	called
ov05_0221DF38	ov10_02221D14	src/overlay010/ov10_0221F800.c	calls
ov05_0221E07C	ov10_02221E58	src/overlay010/ov10_0221F800.c	calls
ov05_0221E0A8	ov10_02221E84	src/overlay010/ov10_0221F800.c	between
ov05_0221E110	ov10_02221EEC	src/overlay010/ov10_0221F800.c	calls
ov05_0221E274	ov10_02222050	src/overlay010/ov10_0221F800.c	called
ov05_0221E2D8	ov10_022220B4	src/overlay010/ov10_0221F800.c	calls
ov05_0221E390	ov10_0222216C	src/overlay010/ov10_0221F800.c	between
ov05_0221E42C	ov10_02222208	src/overlay010/ov10_0221F800.c	between
ov05_0221E4C8	ov10_022222A4	src/overlay010/ov10_0221F800.c	between
ov05_0221E564	ov10_02222340	src/overlay010/ov10_0221F800.c	called
ov05_0221E5E4	ov10_022223C0	src/overlay010/ov10_0221F800.c	called
ov05_0221E60C	ov10_022223E8	src/overlay010/ov10_0221F800.c	between
ov05_0221E624	ov10_02222400	src/overlay010/ov10_0221F800.c	calls
ov05_0221E714	ov10_022224F0	src/overlay010/ov10_0221F800.c	called
ov05_0221E74C	ov10_02222528	src/overlay010/ov10_0221F800.c	called
ov05_0221E7B8	ov10_02222594	src/overlay010/ov10_0221F800.c	calls
ov05_0221E8A8	ov10_02222684	src/overlay010/ov10_0221F800.c	calls
ov05_0221E944	ov10_02222720	src/overlay010/ov10_0221F800.c	calls
ov05_0221E9C4	ov10_022229D4	src/overlay010/ov10_0221F800.c	calls
ov05_0221E9F8	ov10_02222A08	src/overlay010/ov10_0221F800.c	called
ov05_0221EA18	ov10_02222A28	src/overlay010/ov10_0221F800.c	called
ov05_0221EA38	ov10_02222A48	src/overlay010/ov10_0221F800.c	called
ov07_0221BE68	BattleAnimSystem_StartTask	src/battle_anim/battle_anim_system.c	called
ov07_0221BEA4	BattleAnimSystem_EndTask	src/battle_anim/battle_anim_system.c	called
ov07_0221BEDC	BattleAnimSystem_New	src/battle_anim/battle_anim_system.c	called
ov07_0221BFC0	BattleAnimSystem_IsContest	src/battle_anim/battle_anim_system.c	called
ov07_0221BFD0	ov12_022382BC	src/battle_anim/ov12_022380BC.c	called
ov07_0221BFE0	BattleAnimSystem_Delete	src/battle_anim/battle_anim_system.c	calls
ov07_0221C01C	BattleAnimSystem_StartMove	src/battle_anim/battle_anim_system.c	between
ov07_0221C394	BattleAnimSystem_ExecuteScript	src/battle_anim/battle_anim_system.c	called
ov07_0221C3B0	BattleAnimSystem_IsMoveActive	src/battle_anim/battle_anim_system.c	called
ov07_0221C3C0	BattleAnimSystem_FreeScriptData	src/battle_anim/battle_anim_system.c	called
ov07_0221C3DC	BattleAnimSystem_IsActive	src/battle_anim/battle_anim_system.c	called
ov07_0221C3F4	BattleAnimSystem_StartAnimTaskEx	src/battle_anim/battle_anim_system.c	between
ov07_0221C410	BattleAnimSystem_StartAnimTask	src/battle_anim/battle_anim_system.c	called
ov07_0221C42C	BattleAnimSystem_StartSoundTask	src/battle_anim/battle_anim_system.c	between
ov07_0221C448	BattleAnimSystem_EndAnimTask	src/battle_anim/battle_anim_system.c	called
ov07_0221C458	BattleAnimSystem_EndSoundTask	src/battle_anim/battle_anim_system.c	between
ov07_0221C468	BattleAnimUtil_GetBattlerSide	src/battle_anim/battle_anim_util.c	called
ov07_0221C470	BattleAnimSystem_GetBattlerSprite	src/battle_anim/battle_anim_system.c	called
ov07_0221C478	BattleAnimSystem_GetCurrentParticleSystem	src/battle_anim/battle_anim_system.c	between
ov07_0221C488	BattleAnimSystem_GetParticleSystem	src/battle_anim/battle_anim_system.c	between
ov07_0221C494	BattleAnimSystem_GetEmitter	src/battle_anim/battle_anim_system.c	between
ov07_0221C4A0	BattleAnimSystem_GetBgConfig	src/battle_anim/battle_anim_system.c	between
ov07_0221C4A8	BattleAnimSystem_GetScriptVar	src/battle_anim/battle_anim_system.c	called
ov07_0221C4C0	BattleAnimSystem_GetSprite	src/battle_anim/battle_anim_system.c	called
ov07_0221C4E8	BattleAnimSystem_GetPokemonSprite	src/battle_anim/battle_anim_system.c	called
ov07_0221C514	BattleAnimSystem_GetPokemonSpriteManager	src/battle_anim/battle_anim_system.c	called
ov07_0221C528	BattleAnimSystem_GetPrimarySpriteManager	src/battle_anim/battle_anim_system.c	called
ov07_0221C530	BattleAnimSystem_GetSpriteSystem	src/battle_anim/battle_anim_system.c	between
ov07_0221C53C	BattleAnimSystem_CreateSoundContext	src/battle_anim/battle_anim_system.c	between
ov07_0221C56C	BattleAnimSystem_StartSoundTaskInternal	src/battle_anim/battle_anim_system.c	between
ov07_0221C584	BattleAnimSound_Task	src/battle_anim/battle_anim_system.c	between
ov07_0221C5C4	BattleAnimSoundFunc_None	src/battle_anim/battle_anim_system.c	between
ov07_0221C5C8	BattleAnimSoundFunc_Pan	src/battle_anim/battle_anim_system.c	between
ov07_0221C624	BattleAnimSoundFunc_Pan2	src/battle_anim/battle_anim_system.c	between
ov07_0221C62C	BattleAnimSoundFunc_Pan3	src/battle_anim/battle_anim_system.c	between
ov07_0221C634	BattleAnimSoundFunc_Repeat	src/battle_anim/battle_anim_system.c	between
ov07_0221C674	BattleAnimSoundFunc_Delay	src/battle_anim/battle_anim_system.c	between
ov07_0221C69C	BattleAnimSystem_SetDefaultAlphaBlending	src/battle_anim/battle_anim_system.c	called
ov07_0221C6B4	BattleAnimScript_Next	src/battle_anim/battle_anim_system.c	order
ov07_0221C6EC	BattleAnimScript_JumpTo	src/battle_anim/battle_anim_system.c	order
ov07_0221C70C	BattleAnimScript_JumpBy	src/battle_anim/battle_anim_system.c	order
ov07_0221C72C	BattleAnimScript_ReadWord	src/battle_anim/battle_anim_system.c	order
ov07_0221C768	BattleAnimSystem_GetMoveInfo	src/battle_anim/battle_anim_system.c	order
ov07_0221C7B8	BattlerSpriteContext_InitFromSystem	src/battle_anim/battle_anim_system.c	called
ov07_0221C8CC	BattleAnimScriptCmd_StartBattlerSlideIn	src/battle_anim/battle_anim_system.c	between
ov07_0221C910	BattleAnimScriptCmd_StartBattlerSlideOut	src/battle_anim/battle_anim_system.c	between
ov07_0221C934	BattleAnimScriptCmd_BeginLoop	src/battle_anim/battle_anim_system.c	between
ov07_0221C974	BattleAnimScriptCmd_EndLoop	src/battle_anim/battle_anim_system.c	between
ov07_0221C9C0	BattleAnimScriptCmd_End	src/battle_anim/battle_anim_system.c	calls
ov07_0221CBC0	BattleAnimScriptCmd_CreateEmitter	src/battle_anim/battle_anim_system.c	between
ov07_0221CC54	BattleAnimScriptCmd_CreateEmitterEx	src/battle_anim/battle_anim_system.c	between
ov07_0221CCF4	BattleAnimSystem_GetParticleResIdxForMove	src/battle_anim/battle_anim_system.c	between
ov07_0221CD4C	BattleAnimSystem_GetParticleResIdxForFriendlyFire	src/battle_anim/battle_anim_system.c	between
ov07_0221CDA4	BattleAnimScriptCmd_CreateEmitterForMove	src/battle_anim/battle_anim_system.c	between
ov07_0221CE5C	BattleAnimScriptCmd_CreateEmitterForFriendlyFire	src/battle_anim/battle_anim_system.c	between
ov07_0221CF14	BattleAnimScriptCmd_WaitForAllEmitters	src/battle_anim/battle_anim_system.c	order
ov07_0221D2F4	ov21_021D71A8	src/applications/pokedex/ov21_021D5AEC.c	calls
ov07_0221D3CC	BattleAnimSystem_GetBattlerWithRole	src/battle_anim/battle_anim_system.c	order
ov07_0221D4B0	BattleAnimSystem_SpriteTrackingTaskFunc	src/battle_anim/battle_anim_system.c	order
ov07_0221D4FC	BattleAnimSystem_BgTrackingTaskFunc	src/battle_anim/battle_anim_system.c	calls
ov07_0221D55C	BattleAnimSystem_CancelTrackingTask	src/battle_anim/battle_anim_system.c	between
ov07_0221D5A8	BattleAnimScriptCmd_Nop0	src/battle_anim/battle_anim_system.c	between
ov07_0221D5AC	BattleAnimScriptCmd_Nop1	src/battle_anim/battle_anim_system.c	between
ov07_0221D5B0	BattleAnimScriptCmd_LoadPokemonSpriteIntoBg	src/battle_anim/battle_anim_system.c	between
ov07_0221D718	BattleAnimScriptCmd_RemovePokemonSpriteFromBg	src/battle_anim/battle_anim_system.c	between
ov07_0221D740	BattleAnimScriptCmd_InitPokemonSpriteManager	src/battle_anim/battle_anim_system.c	between
ov07_0221D7B8	BattleAnimScriptCmd_LoadPokemonSpriteDummyResources	src/battle_anim/battle_anim_system.c	between
ov07_0221D874	BattleAnimScriptCmd_AddPokemonSprite	src/battle_anim/battle_anim_system.c	between
ov07_0221DA74	BattleAnimScriptCmd_FreePokemonSpriteManager	src/battle_anim/battle_anim_system.c	between
ov07_0221DAA0	BattleAnimScriptCmd_RemovePokemonSprite	src/battle_anim/battle_anim_system.c	between
ov07_0221DAD0	BattleAnimPokemonSprite_DrawTask	src/battle_anim/battle_anim_system.c	calls
ov07_0221DCA8	BattleAnimScriptCmd_Nop7	src/battle_anim/battle_anim_system.c	order
ov07_0221DCD4	BattleAnimScriptCmd_Nop8	src/battle_anim/battle_anim_system.c	order
ov07_0221DE04	BattleBgSwitch_SetBg	src/battle_anim/battle_anim_system.c	order
ov07_0221DEB0	BattleBgSwitch_IsFlagSet	src/battle_anim/battle_anim_system.c	order
ov07_0221DEC0	BattleBgSwitch_ApplyFlags	src/battle_anim/battle_anim_system.c	called
ov07_0221DF1C	BattleAnimSystem_CreateBgSwitch	src/battle_anim/battle_anim_system.c	order
ov07_0221DFB4	BattleBgSwitch_Blend	src/battle_anim/battle_anim_system.c	calls
ov07_0221E0B4	BattleBgRestore_Blend	src/battle_anim/battle_anim_system.c	between
ov07_0221E280	BattleBgSwitch_Fade	src/battle_anim/battle_anim_system.c	order
ov07_0221E3B8	BattleBgRestore_Fade	src/battle_anim/battle_anim_system.c	order
ov07_0221E5E0	BattleBgSwitch_FlagsOnly	src/battle_anim/battle_anim_system.c	order
ov07_0221E5EC	BattleBgRestore_FlagsOnly	src/battle_anim/battle_anim_system.c	order
ov07_0221E600	BattleBgAnimTask_Move	src/battle_anim/battle_anim_system.c	calls
ov07_0221E664	BattleAnimSystem_CancelBgAnim	src/battle_anim/battle_anim_system.c	called
ov07_0221E6C8	PaletteData_StartFade	src/palette.c	called
ov07_0221E6D0	BattleBgSwitch_AnimNone	src/battle_anim/battle_anim_system.c	order
ov07_0221E6D4	BattleBgSwitch_AnimMoveStart	src/battle_anim/battle_anim_system.c	order
ov07_0221E788	BattleBgSwitch_AnimStartWave	src/battle_anim/battle_anim_system.c	order
ov07_0221E868	BattleBgSwitch_AnimRegisterWave	src/battle_anim/battle_anim_system.c	order
ov07_0221E87C	BattleBgAnim_WaveTask	src/battle_anim/battle_anim_system.c	order
ov07_0221EBA4	BattleAnimSystem_LoadBaseBg	src/battle_anim/battle_anim_system.c	order
ov07_0221EC7C	SwaggerContext_UpdateScale	src/battle_anim/script_funcs_2.c	called
ov07_0221ECE8	BattleBgSwitch_AnimStop	src/battle_anim/battle_anim_system.c	order
ov07_0221ED00	BattleBgSwitch_AnimCancel	src/battle_anim/battle_anim_system.c	between
ov07_0221ED14	BattleBgSwitchTask_Start	src/battle_anim/battle_anim_system.c	order
ov07_0221F084	BattleAnimScriptCmd_Nop4	src/battle_anim/battle_anim_system.c	order
ov07_0221F088	BattleAnimScriptCmd_Nop5	src/battle_anim/battle_anim_system.c	order
ov07_0221F08C	BattleAnimScriptCmd_Nop6	src/battle_anim/battle_anim_system.c	order
ov07_0221F090	BattleAnimScriptCmd_Nop9	src/battle_anim/battle_anim_system.c	order
ov07_0221F094	BattleAnimScriptCmd_Nop10	src/battle_anim/battle_anim_system.c	order
ov07_0221F098	BattleAnimScriptCmd_PlaySoundEffect	src/battle_anim/battle_anim_system.c	between
ov07_0221F0B0	BattleAnimScriptCmd_StopSoundEffect	src/battle_anim/battle_anim_system.c	between
ov07_0221F0CC	BattleAnimScriptCmd_PlayPannedSoundEffect	src/battle_anim/battle_anim_system.c	order
ov07_0221F104	BattleAnimScriptCmd_PanSoundEffects	src/battle_anim/battle_anim_system.c	between
ov07_0221F120	BattleAnimScriptCmd_PlayMovingSoundEffectAtkDef	src/battle_anim/battle_anim_system.c	order
ov07_0221F1C0	BattleAnimScriptCmd_PlayMovingSoundEffectNoCorrection	src/battle_anim/battle_anim_system.c	between
ov07_0221F238	BattleAnimScriptCmd_PlayMovingSoundEffectAtkDef2	src/battle_anim/battle_anim_system.c	order
ov07_0221F2DC	BattleAnimScriptCmd_PlayLoopedSoundEffect	src/battle_anim/battle_anim_system.c	between
ov07_0221F340	BattleAnimScriptCmd_PlayDelayedSoundEffect	src/battle_anim/battle_anim_system.c	order
ov07_0221F398	BattleAnimScriptCmd_Nop3	src/battle_anim/battle_anim_system.c	order
ov07_0221F39C	BattleAnimScriptCmd_WaitForSoundEffects	src/battle_anim/battle_anim_system.c	order
ov07_0221F3F4	BattleAnimScriptCmd_SetBG0BG1AlphaBlending	src/battle_anim/battle_anim_system.c	between
ov07_0221F424	BattleAnimScriptCmd_SetDefaultAlphaBlending	src/battle_anim/battle_anim_system.c	order
ov07_0221F42C	BattleAnimScriptCmd_SetExtraParams	src/battle_anim/battle_anim_system.c	order
ov07_0221F880	WaitForPokemonCry	src/applications/poffin_case/cutscene.c	calls
ov07_0221F8AC	BattleAnimScriptCmd_Nop11	src/battle_anim/battle_anim_system.c	order
ov07_0221F8B0	BattleAnimSystem_GetScriptCmd	src/battle_anim/battle_anim_system.c	order
ov07_0221F8C4	BattleAnimContext_GetUnk_01	src/battle_anim/battle_anim_system.c	order
ov07_0221F8C8	BattleAnimSound_CorrectPanDirection	src/battle_anim/battle_anim_system.c	between
ov07_0221F980	BattleAnimSound_CorrectStepDirection	src/battle_anim/battle_anim_system.c	calls
ov07_0221F9A8	BattleAnimSystem_GetExtraParams	src/battle_anim/battle_anim_system.c	between
ov07_0221F9E8	BattleAnimSystem_GetLastSpriteTemplate	src/battle_anim/battle_anim_system.c	called
ov07_0221FA04	BattleAnimSystem_GetBattlerType	src/battle_anim/battle_anim_system.c	called
ov07_0221FA10	BattleAnimSystem_GetBattlerGender	src/battle_anim/battle_anim_system.c	order
ov07_0221FA1C	BattleAnimSystem_GetBattlerSpecies	src/battle_anim/battle_anim_system.c	order
ov07_0221FA2C	BattleAnimSystem_GetBattlerForm	src/battle_anim/battle_anim_system.c	order
ov07_0221FA38	BattleAnimSystem_GetBattlerPersonality	src/battle_anim/battle_anim_system.c	order
ov07_0221FA48	BattleAnimSystem_GetDefender	src/battle_anim/battle_anim_system.c	called
ov07_0221FA78	PaletteData_BlendMulti	src/palette.c	called
ov07_0221FA80	BattleAnimSystem_GetBattlerSpritePaletteIndex	src/battle_anim/battle_anim_system.c	order
ov07_0221FA90	BattleAnimSystem_GetBattlerSpriteNarcID	src/battle_anim/battle_anim_system.c	order
ov07_0221FAA0	BattleAnimSystem_GetBattlerSpriteOffset	src/battle_anim/battle_anim_system.c	order
ov07_0221FAB0	BattleAnimSystem_IsDoubleBattle	src/battle_anim/battle_anim_system.c	order
ov07_0221FAC8	BattleAnimSystem_IsBattlerSemiInvulnerable	src/battle_anim/battle_anim_system.c	order
ov07_0221FAE8	ManagedSprite_SetExplicitPriority	src/sprite_system.c	called
ov07_0221FAEC	sub_02010604	src/screen_fade_funcs.c	order
ov07_0221FAF8	BattleAnimUtil_SetSpriteBlending	src/battle_anim/battle_anim_util.c	called
ov07_0221FB04	BattleAnimSystem_GetBgPriority	src/battle_anim/battle_anim_system.c	called
ov07_0221FB30	BattleAnimSystem_LoadBattleBgTiles	src/battle_anim/battle_anim_system.c	called
ov07_0221FB58	BattleAnimSystem_LoadBattleBgPaletteBuffer	src/battle_anim/battle_anim_system.c	between
ov07_0221FB78	BattleAnimSystem_ShouldBattlerSpriteBeFlipped	src/battle_anim/battle_anim_system.c	called
ov07_0221FB7C	BattleAnimSystem_GetBgNarcMemberIndex	src/battle_anim/battle_anim_system.c	between
ov07_0221FB90	BattleMonOBJData_New	src/battle_anim/battle_anim_system.c	calls
ov07_0221FDFC	BattleMonOBJData_NewAll	src/battle_anim/battle_anim_system.c	order
ov07_0221FE08	BattleMonOBJData_Free	src/battle_anim/battle_anim_system.c	order
ov07_0221FE3C	BattleMonOBJData_FreeForBattler	src/battle_anim/battle_anim_system.c	order
ov07_0221FE70	BattleMonOBJData_GetBattlerType	src/battle_anim/battle_anim_system.c	between
ov07_0221FE84	BattleAnimEmitterCb_Nop	src/battle_anim/battle_particle_util.c	order
ov07_0221FE88	BattleParticleUtil_CreateParticleSystem	src/battle_anim/battle_particle_util.c	order
ov07_0221FEB0	BattleParticleUtil_CreateParticleSystemEx	src/battle_anim/battle_particle_util.c	order
ov07_0221FEDC	BattleParticleUtil_ReadMemberFromNARC	src/battle_anim/battle_particle_util.c	called
ov07_0221FEE4	BattleParticleUtil_CreateParticleSystemFromOpenNarc	src/battle_anim/battle_particle_util.c	order
ov07_0221FF18	BattleParticleUtil_CreateEmitter	src/battle_anim/battle_particle_util.c	order
ov07_0221FF2C	BattleParticleUtil_FreeParticleSystem	src/battle_anim/battle_particle_util.c	order
ov07_0221FF34	BattleParticleUtil_GetSignFromBattler	src/battle_anim/emitter_callbacks.c	order
ov07_0221FF74	BattleAnimEmitterCb_Nop2	src/battle_anim/emitter_callbacks.c	order
ov07_0221FF78	BattleAnimEmitterCb_SetPosToEnemy1	src/battle_anim/emitter_callbacks.c	between
ov07_02220030	BattleAnimEmitterCb_SetPosToPlayer1	src/battle_anim/emitter_callbacks.c	between
ov07_0222008C	BattleAnimEmitterCb_SetPosToDefender	src/battle_anim/emitter_callbacks.c	between
ov07_022200D0	BattleAnimEmitterCb_SetPosToAttacker	src/battle_anim/emitter_callbacks.c	between
ov07_02220114	BattleAnimEmitterCb_SetPosToAttacker2	src/battle_anim/emitter_callbacks.c	between
ov07_02220160	BattleAnimEmitterCb_SetPosToAttackerSide	src/battle_anim/emitter_callbacks.c	between
ov07_022201C8	BattleAnimEmitterCb_SetPosToDefenderSide	src/battle_anim/emitter_callbacks.c	between
ov07_02220230	BattleAnimEmitterCb_SetPosBasedOnBattlers	src/battle_anim/emitter_callbacks.c	between
ov07_022202D8	BattleParticleUtil_ApplySignToVector	src/battle_anim/emitter_callbacks.c	order
ov07_0222050C	BattleParticleUtil_SetEmitterAxisPosEx	src/battle_anim/emitter_callbacks.c	called
ov07_022207D0	BattleParticleUtil_SetEmitterAxisPos	src/battle_anim/emitter_callbacks.c	called
ov07_02220800	BattleAnimEmitterCb_SetAxisAndPos	src/battle_anim/emitter_callbacks.c	order
ov07_0222080C	BattleAnimEmitterCb_SetAxisAndPos_ConvergeDefault	src/battle_anim/emitter_callbacks.c	order
ov07_02220818	BattleAnimEmitterCb_SetAxisAndPos_ConvergeCenter	src/battle_anim/emitter_callbacks.c	order
ov07_02220824	BattleAnimEmitterCb_SetAxisAndPos_ConvergeDefender	src/battle_anim/emitter_callbacks.c	order
ov07_02220830	BattleAnimEmitterCb_SetAxisAndPos_ConvergeAttacker	src/battle_anim/emitter_callbacks.c	order
ov07_0222083C	BattleAnimEmitterCb_SetAxisAndPos_ConvergeExplicit	src/battle_anim/emitter_callbacks.c	order
ov07_02220848	BattleAnimEmitterCb_SetAxisAndPos_MagnetDefault	src/battle_anim/emitter_callbacks.c	order
ov07_02220854	BattleAnimEmitterCb_SetAxisAndPos_MagnetCenter	src/battle_anim/emitter_callbacks.c	order
ov07_02220860	BattleAnimEmitterCb_SetAxisAndPos_MagnetDefender	src/battle_anim/emitter_callbacks.c	order
ov07_0222086C	BattleAnimEmitterCb_SetAxisAndPos_MagnetAttacker	src/battle_anim/emitter_callbacks.c	order
ov07_02220878	BattleAnimEmitterCb_SetAxisAndPos_MagnetExplicit	src/battle_anim/emitter_callbacks.c	order
ov07_02220884	BattleAnimEmitterCb_SetAxisAndPosReverse	src/battle_anim/emitter_callbacks.c	between
ov07_022208B4	GenericEmitterCallback_ApplyParams	src/battle_anim/generic_emitter_callback.c	order
ov07_022208F8	GenericEmitterCallback_GetDefenderSidePosition	src/battle_anim/generic_emitter_callback.c	between
ov07_02220938	GenericEmitterCallback_GetAttackerSidePosition	src/battle_anim/generic_emitter_callback.c	order
ov07_02220978	GenericEmitterCallback_ApplyPosition	src/battle_anim/generic_emitter_callback.c	called
ov07_02220CAC	GenericEmitterCallback_ApplyAxis	src/battle_anim/generic_emitter_callback.c	called
ov07_0222150C	GenericEmitterCallback_ApplyBehavior	src/battle_anim/generic_emitter_callback.c	order
ov07_02221540	GenericEmitterCallback_ApplyCamera	src/battle_anim/generic_emitter_callback.c	called
ov07_02221550	GenericEmitterCallback_ApplyPriority	src/battle_anim/generic_emitter_callback.c	order
ov07_022215B4	BattleAnimEmitterCb_Generic	src/battle_anim/generic_emitter_callback.c	between
ov07_02221664	GenericEmitterCallback_GetDirectionForBattlers	src/battle_anim/generic_emitter_callback.c	called
ov07_022216A8	GenericEmitterCallback_OffsetPositionForBattler	src/battle_anim/generic_emitter_callback.c	order
ov07_02221734	GenericEmitterCallback_OffsetPosition	src/battle_anim/generic_emitter_callback.c	order
ov07_022217A4	GenericEmitterCallback_GetBehaviorParams	src/battle_anim/generic_emitter_callback_behavior.c	called
ov07_022217B0	DayNumberForDate	src/rtc.c	order
ov07_02221898	ParticleSystem_AllocMemory	src/particle_system.c	order
ov07_0222189C	GenericEmitterCallback_ApplyBehaviorNone	src/battle_anim/generic_emitter_callback_behavior.c	order
ov07_022218A0	GenericEmitterCallback_ApplyGravityMag	src/battle_anim/generic_emitter_callback_behavior.c	order
ov07_02221968	GenericEmitterCallback_ApplyMagnetForce	src/battle_anim/generic_emitter_callback_behavior.c	order
ov07_022219EC	GenericEmitterCallback_ApplySpinAngle	src/battle_anim/generic_emitter_callback_behavior.c	order
ov07_02221A6C	GenericEmitterCallback_ApplySpinAxis	src/battle_anim/generic_emitter_callback_behavior.c	order
ov07_02221AD4	GenericEmitterCallback_UnusedApply8	src/battle_anim/generic_emitter_callback_behavior.c	order
ov07_02221AD8	GenericEmitterCallback_UnusedApply9	src/battle_anim/generic_emitter_callback_behavior.c	order
ov07_02221ADC	GenericEmitterCallback_UnusedApply10	src/battle_anim/generic_emitter_callback_behavior.c	order
ov07_02221AE0	GenericEmitterCallback_UnusedApply11	src/battle_anim/generic_emitter_callback_behavior.c	order
ov07_02221AE4	GenericEmitterCallback_ApplyConvergenceTarget	src/battle_anim/generic_emitter_callback_behavior.c	order
ov07_02221BF0	GenericEmitterCallback_ApplyConvergenceForce	src/battle_anim/generic_emitter_callback_behavior.c	order
ov07_02221C74	GenericEmitterCallback_CallBehaviorFunction	src/battle_anim/generic_emitter_callback_behavior.c	between
ov07_02221C8C	GenericEmitterCallback_GetBehaviorFlag	src/battle_anim/generic_emitter_callback_behavior.c	called
ov07_02221CB4	GenericEmitterCallback_GetBehaviorValueCount	src/battle_anim/generic_emitter_callback_behavior.c	order
ov07_02221CE0	GenericEmitterCallback_GetCameraParams	src/battle_anim/generic_emitter_callback_camera.c	order
ov07_02221CEC	GenericEmitterCallback_ApplyFixedAngle0	src/battle_anim/generic_emitter_callback_camera.c	order
ov07_02221D4C	GenericEmitterCallback_ApplyFixedAngle1	src/battle_anim/generic_emitter_callback_camera.c	order
ov07_02221DC4	GenericEmitterCallback_ApplyFixedAngle4	src/battle_anim/generic_emitter_callback_camera.c	order
ov07_02221E24	GenericEmitterCallback_ApplyFixedAngle6	src/battle_anim/generic_emitter_callback_camera.c	order
ov07_02221E9C	ParticleSystem14_AllocMemory	src/particle_system.c	order
ov07_02221EC4	ParticleSystem15_AllocMemory	src/particle_system.c	order
ov07_02221EEC	GenericEmitterCallback_ApplyEndBattlerTarget	src/battle_anim/generic_emitter_callback_camera.c	order
ov07_02221F04	BattleAnimUtil_GetBattlerTypeDefaultPos2	src/battle_anim/battle_anim_helpers.c	called
ov07_02221F38	BattleAnimUtil_GetBattlerDefaultPos2	src/battle_anim/battle_anim_helpers.c	order
ov07_02221F80	BattleAnimUtil_GetBattlerPos	src/battle_anim/battle_anim_helpers.c	called
ov07_02221FF0	BattleAnimUtil_GetSpritePalette	src/battle_anim/battle_anim_helpers.c	between
ov07_02222004	BattleAnimUtil_GetTransformDirectionX	src/battle_anim/battle_anim_helpers.c	called
ov07_0222202C	BattleAnimUtil_GetTransformDirectionY	src/battle_anim/battle_anim_helpers.c	called
ov07_02222040	BattleAnimMath_GetStepSize	src/battle_anim/battle_anim_helpers.c	between
ov07_0222204C	BattleAnimUtil_GetRequiredSteps	src/battle_anim/battle_anim_helpers.c	calls
ov07_0222207C	XYTransformContext_ApplyPosOffsetToSprite	src/battle_anim/battle_anim_helpers.c	called
ov07_0222209C	ScaleLerpContext_ApplyToSprite	src/battle_anim/battle_anim_helpers.c	between
ov07_022220B8	XYTransformContext_ApplyPosOffsetToMon	src/battle_anim/battle_anim_helpers.c	called
ov07_022220DC	ScaleLerpContext_ApplyToMon	src/battle_anim/battle_anim_helpers.c	between
ov07_022220FC	RevolutionContext_Init	src/battle_anim/battle_anim_helpers.c	between
ov07_0222212C	RevolutionContext_InitWithStepSize	src/battle_anim/battle_anim_helpers.c	between
ov07_02222180	RevolutionContext_Update	src/battle_anim/battle_anim_helpers.c	between
ov07_02222218	RevolutionContext_UpdateAndApplyToSprite	src/battle_anim/battle_anim_helpers.c	called
ov07_02222240	RevolutionContext_UpdateAndApplyToMon	src/battle_anim/battle_anim_helpers.c	called
ov07_02222268	PosLerpContext_Init	src/battle_anim/battle_anim_helpers.c	called
ov07_022222B4	PosLerpContext_Update	src/battle_anim/battle_anim_helpers.c	called
ov07_022222F0	PosLerpContext_UpdateAndApplyToSprite	src/battle_anim/battle_anim_helpers.c	called
ov07_02222314	PosLerpContext_UpdateAndApplyToMon	src/battle_anim/battle_anim_helpers.c	called
ov07_02222338	XYTransformContext_InitParabolic	src/battle_anim/battle_anim_helpers.c	called
ov07_02222384	XYTransformContext_UpdateParabolic	src/battle_anim/battle_anim_helpers.c	between
ov07_022223CC	XYTransformContext_UpdateAndApplyParabolic	src/battle_anim/battle_anim_helpers.c	called
ov07_022223F0	ValueLerpContext_Init	src/battle_anim/battle_anim_helpers.c	called
ov07_02222418	ValueLerpContext_InitFX32	src/battle_anim/battle_anim_helpers.c	called
ov07_02222440	ValueLerpContext_Update	src/battle_anim/battle_anim_helpers.c	called
ov07_02222468	ValueLerpContext_UpdateFX32	src/battle_anim/battle_anim_helpers.c	called
ov07_02222494	ValueLerpContext_InitSinusoidal	src/battle_anim/battle_anim_helpers.c	between
ov07_022224AC	ValueLerpContext_UpdateSinusoidal	src/battle_anim/battle_anim_helpers.c	between
ov07_02222508	ScaleLerpContext_Init	src/battle_anim/battle_anim_helpers.c	called
ov07_02222558	ScaleLerpContext_Update	src/battle_anim/battle_anim_helpers.c	called
ov07_02222590	ScaleLerpContext_InitXY	src/battle_anim/battle_anim_helpers.c	called
ov07_0222260C	ScaleLerpContext_UpdateXY	src/battle_anim/battle_anim_helpers.c	called
ov07_02222644	ScaleLerpContext_GetAffineScale	src/battle_anim/battle_anim_helpers.c	called
ov07_02222674	BattleAnimUtil_GetGroundAnchoredScaleOffset	src/battle_anim/battle_anim_helpers.c	calls
ov07_022226C4	BattleAnimUtil_SetPokemonSpriteAnchoredPosition	src/battle_anim/battle_anim_helpers.c	called
ov07_022226FC	BattleAnimUtil_SetSpriteAnchoredPosition	src/battle_anim/battle_anim_helpers.c	calls
ov07_02222748	ScaleLerpContext_UpdateAndApplyToSprite	src/battle_anim/battle_anim_helpers.c	called
ov07_02222768	ScaleLerpContext_UpdateAndApplyToMon	src/battle_anim/battle_anim_helpers.c	order
ov07_02222788	ScaleLerpContext_UpdateXYAndApplyToMon	src/battle_anim/battle_anim_helpers.c	order
ov07_022227A8	ShakeContext_Init	src/battle_anim/battle_anim_helpers.c	called
ov07_022227D8	ShakeContext_Update	src/battle_anim/battle_anim_helpers.c	called
ov07_0222283C	ShakeContext_UpdateAndApplyToMon	src/battle_anim/battle_anim_helpers.c	called
ov07_02222864	Afterimage_Init	src/battle_anim/battle_anim_helpers.c	called
ov07_02222914	Afterimage_Update	src/battle_anim/battle_anim_helpers.c	calls
ov07_02222A44	RevolutionContext_InitOvalRevolutions	src/battle_anim/battle_anim_helpers.c	called
ov07_02222A7C	AlphaFadeContext_Update	src/battle_anim/battle_anim_helpers.c	between
ov07_02222AC4	AlphaFadeContext_Init	src/battle_anim/battle_anim_helpers.c	called
ov07_02222AF4	AlphaFadeContext_IsDone	src/battle_anim/battle_anim_helpers.c	called
ov07_02222AF8	VBlankDMAController_PostVBlank	src/battle_anim/battle_anim_helpers.c	between
ov07_02222B14	VBlankDMAController_OnVBlank	src/battle_anim/battle_anim_helpers.c	between
ov07_02222B30	VBlankDMAController_Init	src/battle_anim/battle_anim_helpers.c	between
ov07_02222B70	VBlankDMAController_Deinit	src/battle_anim/battle_anim_helpers.c	between
ov07_02222B94	VBlankDMAController_DisableDMA	src/battle_anim/battle_anim_helpers.c	between
ov07_02222BA4	CustomBgScrollContext_DoDMAImpl	src/battle_anim/battle_anim_helpers.c	between
ov07_02222BC8	CustomBgScrollContext_SwapBuffers	src/battle_anim/battle_anim_helpers.c	between
ov07_02222BDC	CustomBgScrollContext_DoDMA	src/battle_anim/battle_anim_helpers.c	between
ov07_02222BE4	CustomBgScrollContext_New	src/battle_anim/battle_anim_helpers.c	between
ov07_02222C60	CustomBgScrollContext_Free	src/battle_anim/battle_anim_helpers.c	called
ov07_02222C84	CustomBgScrollContext_GetWriteBuffer	src/battle_anim/battle_anim_helpers.c	called
ov07_02222C98	CustomBgScrollContext_Stop	src/battle_anim/battle_anim_helpers.c	between
ov07_02222CAC	BgScrollContext_SwapBuffers	src/battle_anim/battle_anim_helpers.c	between
ov07_02222CC0	BgScrollContext_DoDMA	src/battle_anim/battle_anim_helpers.c	between
ov07_02222CCC	BgScrollContext_New	src/battle_anim/battle_anim_helpers.c	between
ov07_02222D3C	BgScrollContext_Free	src/battle_anim/battle_anim_helpers.c	called
ov07_02222D60	BgScrollContext_GetWriteBuffer	src/battle_anim/battle_anim_helpers.c	order
ov07_02222D74	BgScrollContext_Stop	src/battle_anim/battle_anim_helpers.c	order
ov07_02222D88	BattleAnimUtil_MakeBgOffsetValue	src/battle_anim/battle_anim_helpers.c	called
ov07_02222D90	ParticleSystem_GetEmitterCallbackParam	src/particle_system.c	order
ov07_02222DC8	BattleAnimUtil_GetHOffsetRegisterForBg	src/battle_anim/battle_anim_helpers.c	order
ov07_02222E0C	BattleAnimUtil_GetXYMean	src/battle_anim/battle_anim_helpers.c	called
ov07_02222E48	BattleAnimUtil_StepValue	src/battle_anim/battle_anim_helpers.c	called
ov07_02222E74	PaletteFadeContext_FadeTask	src/battle_anim/battle_anim_helpers.c	between
ov07_02222EE8	PaletteFadeContext_IsActive	src/battle_anim/battle_anim_helpers.c	called
ov07_02222EF8	PaletteFadeContext_Free	src/battle_anim/battle_anim_helpers.c	called
ov07_02222F10	PaletteFadeContext_New	src/battle_anim/battle_anim_helpers.c	between
ov07_02222F7C	BattleAnimUtil_ConvertColorsToGrayscale	src/battle_anim/battle_anim_helpers.c	called
ov07_02222FC4	BattleAnimUtil_MakeBgPalsGrayscale	src/battle_anim/battle_anim_helpers.c	order
ov07_02222FF4	BattleAnimUtil_ReturnBgPalsToNormal	src/battle_anim/battle_anim_helpers.c	order
ov07_02223038	BattleAnimScript_GetFunc	src/battle_anim/script_func_tables.c	order
ov07_0222304C	BattleAnimScript_GetSpriteFunc	src/battle_anim/script_func_tables.c	order
ov07_02223060	BattleAnimScriptFunc_Nop	src/battle_anim/script_func_examples.c	order
ov07_02223064	BattleAnimTask_AnimExample	src/battle_anim/script_func_examples.c	order
ov07_0222308C	BattleAnimScriptFunc_AnimExample	src/battle_anim/script_func_examples.c	order
ov07_022230B4	BattleAnimTask_SoundExample	src/battle_anim/script_func_examples.c	order
ov07_022230DC	BattleAnimScriptFunc_SoundExample	src/battle_anim/script_func_examples.c	order
ov07_02223104	BattleAnimTask_GenericExample	src/battle_anim/script_func_examples.c	order
ov07_02223128	BattleAnimScriptFunc_GenericExample	src/battle_anim/script_func_examples.c	order
ov07_0222314C	BattleAnimTask_SpriteExample	src/battle_anim/script_func_examples.c	calls
ov07_022231BC	BattleAnimSpriteFunc_SpriteExample	src/battle_anim/script_func_examples.c	between
ov07_02223224	ResetMonScale	src/battle_anim/script_funcs_3.c	called
ov07_02223240	BattleAnimTask_Shake	src/battle_anim/script_funcs_3.c	between
ov07_02223350	BattleAnimScriptFunc_Shake	src/battle_anim/script_funcs_3.c	between
ov07_022233D8	BattleAnimTask_ScrollCustomBg	src/battle_anim/script_funcs_3.c	between
ov07_02223550	BattleAnimScriptFunc_ScrollCustomBg	src/battle_anim/script_funcs_3.c	between
ov07_022236F0	BattleAnimTask_MuddyWater	src/battle_anim/script_funcs_3.c	between
ov07_02223864	BattleAnimScriptFunc_MuddyWater	src/battle_anim/script_funcs_3.c	between
ov07_02223A1C	BattleAnimTask_RotateMon	src/battle_anim/script_funcs_3.c	between
ov07_02223A94	BattleAnimScriptFunc_RotateMon	src/battle_anim/script_funcs_3.c	between
ov07_02223B70	BattleAnimTask_Submission	src/battle_anim/script_funcs_3.c	between
ov07_02223BC0	BattleAnimScriptFunc_Submission	src/battle_anim/script_funcs_3.c	between
ov07_02223CAC	SwaggerSprite_StartPop	src/battle_anim/script_funcs_3.c	calls
ov07_02223CE4	SwaggerSprite_UpdatePop	src/battle_anim/script_funcs_3.c	calls
ov07_02223D28	SwaggerSprite_UpdatePops	src/battle_anim/script_funcs_3.c	calls
ov07_02223DC4	BattleAnimTask_SwaggerSprite	src/battle_anim/script_funcs_3.c	calls
ov07_02223E08	BattleAnimSpriteFunc_Swagger	src/battle_anim/script_funcs_3.c	between
ov07_02223E94	BattleAnimTask_FadeBg	src/battle_anim/script_funcs_3.c	calls
ov07_02223EB4	BattleAnimScriptFunc_FadeBg	src/battle_anim/script_funcs_3.c	between
ov07_02223F5C	BattleAnimTask_FadeBattlerSprite	src/battle_anim/script_funcs_3.c	between
ov07_02224008	BattleAnimScriptFunc_FadeBattlerSprite	src/battle_anim/script_funcs_3.c	between
ov07_022241D8	BattleAnimTask_ScalePokemonSprite	src/battle_anim/script_funcs_3.c	calls
ov07_02224348	BattleAnimScriptFunc_ScalePokemonSprite	src/battle_anim/script_funcs_3.c	between
ov07_0222446C	BattleAnimTask_ScaleBattlerSprite	src/battle_anim/script_funcs_3.c	between
ov07_022245BC	BattleAnimScriptFunc_ScaleBattlerSprite	src/battle_anim/script_funcs_3.c	between
ov07_022247C8	BattleAnimTask_AlphaFadePokemonSprite	src/battle_anim/script_funcs_3.c	calls
ov07_022247F4	BattleAnimScriptFunc_AlphaFadePokemonSprite	src/battle_anim/script_funcs_3.c	between
ov07_022248A0	BattleAnimScriptFunc_HideBattler	src/battle_anim/script_funcs_3.c	between
ov07_022248F4	BattleAnimTask_BlinkAttacker	src/battle_anim/script_funcs_3.c	calls
ov07_02224948	BattleAnimScriptFunc_BlinkAttacker	src/battle_anim/script_funcs_3.c	order
ov07_02224998	BattleAnimTask_MoveBattlerX	src/battle_anim/script_funcs_3.c	order
ov07_02224A20	BattleAnimScriptFunc_MoveBattlerX	src/battle_anim/script_funcs_3.c	order
ov07_02224B14	BattleAnimTask_MoveBattlerX2	src/battle_anim/script_funcs_3.c	called
ov07_02224BAC	BattleAnimScriptFunc_MoveBattlerX2	src/battle_anim/script_funcs_3.c	order
ov07_02224CB8	BattleAnimTask_ShakeAndScaleAttacker	src/battle_anim/script_funcs_3.c	order
ov07_02224E58	BattleAnimScriptFunc_ShakeAndScaleAttacker	src/battle_anim/script_funcs_3.c	order
ov07_02224EF4	BattleAnimTask_ShakeAndScaleAttacker2	src/battle_anim/script_funcs_3.c	order
ov07_02225098	BattleAnimScriptFunc_ShakeAndScaleAttacker2	src/battle_anim/script_funcs_3.c	order
ov07_0222519C	BattleAnimTask_Swagger	src/battle_anim/script_funcs_2.c	calls
ov07_022251CC	BattleAnimScriptFunc_Superpower	src/battle_anim/script_funcs_3.c	order
ov07_0222525C	BattleAnimTask_MoveBattler	src/battle_anim/script_funcs_3.c	order
ov07_022252F8	BattleAnimScriptFunc_MoveBattler	src/battle_anim/script_funcs_3.c	order
ov07_02225444	BattleAnimTask_RevolveBattler	src/battle_anim/script_funcs_3.c	order
ov07_0222548C	BattleAnimScriptFunc_RevolveBattler	src/battle_anim/script_funcs_3.c	order
ov07_02225504	BattleAnimTask_MoveBattlerOffScreen	src/battle_anim/script_funcs_3.c	order
ov07_0222554C	BattleAnimScriptFunc_MoveBattlerOffScreen	src/battle_anim/script_funcs_3.c	order
ov07_02225640	BattleAnimScriptFunc_MoveBattlerOnOrOffScreen	src/battle_anim/script_funcs_3.c	order
ov07_02225768	BattleAnimScriptFunc_MoveBattlerToDefaultPos	src/battle_anim/script_funcs_3.c	order
ov07_02225810	BattleAnimTask_FadePokemonSprite	src/battle_anim/script_funcs_3.c	calls
ov07_02225838	BattleAnimScriptFunc_FadePokemonSprite	src/battle_anim/script_funcs_3.c	between
ov07_02225904	BattleAnimTask_BattlerPartialDrawTest	src/battle_anim/script_funcs_3.c	calls
ov07_02225990	BattleAnimScriptFunc_BattlerPartialDrawTest	src/battle_anim/script_funcs_3.c	between
ov07_02225AE0	GetBattlerFromBattlerFlags	src/battle_anim/script_funcs_3.c	between
ov07_02225B38	BattleAnimTask_BattlerPartialDrawAppear	src/battle_anim/script_funcs_3.c	between
ov07_02225BC4	BattleAnimTask_BattlerPartialDrawDisappear	src/battle_anim/script_funcs_3.c	between
ov07_02225C50	BattleAnimTask_BattlerPartialDrawSketch	src/battle_anim/script_funcs_3.c	calls
ov07_02225CC4	BattleAnimScriptFunc_BattlerPartialDraw	src/battle_anim/script_funcs_3.c	between
ov07_02225DC4	BattleAnimTask_ShakeBg	src/battle_anim/script_funcs_3.c	calls
ov07_02225E9C	BattleAnimScriptFunc_ShakeBg	src/battle_anim/script_funcs_3.c	order
ov07_02225F18	BattleAnimTask_RenderPokemonSprites	src/battle_anim/script_funcs_3.c	calls
ov07_02225F94	BattleAnimScriptFunc_PixelatePokemonSprite	src/battle_anim/script_funcs_3.c	order
ov07_0222600C	EmitterAnimationContext_Init	src/battle_anim/script_funcs_3.c	order
ov07_022260DC	IsEmitterActive	src/battle_anim/script_funcs_3.c	order
ov07_022260F8	BattleAnimTask_MoveEmitterA2BLinear	src/battle_anim/script_funcs_3.c	order
ov07_022261B4	BattleAnimScriptFunc_MoveEmitterA2BLinear	src/battle_anim/script_funcs_3.c	order
ov07_022262E8	BattleAnimScriptFunc_MoveEmitterViewportTop	src/battle_anim/script_funcs_3.c	order
ov07_0222647C	BattleAnimTask_MoveEmitterA2BParabolic	src/battle_anim/script_funcs_3.c	order
ov07_022264E0	BattleAnimScriptFunc_MoveEmitterA2BParabolic	src/battle_anim/script_funcs_3.c	order
ov07_02226628	BattleAnimTask_RevolveEmitter	src/battle_anim/script_funcs_3.c	order
ov07_02226698	BattleAnimScriptFunc_RevolveEmitter	src/battle_anim/script_funcs_3.c	order
ov07_02226804	BattleAnimTask_OffsetAndAnimateSprite	src/battle_anim/script_funcs_3.c	order
ov07_02226838	BattleAnimSpriteFunc_OffsetAndAnimate	src/battle_anim/script_funcs_3.c	order
ov07_02226880	BattleAnimTask_FollowMeSprite	src/battle_anim/script_funcs_3.c	order
ov07_022269D8	BattleAnimSpriteFunc_FollowMe	src/battle_anim/script_funcs_3.c	order
ov07_02226A68	BattleAnimTask_FissureSprite	src/battle_anim/script_funcs_3.c	order
ov07_02226A9C	BattleAnimSpriteFunc_Fissure	src/battle_anim/script_funcs_3.c	order
ov07_02226B2C	BattleAnimTask_EscapeItemSprite	src/battle_anim/script_funcs_3.c	calls
ov07_02226C4C	BattleAnimSpriteFunc_EscapeItem	src/battle_anim/script_funcs_3.c	order
ov07_02226C90	BattleAnimScriptFunc_SetBgGrayscale	src/battle_anim/script_funcs_3.c	order
ov07_02226CB0	SetPokemonSpritePriorityContext_DoDarkVoidEffects	src/battle_anim/script_funcs_3.c	order
ov07_02226F04	BattleAnimTask_SetPokemonSpritePriority	src/battle_anim/script_funcs_3.c	order
ov07_02226F80	BattleAnimScriptFunc_SetPokemonSpritePriority	src/battle_anim/script_funcs_3.c	order
ov07_0222719C	BattleAnimTask_PixelatePokemonSprite	src/battle_anim/script_funcs_3.c	calls
ov07_022271DC	BattleAnimScriptFunc_RenderPokemonSprites	src/battle_anim/script_funcs_3.c	order
ov07_02227248	BattleAnimTask_ScrollSwitchedBg	src/battle_anim/script_funcs_3.c	order
ov07_022272D0	BattleAnimScriptFunc_ScrollSwitchedBg	src/battle_anim/script_funcs_3.c	order
ov07_02227300	BattleAnimTask_StringShotSprite	src/battle_anim/script_funcs_0.c	calls
ov07_022274F8	BattleAnimSpriteFunc_StringShot	src/battle_anim/script_funcs_0.c	between
ov07_02227630	BattleAnimTask_Strength	src/battle_anim/script_funcs_0.c	between
ov07_02227824	BattleAnimScriptFunc_Strength	src/battle_anim/script_funcs_0.c	between
ov07_022278B0	BattleAnimTask_BulkUp	src/battle_anim/script_funcs_0.c	calls
ov07_02227AEC	BattleAnimScriptFunc_BulkUp	src/battle_anim/script_funcs_0.c	between
ov07_02227B58	BattleAnimTask_DoubleTeam	src/battle_anim/script_funcs_0.c	calls
ov07_02227D1C	BattleAnimScriptFunc_DoubleTeam	src/battle_anim/script_funcs_0.c	between
ov07_02227FA4	BattleAnimTask_Growth	src/battle_anim/script_funcs_0.c	calls
ov07_02228070	BattleAnimScriptFunc_Growth	src/battle_anim/script_funcs_0.c	between
ov07_022280A8	BattleAnimTask_Meditate	src/battle_anim/script_funcs_0.c	calls
ov07_02228174	BattleAnimScriptFunc_Meditate	src/battle_anim/script_funcs_0.c	between
ov07_022281C0	BattleAnimTask_Teleport	src/battle_anim/script_funcs_0.c	calls
ov07_02228384	BattleAnimScriptFunc_Teleport	src/battle_anim/script_funcs_0.c	between
ov07_022283D8	BattleAnimTask_Flash	src/battle_anim/script_funcs_0.c	calls
ov07_022284D8	BattleAnimScriptFunc_Flash	src/battle_anim/script_funcs_0.c	between
ov07_02228510	BattleAnimTask_Splash	src/battle_anim/script_funcs_0.c	calls
ov07_02228638	BattleAnimScriptFunc_Splash	src/battle_anim/script_funcs_0.c	between
ov07_02228684	BattleAnimTask_Harden	src/battle_anim/script_funcs_0.c	calls
ov07_02228750	BattleAnimScriptFunc_Harden	src/battle_anim/script_funcs_0.c	between
ov07_02228834	BattleAnimTask_Minimize	src/battle_anim/script_funcs_0.c	calls
ov07_02228A50	BattleAnimScriptFunc_Minimize	src/battle_anim/script_funcs_0.c	between
ov07_02228B38	BattleAnimTask_Earthquake	src/battle_anim/script_funcs_0.c	calls
ov07_02228C8C	BattleAnimScriptFunc_Earthquake	src/battle_anim/script_funcs_0.c	between
ov07_02228D08	BattleAnimTask_Nightmare	src/battle_anim/script_funcs_0.c	calls
ov07_02228D64	BattleAnimScriptFunc_Nightmare	src/battle_anim/script_funcs_0.c	between
ov07_02228E70	BattleAnimTask_FlailAttackerMode	src/battle_anim/script_funcs_0.c	between
ov07_02228F14	BattleAnimTask_FlailDefenderMode	src/battle_anim/script_funcs_0.c	calls
ov07_02228F88	BattleAnimScriptFunc_Flail	src/battle_anim/script_funcs_0.c	between
ov07_02229024	BattleAnimTask_Magnitude	src/battle_anim/script_funcs_0.c	calls
ov07_022290BC	BattleAnimScriptFunc_Magnitude	src/battle_anim/script_funcs_0.c	between
ov07_0222915C	BattleAnimTask_OdorSleuth	src/battle_anim/script_funcs_0.c	calls
ov07_02229220	BattleAnimScriptFunc_OdorSleuth	src/battle_anim/script_funcs_0.c	between
ov07_0222928C	BattleAnimTask_IcicleSpearSprite	src/battle_anim/script_funcs_0.c	calls
ov07_022292E4	BattleAnimSpriteFunc_IcicleSpear	src/battle_anim/script_funcs_0.c	between
ov07_02229480	BattleAnimTask_Surf	src/battle_anim/script_funcs_0.c	calls
ov07_02229630	BattleAnimScriptFunc_Surf	src/battle_anim/script_funcs_0.c	calls
ov07_022297B8	BattleAnimTask_TrickSprite	src/battle_anim/script_funcs_0.c	calls
ov07_02229BFC	BattleAnimSpriteFunc_Trick	src/battle_anim/script_funcs_0.c	between
ov07_02229D40	BattleAnimTask_TauntSprite	src/battle_anim/script_funcs_4.c	calls
ov07_02229E50	BattleAnimSpriteFunc_Taunt	src/battle_anim/script_funcs_4.c	between
ov07_02229FC4	BattleAnimTask_HelpingHandSprite	src/battle_anim/script_funcs_4.c	calls
ov07_0222A1F0	BattleAnimSpriteFunc_HelpingHand	src/battle_anim/script_funcs_4.c	between
ov07_0222A328	BattleAnimTask_AssistPaw	src/battle_anim/script_funcs_4.c	calls
ov07_0222A4B4	BattleAnimTask_AssistSprite	src/battle_anim/script_funcs_4.c	calls
ov07_0222A58C	BattleAnimSpriteFunc_Assist	src/battle_anim/script_funcs_4.c	between
ov07_0222A710	BattleAnimTask_Camouflage	src/battle_anim/script_funcs_4.c	between
ov07_0222A838	BattleAnimScriptFunc_Camouflage	src/battle_anim/script_funcs_4.c	calls
ov07_0222A8D8	BattleAnimUtil_TickSpriteIfVisible	src/battle_anim/script_funcs_4.c	calls
ov07_0222A8EC	BattleAnimTask_MetalClawSprite	src/battle_anim/script_funcs_4.c	calls
ov07_0222A988	BattleAnimSpriteFunc_MetalClaw	src/battle_anim/script_funcs_4.c	calls
ov07_0222AA20	BattleAnimTask_IngrainSprite	src/battle_anim/script_funcs_4.c	calls
ov07_0222ACAC	BattleAnimSpriteFunc_Ingrain	src/battle_anim/script_funcs_4.c	between
ov07_0222AE14	BattleAnimTask_Mimic	src/battle_anim/script_func_mimic.c	calls
ov07_0222AEA0	BattleAnimScriptFunc_Mimic	src/battle_anim/script_func_mimic.c	between
ov07_0222AFAC	BattleAnimTask_ShadowPunch	src/battle_anim/script_funcs_1.c	calls
ov07_0222B130	BattleAnimScriptFunc_ShadowPunch	src/battle_anim/script_funcs_1.c	between
ov07_0222B2A8	BattleAnimTask_FrenzyPlantSprite	src/battle_anim/script_funcs_1.c	calls
ov07_0222B320	BattleAnimSpriteFunc_FrenzyPlant	src/battle_anim/script_funcs_1.c	calls
ov07_0222B4E0	BattleAnimTask_RolePlay	src/battle_anim/script_funcs_1.c	between
ov07_0222B640	BattleAnimScriptFunc_RolePlay	src/battle_anim/script_funcs_1.c	between
ov07_0222B898	BattleAnimTask_Snatch	src/battle_anim/script_funcs_1.c	calls
ov07_0222B988	BattleAnimScriptFunc_Snatch	src/battle_anim/script_funcs_1.c	between
ov07_0222BADC	SetMonPartialDraw	src/battle_anim/script_funcs_1.c	between
ov07_0222BAF4	BattleAnimTask_Sketch	src/battle_anim/script_funcs_1.c	between
ov07_0222BC7C	BattleAnimScriptFunc_Sketch	src/battle_anim/script_funcs_1.c	between
ov07_0222BD90	BattleAnimTask_QuickAttack	src/battle_anim/script_funcs_2.c	calls
ov07_0222BE00	BattleAnimScriptFunc_QuickAttack	src/battle_anim/script_funcs_2.c	between
ov07_0222BF18	BattleAnimTask_DrillPeck	src/battle_anim/script_funcs_2.c	calls
ov07_0222C074	BattleAnimScriptFunc_DrillPeck	src/battle_anim/script_funcs_2.c	between
ov07_0222C18C	KinesisSpoon_CopyFrom	src/battle_anim/script_funcs_2.c	between
ov07_0222C1FC	KinesisSpoon_FreeSprite	src/battle_anim/script_funcs_2.c	between
ov07_0222C208	KinesisSpoon_SetDrawFlag	src/battle_anim/script_funcs_2.c	between
ov07_0222C214	KinesisSpoon_Update	src/battle_anim/script_funcs_2.c	between
ov07_0222C2D4	BattleAnimTask_KinesisSprite	src/battle_anim/script_funcs_2.c	calls
ov07_0222C4C0	BattleAnimSpriteFunc_Kinesis	src/battle_anim/script_funcs_2.c	between
ov07_0222C610	ConfusionContext_Apply	src/battle_anim/script_funcs_2.c	between
ov07_0222C6A8	BattleAnimTask_Confusion	src/battle_anim/script_funcs_2.c	calls
ov07_0222C780	BattleAnimScriptFunc_Confusion	src/battle_anim/script_funcs_2.c	between
ov07_0222C850	AcidArmorContext_ClearBuffer	src/battle_anim/script_funcs_2.c	between
ov07_0222C870	AcidArmorContext_UpdateBgScroll	src/battle_anim/script_funcs_2.c	between
ov07_0222C918	BattleAnimTask_AcidArmor	src/battle_anim/script_funcs_2.c	between
ov07_0222CA8C	BattleAnimScriptFunc_AcidArmor	src/battle_anim/script_funcs_2.c	between
ov07_0222CBFC	BattleAnimTask_NightShadeAttacker	src/battle_anim/script_funcs_2.c	calls
ov07_0222CCBC	BattleAnimTask_NightShadeDefender	src/battle_anim/script_funcs_2.c	between
ov07_0222CE10	BattleAnimScriptFunc_NightShadeAttacker	src/battle_anim/script_funcs_2.c	between
ov07_0222CEC0	BattleAnimScriptFunc_NightShadeDefender	src/battle_anim/script_funcs_2.c	between
ov07_0222CFCC	SpiteContext_UpdateFade	src/battle_anim/script_funcs_2.c	calls
ov07_0222D050	BattleAnimTask_Spite	src/battle_anim/script_funcs_2.c	between
ov07_0222D148	BattleAnimScriptFunc_Spite	src/battle_anim/script_funcs_2.c	between
ov07_0222D2B0	BattleAnimTask_MetronomeSprite	src/battle_anim/script_funcs_2.c	calls
ov07_0222D3BC	BattleAnimSpriteFunc_Metronome	src/battle_anim/script_funcs_2.c	between
ov07_0222D4F4	ConstrictVine_Init	src/battle_anim/script_funcs_2.c	calls
ov07_0222D56C	ConstrictVine_Free	src/battle_anim/script_funcs_2.c	called
ov07_0222D578	ConstrictVine_Enable	src/battle_anim/script_funcs_2.c	calls
ov07_0222D590	ConstrictVine_Update	src/battle_anim/script_funcs_2.c	calls
ov07_0222D60C	BattleAnimTask_ConstrictSprite	src/battle_anim/script_funcs_2.c	calls
ov07_0222D6E0	BattleAnimSpriteFunc_Constrict	src/battle_anim/script_funcs_2.c	calls
ov07_0222D7A4	BattleAnimTask_BonemerangSprite	src/battle_anim/script_funcs_2.c	calls
ov07_0222D974	BattleAnimSpriteFunc_Bonemerang	src/battle_anim/script_funcs_2.c	between
ov07_0222DA60	BattleAnimTask_FaintAttack	src/battle_anim/script_funcs_2.c	calls
ov07_0222DB14	BattleAnimScriptFunc_FaintAttack	src/battle_anim/script_funcs_2.c	calls
ov07_0222DBD8	ScaryFaceSprite_UpdateAttackerScale	src/battle_anim/script_funcs_2.c	calls
ov07_0222DC54	ScaryFaceSprite_UpdateFace	src/battle_anim/script_funcs_2.c	calls
ov07_0222DCD8	BattleAnimTask_ScaryFaceSprite	src/battle_anim/script_funcs_2.c	calls
ov07_0222DD20	BattleAnimSpriteFunc_ScaryFace	src/battle_anim/script_funcs_2.c	between
ov07_0222DE30	ForesightSprite_InitMoveSegment	src/battle_anim/script_funcs_2.c	called
ov07_0222DEEC	BattleAnimTask_ForesightSprite	src/battle_anim/script_funcs_2.c	calls
ov07_0222E020	BattleAnimSpriteFunc_Foresight	src/battle_anim/script_funcs_2.c	calls
ov07_0222E07C	LockOnSprite_InitMoveSegment	src/battle_anim/script_funcs_2.c	called
ov07_0222E108	BattleAnimTask_LockOnSprite	src/battle_anim/script_funcs_2.c	calls
ov07_0222E2EC	BattleAnimSpriteFunc_LockOn	src/battle_anim/script_funcs_2.c	between
ov07_0222E3A4	PlayfulHopsContext_InitTilt	src/battle_anim/script_funcs_2.c	calls
ov07_0222E3E8	PlayfulHopsContext_UpdateHop	src/battle_anim/script_funcs_2.c	calls
ov07_0222E4F8	BattleAnimTask_PlayfulHops	src/battle_anim/script_funcs_2.c	calls
ov07_0222E54C	BattleAnimScriptFunc_PlayfulHops	src/battle_anim/script_funcs_2.c	calls
ov07_0222E6A8	BattleAnimTask_Superpower	src/battle_anim/script_funcs_3.c	calls
ov07_0222E6F4	BattleAnimScriptFunc_Swagger	src/battle_anim/script_funcs_2.c	order
ov07_0222E754	MeanLookSprite_InitPulse	src/battle_anim/script_funcs_2.c	order
ov07_0222E7BC	MeanLookSprite_UpdatePulse	src/battle_anim/script_funcs_2.c	order
ov07_0222E894	MeanLookSprite_UpdatePulses	src/battle_anim/script_funcs_2.c	called
ov07_0222E90C	BattleAnimTask_MeanLookSprite	src/battle_anim/script_funcs_2.c	calls
ov07_0222EA48	BattleAnimSpriteFunc_MeanLook	src/battle_anim/script_funcs_2.c	calls
ov07_0222EAB4	ReturnContext_InitMovement	src/battle_anim/script_funcs_2.c	calls
ov07_0222EB00	BattleAnimTask_Return	src/battle_anim/script_funcs_2.c	calls
ov07_0222EB6C	BattleAnimScriptFunc_Return	src/battle_anim/script_funcs_2.c	between
ov07_0222EBB0	BattleAnimTask_VitalThrow	src/battle_anim/script_funcs_2.c	calls
ov07_0222ED7C	BattleAnimScriptFunc_VitalThrow	src/battle_anim/script_funcs_2.c	between
ov07_0222EDF0	TormentSprite_InitAttackerScale	src/battle_anim/script_funcs_2.c	called
ov07_0222EE14	TormentSprite_UpdateAttackerScale	src/battle_anim/script_funcs_2.c	calls
ov07_0222EF0C	TormentSprite_InitSpeechBubble	src/battle_anim/script_funcs_2.c	calls
ov07_0222EF58	TormentSprite_UpdateSpeechBubble	src/battle_anim/script_funcs_2.c	called
ov07_0222EF88	BattleAnimTask_TormentSprite	src/battle_anim/script_funcs_2.c	calls
ov07_0222F0B0	BattleAnimSpriteFunc_Torment	src/battle_anim/script_funcs_2.c	between
ov07_0222F210	BattleAnimTask_BatonPassSprite	src/battle_anim/script_funcs_2.c	calls
ov07_0222F378	BattleAnimSpriteFunc_BatonPass	src/battle_anim/script_funcs_2.c	between
ov07_0222F408	MementoContext_BlendSprite	src/battle_anim/script_funcs_2.c	between
ov07_0222F434	MementoContext_InitAttacker	src/battle_anim/script_funcs_2.c	calls
ov07_0222F4D4	MementoContext_UpdateAttacker	src/battle_anim/script_funcs_2.c	calls
ov07_0222F600	MementoContext_InitDefender	src/battle_anim/script_funcs_2.c	calls
ov07_0222F6C0	MementoContext_UpdateDefender	src/battle_anim/script_funcs_2.c	calls
ov07_0222F764	BattleAnimTask_Memento	src/battle_anim/script_funcs_2.c	calls
ov07_0222F848	BattleAnimScriptFunc_Memento	src/battle_anim/script_funcs_2.c	calls
ov07_0222F9B8	UnusedSprite_InitScaleAndAfterImage	src/battle_anim/script_funcs_2.c	called
ov07_0222FA08	UnusedSprite_InitScaleAndAfterImage2	src/battle_anim/script_funcs_2.c	calls
ov07_0222FA64	BattleAnimTask_UnusedSprite	src/battle_anim/script_funcs_2.c	calls
ov07_0222FB24	BattleAnimSpriteFunc_Unused	src/battle_anim/script_funcs_2.c	calls
ov07_0222FBEC	GrudgeSprite_InitRevolutions	src/battle_anim/script_funcs_2.c	between
ov07_0222FC44	GrudgeSprite_UpdateRevolutions	src/battle_anim/script_funcs_2.c	between
ov07_0222FD14	BattleAnimTask_GrudgeSprite	src/battle_anim/script_funcs_2.c	between
ov07_0222FE04	BattleAnimSpriteFunc_Grudge	src/battle_anim/script_funcs_2.c	between
ov07_0222FEB0	GrassWhistleSprite_InitNote	src/battle_anim/script_funcs_2.c	calls
ov07_0222FF04	GrassWhistleSprite_UpdateNote	src/battle_anim/script_funcs_2.c	between
ov07_0222FFD0	GrassWhistleSprite_Update	src/battle_anim/script_funcs_2.c	called
ov07_02230058	BattleAnimTask_GrassWhistleSprite	src/battle_anim/script_funcs_2.c	calls
ov07_02230094	BattleAnimSpriteFunc_GrassWhistle	src/battle_anim/script_funcs_2.c	between
ov07_02230170	ExtrasensoryContext_SetParameters	src/battle_anim/script_funcs_2.c	between
ov07_022301C4	ExtrasensoryContext_UpdateScroll	src/battle_anim/script_funcs_2.c	between
ov07_022302A8	BattleAnimTask_Extrasensory	src/battle_anim/script_funcs_2.c	between
ov07_022303A4	BattleAnimScriptFunc_Extrasensory	src/battle_anim/script_funcs_2.c	between
ov07_0223049C	BattleAnimTask_FakeOutCurtain	src/battle_anim/script_funcs_2.c	between
ov07_02230600	BattleAnimScriptFunc_FakeOutCurtain	src/battle_anim/script_funcs_2.c	calls
ov07_0223061C	BattleAnimTask_FakeOutSprite	src/battle_anim/script_funcs_2.c	calls
ov07_022306D8	BattleAnimSpriteFunc_FakeOut	src/battle_anim/script_funcs_2.c	calls
ov07_02230714	BattleAnimTask_FakeOut	src/battle_anim/script_funcs_2.c	calls
ov07_022308E4	BattleAnimScriptFunc_FakeOut	src/battle_anim/script_funcs_2.c	calls
ov07_02230960	BattleAnimTask_Megahorn	src/battle_anim/script_funcs_2.c	calls
ov07_02230994	BattleAnimScriptFunc_Megahorn	src/battle_anim/script_funcs_2.c	calls
ov07_02230A70	BattleAnimTask_MegahornAttacker	src/battle_anim/script_funcs_2.c	calls
ov07_02230BA0	BattleAnimScriptFunc_MegahornDefender	src/battle_anim/script_funcs_2.c	calls
ov07_02230BF8	BattleAnimTask_MegahornDefender	src/battle_anim/script_funcs_2.c	calls
ov07_02230D1C	BattleAnimScriptFunc_MegahornAttacker	src/battle_anim/script_funcs_2.c	calls
ov07_02230D74	BattleAnimSpriteFunc_Sleep	src/battle_anim/script_funcs_status.c	order
ov07_02230E20	BattleAnimTask_SleepSprite	src/battle_anim/script_funcs_status.c	order
ov07_02230F0C	SleepSprite_Init	src/battle_anim/script_funcs_status.c	calls
ov07_02230F6C	SleepSprite_Update	src/battle_anim/script_funcs_status.c	calls
ov07_02230F98	BattleAnimSpriteFunc_Freeze	src/battle_anim/script_funcs_status.c	calls
ov07_02230FE8	BattleAnimTask_Freeze	src/battle_anim/script_funcs_status.c	calls
ov07_022310E0	BattleAnimSpriteFunc_Burn	src/battle_anim/script_funcs_status.c	calls
ov07_022311B0	BurnSprite_Init	src/battle_anim/script_funcs_status.c	called
ov07_02231204	BurnSprite_Update	src/battle_anim/script_funcs_status.c	called
ov07_02231234	BattleAnimTask_BurnSprite	src/battle_anim/script_funcs_status.c	calls
ov07_022312A8	ConfusionStatusSprite_Init	src/battle_anim/script_funcs_status.c	between
ov07_02231300	ConfusionStatusSprite_Update	src/battle_anim/script_funcs_status.c	between
ov07_02231378	BattleAnimTask_ConfusionStatus	src/battle_anim/script_funcs_status.c	between
ov07_02231468	BattleAnimSpriteFunc_ConfusionStatus	src/battle_anim/script_funcs_status.c	between
ov07_02231514	StatChangeConfig_SetStepSize	src/battle_anim/script_funcs_stat_change.c	between
ov07_0223151C	StatChangeConfig_SetInitAlpha	src/battle_anim/script_funcs_stat_change.c	between
ov07_02231524	StatChangeContext_LoadBg	src/battle_anim/script_funcs_stat_change.c	between
ov07_022315C0	BattleAnimTask_StatChange	src/battle_anim/script_funcs_stat_change.c	calls
ov07_0223172C	StatChangeConfig_Init	src/battle_anim/script_funcs_stat_change.c	calls
ov07_0223174C	BattleAnimScriptFunc_StatChangeCommon	src/battle_anim/script_funcs_stat_change.c	called
ov07_02231874	BattleAnimScriptFunc_StatChangeUp	src/battle_anim/script_funcs_stat_change.c	order
ov07_022318A0	BattleAnimScriptFunc_StatChangeDown	src/battle_anim/script_funcs_stat_change.c	order
ov07_022318CC	BattleAnimScriptFunc_StatChangeHeal	src/battle_anim/script_funcs_stat_change.c	order
ov07_022318F8	BattleAnimScriptFunc_StatChangeMetal	src/battle_anim/script_funcs_stat_change.c	order
ov07_02231924	BattleAnimUtil_GetBattlerType	src/battle_anim/battle_anim_util.c	called
ov07_0223192C	BattleAnimSystem_GetAttacker	src/battle_anim/battle_anim_system.c	called
ov07_02231958	BattleAnimUtil_GetBattlerOfType	src/battle_anim/battle_anim_util.c	order
ov07_0223197C	BattleAnimUtil_GetAlliedBattler	src/battle_anim/battle_anim_util.c	called
ov07_022319E0	BattleAnimUtil_GetOpposingBattlerType	src/battle_anim/battle_anim_util.c	between
ov07_02231A20	BattleAnimUtil_GetBattlerTypeDefaultPos	src/battle_anim/battle_anim_util.c	called
ov07_02231A50	BattleAnimUtil_GetBattlerDefaultPos	src/battle_anim/battle_anim_util.c	order
ov07_02231A70	BattleAnimUtil_GetBattlerTypeWorldPosInternal	src/battle_anim/battle_anim_util.c	between
ov07_02231AD0	BattleAnimUtil_GetBattlerTypeWorldPos_Normal	src/battle_anim/battle_anim_util.c	called
ov07_02231AE0	BattleAnimUtil_GetBattlerWorldPos_Beam2	src/battle_anim/battle_anim_util.c	order
ov07_02231AF0	BattleAnimUtil_GetBattlerWorldPos_Beam3	src/battle_anim/battle_anim_util.c	order
ov07_02231B00	BattleAnimUtil_GetBattlerWorldPos_Hypnosis	src/battle_anim/battle_anim_util.c	order
ov07_02231B10	BattleAnimUtil_GetBattlerWorldPos_TriAttack	src/battle_anim/battle_anim_util.c	order
ov07_02231B20	BattleAnimUtil_GetBattlerWorldPos_HydroCannon	src/battle_anim/battle_anim_util.c	order
ov07_02231B30	BattleAnimUtil_GetBattlerWorldPos_HyperVoice	src/battle_anim/battle_anim_util.c	order
ov07_02231B40	BattleAnimUtil_GetBattlerWorldPos_GrassWhistle	src/battle_anim/battle_anim_util.c	order
ov07_02231B50	BattleAnimUtil_GetBattlerWorldPos_DragonPulse	src/battle_anim/battle_anim_util.c	order
ov07_02231B60	BattleAnimUtil_GetBattlerWorldPos_CameraLookAt	src/battle_anim/battle_anim_util.c	order
ov07_02231B70	BattleAnimUtil_GetBattlerWorldPos_HydroPump	src/battle_anim/battle_anim_util.c	order
ov07_02231B80	BattleAnimUtil_GetParticleViewportTopPosition	src/battle_anim/battle_anim_util.c	order
ov07_02231B90	ParticleSystem_SetEmitterGravityMagnitude	src/particle_system.c	called
ov07_02231DE0	BattleAnimUtil_GetBattlerTypeWorldPos	src/battle_anim/battle_anim_util.c	order
ov07_02231DE8	BattleAnimUtil_GetUpVectorForBattler	src/battle_anim/battle_anim_util.c	between
ov07_02231E08	BattleAnimUtil_SetSpriteBgBlending	src/battle_anim/battle_anim_util.c	called
ov07_02231E44	BattleAnimSystem_GetBgID	src/battle_anim/battle_anim_system.c	called
ov07_02231E74	BattleAnimUtil_SetEffectBaseBgBlending	src/battle_anim/battle_anim_util.c	called
ov07_02231EC0	BattleAnimUtil_SetBackgroundWindowMask	src/battle_anim/battle_anim_util.c	between
ov07_02231FA0	BattleAnimUtil_GetMonSpritePos	src/battle_anim/battle_anim_util.c	called
ov07_02231FD8	BattleAnimUtil_GetSpritePos	src/battle_anim/battle_anim_util.c	between
ov07_02231FE4	BattleAnimSystem_GetCommonData	src/battle_anim/battle_anim_util.c	called
ov07_02232020	BattleAnimUtil_GetBattlerSprites	src/battle_anim/battle_anim_util.c	called
ov07_022323FC	BattleAnimUtil_GetPokemonSprites	src/battle_anim/battle_anim_util.c	between
ov07_022324D8	BattleAnimUtil_Alloc	src/battle_anim/battle_anim_util.c	called
ov07_02232508	BattleAnimUtil_Free	src/battle_anim/battle_anim_util.c	called
ov07_0223251C	ov12_02235E94	src/battle_anim/ov12_02235E94.c	between
ov07_02232540	ov12_02235EB0	src/battle_anim/ov12_02235E94.c	between
ov07_02232580	ov12_02235EF0	src/battle_anim/ov12_02235E94.c	between
ov07_022325BC	ov12_02235F2C	src/battle_anim/ov12_02235E94.c	between
ov07_022325F4	ov12_02235F64	src/battle_anim/ov12_02235E94.c	between
ov07_02232608	ov12_02235F78	src/battle_anim/ov12_02235E94.c	between
ov07_0223261C	ov12_02235F8C	src/battle_anim/ov12_02235E94.c	between
ov07_02232630	ov12_02235FA0	src/battle_anim/ov12_02235E94.c	between
ov07_02232644	ov12_02235FB4	src/battle_anim/ov12_02235E94.c	between
ov07_02232658	ov12_02235FC8	src/battle_anim/ov12_02235E94.c	called
ov07_02232670	ov12_02235FE0	src/battle_anim/ov12_02235E94.c	between
ov07_02232694	ov12_02236004	src/battle_anim/ov12_02235E94.c	between
ov07_022326C0	ov12_02236030	src/battle_anim/ov12_02235E94.c	called
ov07_02232730	ov12_022360A0	src/battle_anim/ov12_02235E94.c	between
ov07_022329B0	ov12_02236320	src/battle_anim/ov12_02235E94.c	between
ov07_02232A04	ov12_02236374	src/battle_anim/ov12_02235E94.c	between
ov07_02232A14	ov12_02236384	src/battle_anim/ov12_02235E94.c	between
ov07_02232A44	ov12_022363B4	src/battle_anim/ov12_02235E94.c	between
ov07_02232A54	ov12_022363C4	src/battle_anim/ov12_02235E94.c	between
ov07_02232A5C	ov12_022363CC	src/battle_anim/ov12_02235E94.c	between
ov07_02232AB8	ov12_02236428	src/battle_anim/ov12_02235E94.c	between
ov07_02232AC0	ov12_02236430	src/battle_anim/ov12_02235E94.c	between
ov07_02232AFC	ov12_0223646C	src/battle_anim/ov12_02235E94.c	called
ov07_02232BB0	ov12_02236520	src/battle_anim/ov12_02235E94.c	between
ov07_02232C28	ov12_02236598	src/battle_anim/ov12_02235E94.c	between
ov07_02232C64	ov12_022365D4	src/battle_anim/ov12_02235E94.c	between
ov07_02232CD8	ov12_02236648	src/battle_anim/ov12_02235E94.c	between
ov07_02232D20	ov12_02236690	src/battle_anim/ov12_02235E94.c	called
ov07_02232D80	ov12_022366F0	src/battle_anim/ov12_02235E94.c	called
ov07_02232DF4	ov12_02236764	src/battle_anim/ov12_02235E94.c	called
ov07_02232E10	ov12_02236780	src/battle_anim/ov12_02235E94.c	called
ov07_02232E18	ov12_02236788	src/battle_anim/ov12_02235E94.c	between
ov07_02232E40	ov12_022367B0	src/battle_anim/ov12_02235E94.c	between
ov07_02232E68	ov12_022367D8	src/battle_anim/ov12_02235E94.c	between
ov07_02232E90	ov12_02236800	src/battle_anim/ov12_02235E94.c	between
ov07_02232EB8	ov12_02236828	src/battle_anim/ov12_02235E94.c	between
ov07_02232EE0	ov12_02236850	src/battle_anim/ov12_02235E94.c	between
ov07_02232F08	ov12_02236878	src/battle_anim/ov12_02235E94.c	between
ov07_02232F30	ov12_022368A0	src/battle_anim/ov12_02235E94.c	between
ov07_02232F60	ov12_022368D0	src/battle_anim/ov12_02235E94.c	between
ov07_02232F74	ov12_022368E4	src/battle_anim/ov12_02235E94.c	called
ov07_02232F80	ov12_022368F0	src/battle_anim/ov12_02235E94.c	between
ov07_02232F84	ov12_022368F4	src/battle_anim/ov12_02235E94.c	between
ov07_02232F9C	ov12_0223690C	src/battle_anim/ov12_02235E94.c	between
ov07_02232FA8	ov12_02236918	src/battle_anim/ov12_02235E94.c	between
ov07_02233088	ov12_022369F8	src/battle_anim/ov12_02235E94.c	between
ov07_0223308C	ov12_022369FC	src/battle_anim/ov12_02235E94.c	between
ov07_022330E0	ov12_02236A50	src/battle_anim/ov12_02235E94.c	between
ov07_022330E4	ov12_02236A54	src/battle_anim/ov12_02235E94.c	between
ov07_022330F0	ov12_02236A60	src/battle_anim/ov12_02235E94.c	between
ov07_022330FC	ov12_02236A6C	src/battle_anim/ov12_02235E94.c	between
ov07_022331A4	ov12_02236B14	src/battle_anim/ov12_02235E94.c	between
ov07_022331B0	ov12_02236B20	src/battle_anim/ov12_02235E94.c	calls
ov07_02233224	ov12_02236B94	src/battle_anim/ov12_02235E94.c	between
ov07_02233228	ov12_02236B98	src/battle_anim/ov12_02235E94.c	calls
ov07_022332C4	ov12_02236C34	src/battle_anim/ov12_02235E94.c	between
ov07_022332C8	ov12_02236C38	src/battle_anim/ov12_02235E94.c	between
ov07_022332E8	ov12_02236C58	src/battle_anim/ov12_02235E94.c	between
ov07_022332F4	ov12_02236C64	src/battle_anim/ov12_02235E94.c	between
ov07_0223338C	ov12_02236CFC	src/battle_anim/ov12_02235E94.c	between
ov07_02233390	ov12_02236D00	src/battle_anim/ov12_02235E94.c	between
ov07_0223339C	ov12_02236D0C	src/battle_anim/ov12_02235E94.c	between
ov07_022333A8	ov12_02236D18	src/battle_anim/ov12_02235E94.c	between
ov07_02233498	ov12_02236E08	src/battle_anim/ov12_02235E94.c	between
ov07_0223349C	ov12_02236E0C	src/battle_anim/ov12_02235E94.c	between
ov07_02233500	ov12_02236E70	src/battle_anim/ov12_02235E94.c	between
ov07_0223350C	ov12_02236E7C	src/battle_anim/ov12_02235E94.c	calls
ov07_02233590	ov12_02236F00	src/battle_anim/ov12_02235E94.c	between
ov07_0223359C	ov12_02236F0C	src/battle_anim/ov12_02235E94.c	between
ov07_022335A0	ov12_02236F10	src/battle_anim/ov12_02235E94.c	between
ov07_022335B4	ov12_02236F24	src/battle_anim/ov12_02235E94.c	called
ov07_02233874	ov12_022371E4	src/battle_anim/ov12_02235E94.c	between
ov07_02233B04	ov12_02237474	src/battle_anim/ov12_02235E94.c	calls
ov07_02233C98	ov12_02237608	src/battle_anim/ov12_02235E94.c	calls
ov07_02233D24	ov12_02237694	src/battle_anim/ov12_02235E94.c	between
ov07_02233D60	ov12_022376D0	src/battle_anim/ov12_02235E94.c	calls
ov07_02233DB8	ov12_02237728	src/battle_anim/ov12_02235E94.c	called
ov07_02233E88	ov12_022377F8	src/battle_anim/ov12_02235E94.c	called
ov07_02233EA0	ov12_02237810	src/battle_anim/ov12_02235E94.c	between
ov07_02233EB8	ov12_02237828	src/battle_anim/ov12_02235E94.c	called
ov07_02233EBC	ov12_0223782C	src/battle_anim/ov12_02235E94.c	called
ov07_02233ECC	ov12_0223783C	src/battle_anim/ov12_02235E94.c	called
ov07_02233EFC	ov12_0223786C	src/battle_anim/ov12_02235E94.c	called
ov07_02233F20	ov12_02237890	src/battle_anim/ov12_02235E94.c	called
ov07_02233F30	ov12_022378A0	src/battle_anim/ov12_02235E94.c	between
ov07_022341A4	ov12_02237B14	src/battle_anim/ov12_02235E94.c	called
ov07_022342E4	ov12_02237C54	src/battle_anim/ov12_02235E94.c	calls
ov07_0223441C	ov12_02237D8C	src/battle_anim/ov12_02235E94.c	calls
ov07_0223449C	ov12_02237E0C	src/battle_anim/ov12_02235E94.c	called
ov07_022344A8	ov12_02237E18	src/battle_anim/ov12_02235E94.c	called
ov07_022344B4	ov12_02237E24	src/battle_anim/ov12_02235E94.c	between
ov07_022344C0	ov12_02237E30	src/battle_anim/ov12_02235E94.c	called
ov07_022344C4	ov12_02237E34	src/battle_anim/ov12_02235E94.c	called
ov07_022344D0	ov12_02237E40	src/battle_anim/ov12_02235E94.c	called
ov07_022344DC	ov12_02237E4C	src/battle_anim/ov12_02235E94.c	called
ov07_022344E4	SealAnim_GetDistance	src/battle_anim/ov12_02237E54.c	between
ov07_02234510	ov12_02237E80	src/battle_anim/ov12_02237E54.c	between
ov07_02234530	ov12_02237EA0	src/battle_anim/ov12_02237E54.c	between
ov07_0223458C	ov12_02237EFC	src/battle_anim/ov12_02237EFC.c	called
ov07_022345C8	ov12_02237F38	src/battle_anim/ov12_02237EFC.c	called
ov07_02234604	ov12_02237F74	src/battle_anim/ov12_02237EFC.c	called
ov07_02234628	ov12_02237F98	src/battle_anim/ov12_02237EFC.c	called
ov07_02234658	ov12_02237FC8	src/battle_anim/ov12_02237EFC.c	between
ov07_02234694	ov12_02238004	src/battle_anim/ov12_02237EFC.c	called
ov07_022346BC	ov12_0223802C	src/battle_anim/ov12_02237EFC.c	called
ov07_022346C0	ov12_02238030	src/battle_anim/ov12_02237EFC.c	between
ov07_022346E4	ov12_02238054	src/battle_anim/ov12_02237EFC.c	between
ov07_02234710	ov12_02238080	src/battle_anim/ov12_02237EFC.c	between
ov07_02234718	ov12_02238088	src/battle_anim/ov12_02237EFC.c	between
ov07_0223474C	ov12_022380BC	src/battle_anim/ov12_022380BC.c	between
ov07_0223475C	ov12_022380CC	src/battle_anim/ov12_022380BC.c	between
ov07_0223476C	ov12_022380DC	src/battle_anim/ov12_022380BC.c	calls
ov07_0223494C	BattleAnimSystem_GetHeapID	src/battle_anim/battle_anim_system.c	called
ov07_02234A20	ov12_02238390	src/battle_anim/ov12_022380BC.c	calls
ov07_02234B5C	ov12_022384CC	src/battle_anim/ov12_022380BC.c	called
ov08_0221BE20	BattlePartyTask_Start	src/battle_sub_menus/battle_party.c	calls
ov08_0221BE98	BattlePartyTask_Tick	src/battle_sub_menus/battle_party.c	between
ov08_0221C048	BattlePartyTask_Initialize	src/battle_sub_menus/battle_party.c	called
ov08_0221C14C	BattlePartyTask_PartyPokemonScreen	src/battle_sub_menus/battle_party.c	calls
ov08_0221C1C8	PartyUseItemScreen	src/battle_sub_menus/battle_party.c	called
ov08_0221C318	BattlePartyTask_SelectPokemonScreen	src/battle_sub_menus/battle_party.c	calls
ov08_0221C3C8	BattlePartyTask_PokemonSummaryScreen	src/battle_sub_menus/battle_party.c	called
ov08_0221C488	BattlePartyTask_PokemonMovesScreen	src/battle_sub_menus/battle_party.c	called
ov08_0221C58C	BattlePartyTask_MoveSummaryScreen	src/battle_sub_menus/battle_party.c	calls
ov08_0221C604	BattlePartyTask_LearnMoveScreen	src/battle_sub_menus/battle_party.c	called
ov08_0221C6F8	BattlePartyTask_ConfirmLearnMoveScreen	src/battle_sub_menus/battle_party.c	calls
ov08_0221C814	BattlePartyTask_RestoreMovePPScreen	src/battle_sub_menus/battle_party.c	calls
ov08_0221C918	BattlePartyTask_SetupPartyPokemonScreen	src/battle_sub_menus/battle_party.c	called
ov08_0221C924	BattlePartyTask_SetupSelectPokemonScreen	src/battle_sub_menus/battle_party.c	called
ov08_0221C930	BattlePartyTask_SetupPokemonSummaryScreen	src/battle_sub_menus/battle_party.c	called
ov08_0221C93C	BattlePartyTask_SetupPokemonMovesScreen	src/battle_sub_menus/battle_party.c	called
ov08_0221C948	BattlePartyTask_SetupMoveSummaryScreen	src/battle_sub_menus/battle_party.c	called
ov08_0221C954	BattlePartyTask_SetupLearnMoveScreen	src/battle_sub_menus/battle_party.c	called
ov08_0221C978	BattlePartyTask_SetupConfirmLearnMoveScreen	src/battle_sub_menus/battle_party.c	called
ov08_0221C9A4	BattlePartyTask_SetupRestoreMovePPScreen	src/battle_sub_menus/battle_party.c	called
ov08_0221C9C8	BattlePartyTask_RefreshPokemonDetailsScreens	src/battle_sub_menus/battle_party.c	called
ov08_0221CA08	BattlePartyTask_DisplayCantSwitchMessage	src/battle_sub_menus/battle_party.c	called
ov08_0221CA20	BattlePartyTask_ClearErrorMessage	src/battle_sub_menus/battle_party.c	called
ov08_0221CA34	BattlePartyTask_AwaitingTextFinish	src/battle_sub_menus/battle_party.c	called
ov08_0221CA50	BattlePartyTask_AwaitingInput	src/battle_sub_menus/battle_party.c	called
ov08_0221CA78	BattlePartyTask_ScreenTransition	src/battle_sub_menus/battle_party.c	called
ov08_0221CA90	BattlePartyTask_UseRestorationItem	src/battle_sub_menus/battle_party.c	called
ov08_0221CC38	BattlePartyTask_UseAllMovePPRestorationItem	src/battle_sub_menus/battle_party.c	calls
ov08_0221CD64	BattlePartyTask_Exit	src/battle_sub_menus/battle_party.c	called
ov08_0221CD90	BattlePartyTask_FinishTask	src/battle_sub_menus/battle_party.c	called
ov08_0221CDF8	InitializeBackground	src/battle_sub_menus/battle_party.c	between
ov08_0221CF08	CleanupBackground	src/battle_sub_menus/battle_party.c	calls
ov08_0221CF38	LoadGraphicsData	src/battle_sub_menus/battle_party.c	calls
ov08_0221D0F4	InitializeMessageLoader	src/battle_sub_menus/battle_party.c	calls
ov08_0221D14C	CleanupMessageLoader	src/battle_sub_menus/battle_party.c	calls
ov08_0221D184	InitialisePartyPokemon	src/battle_sub_menus/battle_party.c	calls
ov08_0221D438	CheckPartyPokemonScreenButtonPressed	src/battle_sub_menus/battle_party.c	called
ov08_0221D4B0	CheckSelectPokemonScreenButtonsPressed	src/battle_sub_menus/battle_party.c	called
ov08_0221D4F8	CheckPokemonSummaryScreenButtonsPressed	src/battle_sub_menus/battle_party.c	between
ov08_0221D540	CheckPokemonMovesScreenButtonsPressed	src/battle_sub_menus/battle_party.c	between
ov08_0221D588	CheckMoveSummaryScreenButtonsPressed	src/battle_sub_menus/battle_party.c	called
ov08_0221D5D0	CheckTouchRectIsPressed	src/battle_sub_menus/battle_party.c	called
ov08_0221D5DC	BattlePartyTask_CheckCanPartySlotBeSelected	src/battle_sub_menus/battle_party.c	called
ov08_0221D614	UpdateSelectedPartyIndex	src/battle_sub_menus/battle_party.c	between
ov08_0221D6CC	DrawXPBar	src/battle_sub_menus/battle_party.c	calls
ov08_0221D74C	DrawXPBarSegment	src/battle_sub_menus/battle_party.c	called
ov08_0221D77C	DrawAppealPt	src/battle_sub_menus/battle_party.c	called
ov08_0221D81C	DrawEmptyAppealPts	src/battle_sub_menus/battle_party.c	order
ov08_0221D840	ChangeBattlePartyScreen	src/battle_sub_menus/battle_party.c	order
ov08_0221D8B0	LoadCurrentPageTilemap	src/applications/pokemon_summary_screen/main.c	calls
ov08_0221D91C	CheckCanSwitchPokemon	src/battle_sub_menus/battle_party.c	called
ov08_0221DAC4	CheckSelectedPokemonIsEgg	src/battle_sub_menus/battle_party.c	called
ov08_0221DAE4	BattlePartyTask_CheckIfPartnerBattle	src/battle_sub_menus/battle_party.c	between
ov08_0221DB04	BattlePartyTask_CheckIf2V2Battle	src/battle_sub_menus/battle_party.c	called
ov08_0221DB24	BattlePartyTask_CheckIfSwitchingWithPartnersPokemon	src/battle_sub_menus/battle_party.c	between
ov08_0221DB54	CheckSelectedMoveIsHM	src/battle_sub_menus/battle_party.c	called
ov08_0221DB7C	ClearMoveStats	src/battle_sub_menus/battle_party.c	called
ov08_0221DBB4	ClearMoveContestStats	src/battle_sub_menus/battle_party.c	called
ov08_0221DBCC	UseBagItem	src/battle_sub_menus/battle_party.c	called
ov08_0221DC00	BattlePartyText_InitializeWindows	src/battle_sub_menus/battle_party_text.c	between
ov08_0221DC3C	BattlePartyText_InitializeScreenWindows	src/battle_sub_menus/battle_party_text.c	called
ov08_0221DD28	BattlePartyText_ClearScreenWindows	src/battle_sub_menus/battle_party_text.c	between
ov08_0221DD40	BattlePartyText_ClearWindows	src/battle_sub_menus/battle_party_text.c	between
ov08_0221DD70	BattlePartyText_ChangeScreen	src/battle_sub_menus/battle_party_text.c	between
ov08_0221DDCC	PrintPokemonNameHeader	src/battle_sub_menus/battle_party_text.c	calls
ov08_0221DF80	PrintPokemonLevel	src/battle_sub_menus/battle_party_text.c	between
ov08_0221DFC8	PrintPartyPokemonStats	src/battle_sub_menus/battle_party_text.c	calls
ov08_0221E048	DrawPokemonHealthBar	src/battle_sub_menus/battle_party_text.c	calls
ov08_0221E120	PrintPokemonAbilityName	src/battle_sub_menus/battle_party_text.c	calls
ov08_0221E1A8	PrintPokemonHeldItem	src/battle_sub_menus/battle_party_text.c	calls
ov08_0221E244	PrintMoveName	src/battle_sub_menus/battle_party_text.c	calls
ov08_0221E2E8	PrintPPLabel	src/battle_sub_menus/battle_party_text.c	between
ov08_0221E340	PrintSelectOptionText	src/battle_sub_menus/battle_party_text.c	calls
ov08_0221E3A4	PrintButtonText	src/battle_sub_menus/battle_party_text.c	called
ov08_0221E408	PrintSelectedPokemonLevel	src/battle_sub_menus/battle_party_text.c	calls
ov08_0221E5DC	PrintPokemonAttackStat	src/battle_sub_menus/battle_party_text.c	called
ov08_0221E6D8	PrintPokemonDefenseStat	src/battle_sub_menus/battle_party_text.c	called
ov08_0221E7D4	PrintPokemonSpeedStat	src/battle_sub_menus/battle_party_text.c	called
ov08_0221E8D4	PrintPokemonSpAtkStat	src/battle_sub_menus/battle_party_text.c	called
ov08_0221E9D4	PrintPokemonSpDefStat	src/battle_sub_menus/battle_party_text.c	called
ov08_0221EAD4	PrintPokemonHPStat	src/battle_sub_menus/battle_party_text.c	called
ov08_0221EC6C	PrintPokemonAbilityDescription	src/battle_sub_menus/battle_party_text.c	called
ov08_0221ECE8	PrintMoveAccuracyLabel	src/battle_sub_menus/battle_party_text.c	order
ov08_0221ED30	PrintMoveAccuracyValue	src/battle_sub_menus/battle_party_text.c	order
ov08_0221EE18	PrintMovePowerLabel	src/battle_sub_menus/battle_party_text.c	order
ov08_0221EE60	PrintMovePowerValue	src/battle_sub_menus/battle_party_text.c	order
ov08_0221EF48	PrintMoveDescription	src/battle_sub_menus/battle_party_text.c	order
ov08_0221EFA8	PrintMoveCategoryLabel	src/battle_sub_menus/battle_party_text.c	order
ov08_0221F00C	PrintMoveCategory	src/battle_sub_menus/battle_party_text.c	order
ov08_0221F07C	PrintSummaryScreenMovePPStats	src/battle_sub_menus/battle_party_text.c	order
ov08_0221F1B0	PrintConfirmMoveButton	src/battle_sub_menus/battle_party_text.c	order
ov08_0221F220	BattlePartyText_PrintHMMovesCantBeForgottenText	src/battle_sub_menus/battle_party_text.c	called
ov08_0221F284	PrintMovesScreenMovePPStats	src/battle_sub_menus/battle_party_text.c	calls
ov08_0221F3D0	PrintMoveCurrentPP	src/battle_sub_menus/battle_party_text.c	calls
ov08_0221F4A4	RenderPartyPokemonScreen	src/battle_sub_menus/battle_party_text.c	calls
ov08_0221F550	BattlePartyText_RenderPartyPokemonStats	src/battle_sub_menus/battle_party_text.c	calls
ov08_0221F5B0	BattlePartyText_PrintPartyPokemonLevel	src/battle_sub_menus/battle_party_text.c	between
ov08_0221F5D0	RenderSelectPokemonScreen	src/battle_sub_menus/battle_party_text.c	calls
ov08_0221F658	PrintSelectedPokemonName	src/battle_sub_menus/battle_party_text.c	called
ov08_0221F7C0	RenderPokemonMovesScreen	src/battle_sub_menus/battle_party_text.c	calls
ov08_0221F900	RenderPokemonSummaryScreen	src/battle_sub_menus/battle_party_text.c	calls
ov08_0221FB18	RenderMoveSummaryScreen	src/battle_sub_menus/battle_party_text.c	calls
ov08_0221FC7C	RenderLearnMoveScreen	src/battle_sub_menus/battle_party_text.c	calls
ov08_0221FDA4	RenderConfirmLearnMoveScreen	src/battle_sub_menus/battle_party_text.c	calls
ov08_0221FF70	RenderRestoreMovePPScreen	src/battle_sub_menus/battle_party_text.c	calls
ov08_02220064	BattlePartyText_PrintSelectedMoveCurrentPP	src/battle_sub_menus/battle_party_text.c	called
ov08_02220084	RenderConfirmLearnMoveContestStatsScreen	src/battle_sub_menus/battle_party_text.c	calls
ov08_022201C0	BattlePartyText_DisplayErrorMessage	src/battle_sub_menus/battle_party_text.c	called
ov08_022201E8	BattlePartyText_PrintToErrorMessageBox	src/battle_sub_menus/battle_party_text.c	between
ov08_02220224	BattlePartyText_PrintUseItemEffect	src/battle_sub_menus/battle_party_text.c	called
ov08_0222057C	BattlePartyText_PrintEmbargoPreventingItemUse	src/battle_sub_menus/battle_party_text.c	calls
ov08_022205E0	BattlePartySprites_InitializeSprites	src/battle_sub_menus/battle_party_sprites.c	between
ov08_0222061C	InitializeSpriteManager	src/battle_sub_menus/battle_party_sprites.c	calls
ov08_02220668	LoadPartyPokemonSpriteData	src/battle_sub_menus/battle_party_sprites.c	calls
ov08_02220750	LoadSummaryStatusesSpriteData	src/battle_sub_menus/battle_party_sprites.c	called
ov08_02220800	LoadTypesAndMovesSpriteData	src/battle_sub_menus/battle_party_sprites.c	called
ov08_02220878	LoadHeldMailSpriteData	src/battle_sub_menus/battle_party_sprites.c	called
ov08_02220928	LoadContestStatsSpriteData	src/battle_sub_menus/battle_party_sprites.c	calls
ov08_02220A28	InitializeSprites	src/battle_sub_menus/battle_party_sprites.c	called
ov08_02220A50	BattlePartySprites_CleanupSprites	src/battle_sub_menus/battle_party_sprites.c	calls
ov08_02220AAC	InitializePartyPokemonSprites	src/battle_sub_menus/battle_party_sprites.c	order
ov08_02220AEC	InitializeTypeIcon	src/battle_sub_menus/battle_party_sprites.c	called
ov08_02220B3C	InitializeMoveClassIcon	src/battle_sub_menus/battle_party_sprites.c	order
ov08_02220B90	DrawSummaryStatusIcon	src/battle_sub_menus/battle_party_sprites.c	called
ov08_02220BB4	DrawSelectedPokemonTypeIcons	src/battle_sub_menus/battle_party_sprites.c	called
ov08_02220C08	DrawHeldItem	src/battle_sub_menus/battle_party_sprites.c	called
ov08_02220C3C	DrawHeldMail	src/battle_sub_menus/battle_party_sprites.c	called
ov08_02220C5C	BattlePartySprites_SetupScreen	src/battle_sub_menus/battle_party_sprites.c	order
ov08_02220CF4	DrawPokemonPartyScreenSprites	src/battle_sub_menus/battle_party_sprites.c	order
ov08_02220D90	DrawSelectPokemonScreenSprites	src/battle_sub_menus/battle_party_sprites.c	order
ov08_02220DE8	DrawPokemonSummaryScreenSprites	src/battle_sub_menus/battle_party_sprites.c	order
ov08_02220E80	DrawPokemonMovesScreenSprites	src/battle_sub_menus/battle_party_sprites.c	order
ov08_02220F58	DrawMoveSummaryScreenSprites	src/battle_sub_menus/battle_party_sprites.c	called
ov08_0222101C	DrawLearnMoveScreenSprites	src/battle_sub_menus/battle_party_sprites.c	order
ov08_02221088	DrawConfirmLearnMoveScreenSprites	src/battle_sub_menus/battle_party_sprites.c	called
ov08_0222114C	DrawRestoreMovePPScreenSprites	src/battle_sub_menus/battle_party_sprites.c	order
ov08_022211B8	DrawConfirmLearnMoveContestStatsScreenSprites	src/battle_sub_menus/battle_party_sprites.c	order
ov08_02221230	DrawLearnMoveContestStatsScreenSprites	src/battle_sub_menus/battle_party_sprites.c	order
ov08_02221294	DrawStandardMovesSprites	src/battle_sub_menus/battle_party_sprites.c	called
ov08_02221328	DrawContestStatMovesSprites	src/battle_sub_menus/battle_party_sprites.c	called
ov08_022213C8	BattlePartySprites_DrawMovesSprites	src/battle_sub_menus/battle_party_sprites.c	order
ov08_022213E4	SetPartyPokemonSpriteAnimation	src/battle_sub_menus/battle_party_sprites.c	calls
ov08_02221404	GetPartyPokemonSpriteAnimation	src/battle_sub_menus/battle_party_sprites.c	between
ov08_0222145C	BattlePartySprites_TickPartyPokemonSpriteAnimations	src/battle_sub_menus/battle_party_sprites.c	calls
ov08_022214BC	CalculateContestStatSpriteCoord	src/battle_sub_menus/battle_party_sprites.c	between
ov08_02221500	DrawContestStatSprites	src/battle_sub_menus/battle_party_sprites.c	called
ov08_0222162C	InitializeCursor	src/battle_sub_menus/battle_party_sprites.c	called
ov08_02221698	CleanupCursor	src/battle_sub_menus/battle_party_sprites.c	called
ov08_022216CC	SetupLearnMoveScreenCursor	src/battle_sub_menus/battle_party_sprites.c	between
ov08_022216F4	SetupConfirmLearnMoveScreenCursor	src/battle_sub_menus/battle_party_sprites.c	between
ov08_0222171C	BattlePartySprites_SetupCursor	src/battle_sub_menus/battle_party_sprites.c	between
ov08_022217C8	BattlePartySprites_DisableCursor	src/battle_sub_menus/battle_party_sprites.c	called
ov08_022217F0	BattlePartyButtons_InitializeButtonData	src/battle_sub_menus/battle_party_buttons.c	between
ov08_02221B1C	BattlePartyButtons_InitializeAdditionalButtonData	src/battle_sub_menus/battle_party_buttons.c	between
ov08_02221BD0	LoadButtonData	src/battle_sub_menus/battle_party_buttons.c	called
ov08_02221C20	RetrieveRawButtonData	src/battle_sub_menus/battle_party_buttons.c	between
ov08_02221D2C	RetrieveButtonData	src/battle_sub_menus/battle_party_buttons.c	called
ov08_02221E6C	DrawButton	src/battle_sub_menus/battle_party_buttons.c	calls
ov08_02221EE8	UpdateWindowScroll	src/battle_sub_menus/battle_party_buttons.c	calls
ov08_02221F98	UpdateSpritePositions	src/battle_sub_menus/battle_party_buttons.c	calls
ov08_022220AC	BattlePartyButtons_PressButton	src/battle_sub_menus/battle_party_buttons.c	called
ov08_022220FC	BattlePartyButtons_Tick	src/battle_sub_menus/battle_party_buttons.c	called
ov08_022221CC	BattlePartyButtons_InitializeButtons	src/battle_sub_menus/battle_party_buttons.c	calls
ov08_02222524	BattlePartyButtons_LoadScreenPaletteData	src/battle_sub_menus/battle_party_buttons.c	between
ov08_02222564	CheckMultipleSelectablePokemon	src/battle_sub_menus/battle_party_buttons.c	called
ov08_022225A4	BattlePartyButtons_DrawSelectedPartyPokemonButton	src/battle_sub_menus/battle_party_buttons.c	calls
ov08_022225D4	BattleBagTask_Start	src/battle_sub_menus/battle_bag.c	calls
ov08_02222670	BattleBagTask_Tick	src/battle_sub_menus/battle_bag.c	between
ov08_0222276C	BattleBagTask_Initialize	src/battle_sub_menus/battle_bag.c	called
ov08_02222840	BattleBagTask_MenuScreen	src/battle_sub_menus/battle_bag.c	calls
ov08_02222918	BattleBagTask_PocketMenuScreen	src/battle_sub_menus/battle_bag.c	calls
ov08_02222A78	BattleBagTask_ChangePocketPage	src/battle_sub_menus/battle_bag.c	called
ov08_02222AF0	BattleBagTask_UseItemScreen	src/battle_sub_menus/battle_bag.c	calls
ov08_02222B8C	TryUseItem	src/battle_sub_menus/battle_bag.c	called
ov08_02222D78	BattleBagTask_SetupMenuScreen	src/battle_sub_menus/battle_bag.c	called
ov08_02222D84	BattleBagTask_SetupPocketMenuScreen	src/battle_sub_menus/battle_bag.c	called
ov08_02222D90	BattleBagTask_SetupUseItemScreen	src/battle_sub_menus/battle_bag.c	called
ov08_02222D9C	BattleBagTask_ClearErrorMessage	src/battle_sub_menus/battle_bag.c	called
ov08_02222DAC	BattleBagTask_AwaitingTextFinish	src/battle_sub_menus/battle_bag.c	called
ov08_02222DC4	BattleBagTask_AwaitingInput	src/battle_sub_menus/battle_bag.c	called
ov08_02222DEC	BattleBagTask_ScreenTransition	src/battle_sub_menus/battle_bag.c	called
ov08_02222E04	BattleBagTask_Exit	src/battle_sub_menus/battle_bag.c	called
ov08_02222E2C	BattleBagTask_FinishTask	src/battle_sub_menus/battle_bag.c	called
ov08_02222EC4	BattleBagTask_CatchTutorial	src/battle_sub_menus/battle_bag.c	calls
ov08_022231E8	BerryTag_InitStrings	src/applications/berry_tag.c	calls
ov08_02223228	BerryTag_Free	src/applications/berry_tag.c	calls
ov08_02223248	SetupBackgroundScroll	src/battle_sub_menus/battle_bag.c	called
ov08_022232AC	SetupBackgroundTilemap	src/battle_sub_menus/battle_bag.c	called
ov08_02223300	ChangeBattleBagScreen	src/battle_sub_menus/battle_bag.c	order
ov08_02223374	BattleBagTask_GetSelectedPartySlot	src/battle_sub_menus/battle_bag.c	order
ov08_022233B8	BattleBagText_InitializeWindows	src/battle_sub_menus/battle_bag_text.c	order
ov08_022233DC	BattleBagText_InitializeScreenWindows	src/battle_sub_menus/battle_bag_text.c	order
ov08_02223454	BattleBagText_ClearScreenWindows	src/battle_sub_menus/battle_bag_text.c	order
ov08_02223464	BattleBagText_ClearWindows	src/battle_sub_menus/battle_bag_text.c	order
ov08_02223480	BattleBagText_ChangeScreen	src/battle_sub_menus/battle_bag_text.c	order
ov08_022234A4	PrintTextToWindow	src/battle_sub_menus/battle_bag_text.c	order
ov08_022234FC	RenderMenuScreen	src/battle_sub_menus/battle_bag_text.c	order
ov08_022235D4	PrintPocketItemNameToWindow	src/battle_sub_menus/battle_bag_text.c	calls
ov08_02223678	PrintPocketItemAmountToWindow	src/battle_sub_menus/battle_bag_text.c	calls
ov08_0222370C	PrintPocketItemInfo	src/battle_sub_menus/battle_bag_text.c	between
ov08_0222377C	BattleBagText_PrintAllPocketItemInfo	src/battle_sub_menus/battle_bag_text.c	between
ov08_022237C4	BattleBagText_PrintPocketPageNums	src/battle_sub_menus/battle_bag_text.c	calls
ov08_022238F4	PrintPocketName	src/battle_sub_menus/battle_bag_text.c	between
ov08_022239B4	RenderPocketMenuScreen	src/battle_sub_menus/battle_bag_text.c	called
ov08_022239CC	PrintUseItemName	src/battle_sub_menus/battle_bag_text.c	calls
ov08_02223A3C	PrintUseItemDesc	src/battle_sub_menus/battle_bag_text.c	calls
ov08_02223AA0	RenderUseItemScreen	src/battle_sub_menus/battle_bag_text.c	calls
ov08_02223B20	BattleBagText_DisplayMessage	src/battle_sub_menus/battle_bag_text.c	calls
ov08_02223B48	BattleBagText_PrintToMessageBox	src/battle_sub_menus/battle_bag_text.c	called
ov08_02223B78	BattleBag_CanUseLastUsedItem	src/battle_sub_menus/battle_bag_utils.c	called
ov08_02223BA8	BattleBag_SetLastUsedPocket	src/battle_sub_menus/battle_bag_utils.c	called
ov08_02223BF4	BattleBag_Init	src/battle_sub_menus/battle_bag_utils.c	between
ov08_02223CD4	BattleBag_GetItem	src/battle_sub_menus/battle_bag_utils.c	called
ov08_02223D08	BattleBagSprites_InitializeSprites	src/battle_sub_menus/battle_bag_sprites.c	order
ov08_02223D80	LoadSpriteData	src/battle_sub_menus/battle_bag_sprites.c	calls
ov08_02223E3C	LoadItemIcon	src/battle_sub_menus/battle_bag_sprites.c	order
ov08_02223F14	LoadItemPaletteData	src/battle_sub_menus/battle_bag_sprites.c	order
ov08_02223F34	BattleBagSprites_CleanupSprites	src/battle_sub_menus/battle_bag_sprites.c	calls
ov08_0222400C	DrawPocketItems	src/battle_sub_menus/battle_bag_sprites.c	order
ov08_02224064	DrawSelectedItem	src/battle_sub_menus/battle_bag_sprites.c	order
ov08_02224134	BattleBagSprites_SetupCursor	src/battle_sub_menus/battle_bag_sprites.c	called
ov08_0222417C	BattleBagSprites_DisableCursor	src/battle_sub_menus/battle_bag_sprites.c	called
ov08_0222419C	InitializeCatchTutorialCursor	src/battle_sub_menus/battle_bag_sprites.c	called
ov08_022241F4	CleanupCatchTutorialCursor	src/battle_sub_menus/battle_bag_sprites.c	called
ov08_0222421C	BattleBagSprites_SetupCatchTutorialCursor	src/battle_sub_menus/battle_bag_sprites.c	called
ov08_02224684	GetButtonColor	src/battle_sub_menus/battle_bag_buttons.c	order
ov08_022246F4	AddIconDataToButtonData	src/battle_sub_menus/battle_bag_buttons.c	order
ov08_022247E4	ov70_0225FA14	src/overlay070/ov70_0225D9A4.c	calls
ov08_02224938	BattleBagButtons_PressButton	src/battle_sub_menus/battle_bag_buttons.c	called
ov08_02224974	BattleBagButtons_Tick	src/battle_sub_menus/battle_bag_buttons.c	called
ov08_02224A50	BattleBagButtons_InitializeButtons	src/battle_sub_menus/battle_bag_buttons.c	called
ov08_02224B64	MakeBattleSubMenuCursor	src/battle_sub_menus/battle_sub_menu_cursor.c	order
ov08_02224B7C	DeleteBattleSubMenuCursor	src/battle_sub_menus/battle_sub_menu_cursor.c	order
ov08_02224B88	GetBattleSubMenuCursorSprites	src/battle_sub_menus/battle_sub_menu_cursor.c	order
ov08_02224B8C	IsBattleSubMenuCursorVisible	src/battle_sub_menus/battle_sub_menu_cursor.c	order
ov08_02224B90	SetBattleSubMenuCursorVisibility	src/battle_sub_menus/battle_sub_menu_cursor.c	order
ov08_02224B94	SetBattleSubMenuCursorSprites	src/battle_sub_menus/battle_sub_menu_cursor.c	order
ov08_02224B98	SetBattleSubMenuCursorCurrentPosition	src/battle_sub_menus/battle_sub_menu_cursor.c	called
ov08_02224BC0	ResetBattleSubMenuCursorCurrentPosition	src/battle_sub_menus/battle_sub_menu_cursor.c	order
ov08_02224BCC	SetBattleSubMenuCursorPositions	src/battle_sub_menus/battle_sub_menu_cursor.c	called
ov08_02224BF8	SetBattleSubMenuCursorEnabledPositionsMask	src/battle_sub_menus/battle_sub_menu_cursor.c	called
ov08_02224BFC	IsCursorVisible	src/battle_sub_menus/battle_sub_menu_cursor.c	order
ov08_02224C48	CheckShouldStorePreviousPosition	src/battle_sub_menus/battle_sub_menu_cursor.c	order
ov08_02224C94	BattleSubMenuCursorTick	src/battle_sub_menus/battle_sub_menu_cursor.c	called
ov102_021E77F8	EasyChat_TouchButtonCallback	src/applications/easy_chat/main.c	between
ov102_021E7888	EasyChatApp_New	src/applications/easy_chat/main.c	order
ov102_021E7934	ov20_021D0F64	src/applications/easy_chat/main.c	order
ov102_021E7968	ov20_021D0F88	src/applications/easy_chat/main.c	order
ov102_021E79A0	ov20_021D0FCC	src/applications/easy_chat/main.c	order
ov102_021E7A24	EasyChat_FreeAppData	src/applications/easy_chat/main.c	calls
ov102_021E7A4C	EasyChat_Main_Initial	src/applications/easy_chat/main.c	order
ov102_021E7BF8	EasyChat_Main_OneWord	src/applications/easy_chat/main.c	order
ov102_021E8178	ov20_021D1468	src/applications/easy_chat/main.c	order
ov102_021E8294	EasyChat_Main_SelectCategory	src/applications/easy_chat/main.c	order
ov102_021E85A8	ov20_021D16E8	src/applications/easy_chat/main.c	order
ov102_021E85E8	EasyChat_HandleCategoryCursorMovement	src/applications/easy_chat/main.c	order
ov102_021E86B8	EasyChat_HandleGroupModeCursorMovement	src/applications/easy_chat/main.c	order
ov102_021E874C	ov20_021D1884	src/applications/easy_chat/main.c	order
ov102_021E878C	ov20_021D18BC	src/applications/easy_chat/main.c	order
ov102_021E8798	ov20_021D18C8	src/applications/easy_chat/main.c	called
ov102_021E87A8	ov20_021D18D8	src/applications/easy_chat/main.c	order
ov102_021E87AC	ov20_021D18DC	src/applications/easy_chat/main.c	called
ov102_021E87B0	ov20_021D18E0	src/applications/easy_chat/main.c	called
ov102_021E8820	EasyChat_Main_SelectWord	src/applications/easy_chat/main.c	order
ov102_021E8B40	EasyChat_HandleSelectWordInput	src/applications/easy_chat/main.c	order
ov102_021E8C3C	ov20_021D1B48	src/applications/easy_chat/main.c	order
ov102_021E8C64	ov20_021D1B70	src/applications/easy_chat/main.c	order
ov102_021E8CA4	ov20_021D1BB0	src/applications/easy_chat/main.c	order
ov102_021E8D1C	ov20_021D1C18	src/applications/easy_chat/main.c	order
ov102_021E8D50	EasyChat_SetTaskFunc	src/applications/easy_chat/main.c	order
ov102_021E8D58	EasyChat_ClearTaskFunc	src/applications/easy_chat/main.c	called
ov102_021E8D60	ov20_021D1C5C	src/applications/easy_chat/main.c	order
ov102_021E8D94	ov20_021D1C90	src/applications/easy_chat/main.c	between
ov102_021E8E84	ov20_021D1DBC	src/applications/easy_chat/main.c	between
ov102_021E8EF8	ov20_021D1E70	src/applications/easy_chat/main.c	between
ov102_021E8F14	EasyChat_IsEntryComplete	src/applications/easy_chat/main.c	order
ov102_021E8F5C	ov20_021D1ED4	src/applications/easy_chat/main.c	order
ov102_021E8F64	ov20_021D1EDC	src/applications/easy_chat/main.c	order
ov102_021E8F68	ov20_021D1F34	src/applications/easy_chat/main.c	order
ov102_021E8F6C	EasyChat_GetType	src/applications/easy_chat/main.c	order
ov102_021E8F70	EasyChat_GetInstructionBankEntry	src/applications/easy_chat/main.c	order
ov102_021E8F7C	EasyChat_GetMode	src/applications/easy_chat/main.c	order
ov102_021E8F84	ov20_021D1F9C	src/applications/easy_chat/main.c	order
ov102_021E8F90	EasyChat_GetWordAtSlot	src/applications/easy_chat/main.c	order
ov102_021E8FA8	ov20_021D1FC0	src/applications/easy_chat/main.c	order
ov102_021E8FC0	ov20_021D3700	src/applications/easy_chat/ov20_021D2EA4.c	called
ov102_021E8FC8	ov20_021D39EC	src/applications/easy_chat/ov20_021D3864.c	called
ov102_021E8FD0	EasyChatCategories_DrawCursor	src/applications/easy_chat/categories.c	called
ov102_021E8FD8	ov20_021D1FE4	src/applications/easy_chat/main.c	order
ov102_021E8FFC	ov20_021D2008	src/applications/easy_chat/main.c	order
ov102_021E9028	ov20_021D4480	src/applications/easy_chat/ov20_021D40E8.c	called
ov102_021E9044	ov20_021D44BC	src/applications/easy_chat/ov20_021D40E8.c	called
ov102_021E9050	ov20_021D204C	src/applications/easy_chat/main.c	order
ov102_021E9064	ov20_021D2060	src/applications/easy_chat/main.c	order
ov102_021E9084	EasyChat_GetFrame	src/applications/easy_chat/main.c	order
ov102_021E9090	ov20_021D381C	src/applications/easy_chat/ov20_021D2EA4.c	called
ov102_021E909C	ov20_021D2098	src/applications/easy_chat/ov20_021D2098.c	order
ov102_021E9144	ov20_021D2128	src/applications/easy_chat/ov20_021D2098.c	order
ov102_021E93D4	ov20_021D2170	src/applications/easy_chat/ov20_021D2098.c	order
ov102_021E93DC	ov20_021D2178	src/applications/easy_chat/ov20_021D2098.c	order
ov102_021E93E0	ov20_021D217C	src/applications/easy_chat/ov20_021D2098.c	order
ov102_021E940C	ov20_021D21A0	src/applications/easy_chat/ov20_021D2098.c	called
ov102_021E9464	ov20_021D21F8	src/applications/easy_chat/ov20_021D2098.c	order
ov102_021E947C	ov20_021D2210	src/applications/easy_chat/ov20_021D2098.c	between
ov102_021E94A4	ov20_021D2238	src/applications/easy_chat/ov20_021D2098.c	called
ov102_021E94CC	ov20_021D2260	src/applications/easy_chat/ov20_021D2098.c	order
ov102_021E95E0	ov20_021D2370	src/applications/easy_chat/ov20_021D2098.c	order
ov102_021E9694	ov20_021D2414	src/applications/easy_chat/ov20_021D2098.c	order
ov102_021E978C	ov20_021D24EC	src/applications/easy_chat/ov20_021D2098.c	between
ov102_021E983C	ov20_021D2570	src/applications/easy_chat/ov20_021D2098.c	order
ov102_021E988C	ov20_021D25C0	src/applications/easy_chat/ov20_021D2098.c	order
ov102_021E98FC	ov20_021D25EC	src/applications/easy_chat/ov20_021D2098.c	order
ov102_021E9944	ov20_021D2630	src/applications/easy_chat/ov20_021D2098.c	order
ov102_021E9978	ov20_021D2660	src/applications/easy_chat/ov20_021D2098.c	order
ov102_021E9A24	ov20_021D26D8	src/applications/easy_chat/ov20_021D2098.c	order
ov102_021E9A8C	ov20_021D2740	src/applications/easy_chat/ov20_021D2098.c	order
ov102_021E9B30	ov20_021D27E4	src/applications/easy_chat/ov20_021D2098.c	order
ov102_021E9BD0	ov20_021D2848	src/applications/easy_chat/ov20_021D2098.c	order
ov102_021E9C70	ov20_021D28E8	src/applications/easy_chat/ov20_021D2098.c	order
ov102_021E9D44	ov20_021D29BC	src/applications/easy_chat/ov20_021D2098.c	order
ov102_021E9E60	ov20_021D2A9C	src/applications/easy_chat/ov20_021D2098.c	order
ov102_021E9F38	ov20_021D2B74	src/applications/easy_chat/ov20_021D2098.c	order
ov102_021E9FAC	ov20_021D2B94	src/applications/easy_chat/ov20_021D2098.c	order
ov102_021E9FCC	ov20_021D2BB4	src/applications/easy_chat/ov20_021D2098.c	order
ov102_021E9FEC	ov20_021D2BD4	src/applications/easy_chat/ov20_021D2098.c	order
ov102_021EA00C	ov20_021D2BF4	src/applications/easy_chat/ov20_021D2098.c	order
ov102_021EA05C	ov20_021D2C44	src/applications/easy_chat/ov20_021D2098.c	order
ov102_021EA078	ov20_021D2C60	src/applications/easy_chat/ov20_021D2098.c	between
ov102_021EA0D0	ov20_021D2CB0	src/applications/easy_chat/ov20_021D2098.c	between
ov102_021EA128	ov20_021D2D00	src/applications/easy_chat/ov20_021D2098.c	order
ov102_021EA144	ov20_021D2D1C	src/applications/easy_chat/ov20_021D2098.c	order
ov102_021EA164	ov20_021D2D3C	src/applications/easy_chat/ov20_021D2098.c	order
ov102_021EA1B8	ov20_021D2D84	src/applications/easy_chat/ov20_021D2098.c	order
ov102_021EA1D4	ov20_021D2DA0	src/applications/easy_chat/ov20_021D2098.c	order
ov102_021EA1F0	ov20_021D2DBC	src/applications/easy_chat/ov20_021D2098.c	order
ov102_021EA20C	ov20_021D2DD8	src/applications/easy_chat/ov20_021D2098.c	order
ov102_021EA258	ov20_021D2DF4	src/applications/easy_chat/ov20_021D2098.c	order
ov102_021EA268	ov20_021D2E04	src/applications/easy_chat/ov20_021D2098.c	order
ov102_021EA26C	ov20_021D2E08	src/applications/easy_chat/ov20_021D2098.c	order
ov102_021EA270	ov20_021D2E0C	src/applications/easy_chat/ov20_021D2098.c	called
ov102_021EA2B4	ov20_021D2E50	src/applications/easy_chat/ov20_021D2098.c	called
ov102_021EA314	ov20_021D2EA4	src/applications/easy_chat/ov20_021D2EA4.c	calls
ov102_021EA380	ov20_021D2EF0	src/applications/easy_chat/ov20_021D2EA4.c	order
ov102_021EA41C	ov20_021D2F50	src/applications/easy_chat/ov20_021D2EA4.c	order
ov102_021EA80C	ov20_021D30A4	src/applications/easy_chat/ov20_021D2EA4.c	order
ov102_021EA874	ov20_021D30F8	src/applications/easy_chat/ov20_021D2EA4.c	order
ov102_021EA8C0	ov20_021D312C	src/applications/easy_chat/ov20_021D2EA4.c	order
ov102_021EA920	ov20_021D3184	src/applications/easy_chat/ov20_021D2EA4.c	order
ov102_021EAA3C	ov20_021D3228	src/applications/easy_chat/ov20_021D2EA4.c	called
ov102_021EAB30	ov20_021D32D0	src/applications/easy_chat/ov20_021D2EA4.c	order
ov102_021EAC44	ov20_021D33C8	src/applications/easy_chat/ov20_021D2EA4.c	order
ov102_021EAC70	ov20_021D33F4	src/applications/easy_chat/ov20_021D2EA4.c	order
ov102_021EAC7C	ov20_021D3400	src/applications/easy_chat/ov20_021D2EA4.c	order
ov102_021EAD48	ov20_021D34CC	src/applications/easy_chat/ov20_021D2EA4.c	called
ov102_021EAD5C	ov20_021D34E0	src/applications/easy_chat/ov20_021D2EA4.c	order
ov102_021EAD70	ov20_021D34F4	src/applications/easy_chat/ov20_021D2EA4.c	order
ov102_021EAD98	ov20_021D351C	src/applications/easy_chat/ov20_021D2EA4.c	order
ov102_021EAE40	ov20_021D3578	src/applications/easy_chat/ov20_021D2EA4.c	called
ov102_021EAF44	ov20_021D3684	src/applications/easy_chat/ov20_021D2EA4.c	order
ov102_021EAF50	ov20_021D3690	src/applications/easy_chat/ov20_021D2EA4.c	called
ov102_021EAF5C	ov20_021D369C	src/applications/easy_chat/ov20_021D2EA4.c	called
ov102_021EAF7C	ov20_021D36B0	src/applications/easy_chat/ov20_021D2EA4.c	called
ov102_021EAFAC	ov20_021D36D0	src/applications/easy_chat/ov20_021D2EA4.c	calls
ov102_021EAFF0	EasyChat_GetCurrentWordSlot	src/applications/easy_chat/main.c	called
ov102_021EB088	ov20_021D375C	src/applications/easy_chat/ov20_021D2EA4.c	called
ov102_021EB130	ov20_021D3574	src/applications/easy_chat/ov20_021D2EA4.c	called
ov102_021EB170	ov20_021D208C	src/applications/easy_chat/main.c	called
ov102_021EB1A4	ov20_021D3864	src/applications/easy_chat/ov20_021D3864.c	order
ov102_021EB2EC	ov20_021D384C	src/applications/easy_chat/ov20_021D2EA4.c	called
ov102_021EB4D0	ov20_021D3980	src/applications/easy_chat/ov20_021D3864.c	order
ov102_021EB518	ov20_021D39E0	src/applications/easy_chat/ov20_021D3864.c	called
ov102_021EB524	ov20_021D39D4	src/applications/easy_chat/ov20_021D3864.c	called
ov102_021EB530	ov20_021D1FD4	src/applications/easy_chat/main.c	called
ov102_021EB624	ov20_021D4BA4	src/applications/easy_chat/ov20_021D4728.c	called
ov102_021EB654	ov20_021D4C2C	src/applications/easy_chat/ov20_021D4728.c	called
ov102_021EB67C	ov20_021D3A40	src/applications/easy_chat/ov20_021D3864.c	called
ov102_021EB694	EasyChatCategoriesContext_New	src/applications/easy_chat/categories.c	order
ov102_021EB6C8	EasyChatCategoriesContext_Free	src/applications/easy_chat/categories.c	order
ov102_021EB6E0	EasyChatCategories_DrawInterface	src/applications/easy_chat/categories.c	order
ov102_021EB77C	EasyChatCategories_PrintGroups	src/applications/easy_chat/categories.c	order
ov102_021EB880	EasyChatCategories_PrintABCModeSelection	src/applications/easy_chat/categories.c	order
ov102_021EB94C	EasyChatCategories_PrintCancelText	src/applications/easy_chat/categories.c	between
ov102_021EB950	ov20_021D3E0C	src/applications/easy_chat/categories.c	order
ov102_021EB98C	ov20_021D3E48	src/applications/easy_chat/categories.c	calls
ov102_021EB9C0	EasyChat_GetCategoryCursorPos	src/applications/easy_chat/main.c	called
ov102_021EBA44	ov20_021D3EF8	src/applications/easy_chat/categories.c	between
ov102_021EBA5C	ov20_021D3F10	src/applications/easy_chat/categories.c	between
ov102_021EBAAC	ov20_021D3F60	src/applications/easy_chat/categories.c	between
ov102_021EBAD0	ov20_021D3F84	src/applications/easy_chat/categories.c	between
ov102_021EBB1C	ov20_021D3FD0	src/applications/easy_chat/categories.c	called
ov102_021EBB2C	ov20_021D3FE0	src/applications/easy_chat/categories.c	called
ov102_021EBB44	ov20_021D3FF8	src/applications/easy_chat/categories.c	called
ov102_021EBB50	ov20_021D4004	src/applications/easy_chat/categories.c	called
ov102_021EBB6C	ov20_021D4020	src/applications/easy_chat/categories.c	called
ov102_021EBB88	ov20_021D403C	src/applications/easy_chat/categories.c	called
ov102_021EBBC4	ov20_021D4078	src/applications/easy_chat/categories.c	called
ov102_021EBBD0	ov20_021D4084	src/applications/easy_chat/categories.c	called
ov102_021EBBF4	ov20_021D40A8	src/applications/easy_chat/categories.c	called
ov102_021EBC28	ov20_021D40DC	src/applications/easy_chat/categories.c	called
ov102_021EBC34	ov20_021D40E8	src/applications/easy_chat/ov20_021D40E8.c	calls
ov102_021EBCBC	ov20_021D4164	src/applications/easy_chat/ov20_021D40E8.c	between
ov102_021EBD00	ov20_021D41A8	src/applications/easy_chat/ov20_021D40E8.c	between
ov102_021EBD68	ov20_021D4210	src/applications/easy_chat/ov20_021D40E8.c	calls
ov102_021EBDEC	ov20_021D4294	src/applications/easy_chat/ov20_021D40E8.c	called
ov102_021EBE3C	ov20_021D42E4	src/applications/easy_chat/ov20_021D40E8.c	called
ov102_021EBE80	ov20_021D4390	src/applications/easy_chat/ov20_021D40E8.c	called
ov102_021EBEA4	ov20_021D43B4	src/applications/easy_chat/ov20_021D40E8.c	called
ov102_021EBEC8	ov20_021D43D8	src/applications/easy_chat/ov20_021D40E8.c	called
ov102_021EBEF4	ov20_021D4440	src/applications/easy_chat/ov20_021D40E8.c	called
ov102_021EBF38	ov20_021D2034	src/applications/easy_chat/main.c	called
ov102_021EBFA0	ov20_021D2040	src/applications/easy_chat/main.c	called
ov102_021EC05C	ov20_021D4578	src/applications/easy_chat/ov20_021D40E8.c	called
ov102_021EC090	ov20_021D45AC	src/applications/easy_chat/ov20_021D40E8.c	calls
ov102_021EC11C	ov20_021D4638	src/applications/easy_chat/ov20_021D40E8.c	between
ov102_021EC13C	ov20_021D4658	src/applications/easy_chat/ov20_021D40E8.c	calls
ov102_021EC20C	ov20_021D4728	src/applications/easy_chat/ov20_021D4728.c	calls
ov102_021EC240	ov20_021D4B2C	src/applications/easy_chat/ov20_021D4728.c	order
ov102_021EC290	ov20_021D4DBC	src/applications/easy_chat/ov20_021D4728.c	called
ov102_021EC294	ov20_021D4DF4	src/applications/easy_chat/ov20_021D4728.c	called
ov102_021EC298	ov20_021D4E38	src/applications/easy_chat/ov20_021D4E38.c	called
ov102_021EC2EC	ov20_021D4E8C	src/applications/easy_chat/ov20_021D4E38.c	called
ov102_021EC338	ov20_021D4ED8	src/applications/easy_chat/ov20_021D4E38.c	between
ov102_021EC37C	ov20_021D4F1C	src/applications/easy_chat/ov20_021D4E38.c	between
ov102_021EC3AC	ov20_021D4F4C	src/applications/easy_chat/ov20_021D4E38.c	between
ov102_021EC3D4	ov20_021D4F74	src/applications/easy_chat/ov20_021D4E38.c	between
ov102_021EC410	ov20_021D4FB0	src/applications/easy_chat/ov20_021D4E38.c	called
ov102_021EC450	ov20_021D4FF0	src/applications/easy_chat/ov20_021D4E38.c	called
ov103_021ED2B8	CanReceivePokemon	src/scrcmd_mystery_gift.c	calls
ov103_021ED568	ov66_02230CB8	src/overlay066/ov66_02230C44.c	calls
ov106_021E5E0C	ov100_021D4EBC	src/overlay100/ov100_021D4E04.c	calls
ov106_021E5E5C	ov100_021D4F0C	src/overlay100/ov100_021D4E04.c	between
ov106_021E5EE4	ov100_021D4F9C	src/overlay100/ov100_021D4E04.c	between
ov106_021E5F24	ov100_021D4FDC	src/overlay100/ov100_021D4E04.c	calls
ov106_021E5F84	ov100_021D503C	src/overlay100/ov100_021D4E04.c	called
ov106_021E69F0	ov83_0223D6EC	src/overlay083/ov83_0223D6A8.c	calls
ov108_021E7B74	PokedexGraphics_LoadGraphicNarcCharacterData	src/applications/pokedex/pokedex_graphics.c	calls
ov108_021E84DC	SealCase_Init	src/ball_seal_info.c	calls
ov109_021E5DB8	Underground_MoveSphereInInventory	src/underground.c	calls
ov109_021E61DC	ov65_022305EC	src/overlay065/ov65_0222DCE0.c	calls
ov10_0221BF44	TrainerAI_MainSingles	src/battle/trainer_ai/trainer_ai.c	called
ov10_0221C038	TrainerAI_MainDoubles	src/battle/trainer_ai/trainer_ai.c	called
ov10_0221C278	TrainerAI_EvalMoves	src/battle/trainer_ai/trainer_ai.c	between
ov10_0221C384	AICmd_IfRandomLessThan	src/battle/trainer_ai/trainer_ai.c	between
ov10_0221C3C4	AICmd_IfRandomGreaterThan	src/battle/trainer_ai/trainer_ai.c	between
ov10_0221C404	AICmd_IfRandomEqualTo	src/battle/trainer_ai/trainer_ai.c	between
ov10_0221C444	AICmd_IfRandomNotEqualTo	src/battle/trainer_ai/trainer_ai.c	between
ov10_0221C484	AICmd_AddToMoveScore	src/battle/trainer_ai/trainer_ai.c	between
ov10_0221C4B8	AICmd_IfHPPercentLessThan	src/battle/trainer_ai/trainer_ai.c	between
ov10_0221C510	AICmd_IfHPPercentGreaterThan	src/battle/trainer_ai/trainer_ai.c	between
ov10_0221C568	AICmd_IfHPPercentEqualTo	src/battle/trainer_ai/trainer_ai.c	between
ov10_0221C5C0	AICmd_IfHPPercentNotEqualTo	src/battle/trainer_ai/trainer_ai.c	between
ov10_0221C618	AICmd_IfStatus	src/battle/trainer_ai/trainer_ai.c	between
ov10_0221C664	AICmd_IfNotStatus	src/battle/trainer_ai/trainer_ai.c	between
ov10_0221C6B0	AICmd_IfVolatileStatus	src/battle/trainer_ai/trainer_ai.c	between
ov10_0221C6FC	AICmd_IfNotVolatileStatus	src/battle/trainer_ai/trainer_ai.c	between
ov10_0221C748	AICmd_IfMoveEffect	src/battle/trainer_ai/trainer_ai.c	between
ov10_0221C790	AICmd_IfNotMoveEffect	src/battle/trainer_ai/trainer_ai.c	between
ov10_0221C7D8	AICmd_IfSideCondition	src/battle/trainer_ai/trainer_ai.c	between
ov10_0221C828	AICmd_IfNotSideCondition	src/battle/trainer_ai/trainer_ai.c	between
ov10_0221C878	AICmd_IfLoadedLessThan	src/battle/trainer_ai/trainer_ai.c	between
ov10_0221C8A8	AICmd_IfLoadedGreaterThan	src/battle/trainer_ai/trainer_ai.c	between
ov10_0221C8D8	AICmd_IfLoadedEqualTo	src/battle/trainer_ai/trainer_ai.c	between
ov10_0221C908	AICmd_IfLoadedNotEqualTo	src/battle/trainer_ai/trainer_ai.c	between
ov10_0221C938	AICmd_IfLoadedMask	src/battle/trainer_ai/trainer_ai.c	between
ov10_0221C968	AICmd_IfLoadedNotMask	src/battle/trainer_ai/trainer_ai.c	between
ov10_0221C998	AICmd_IfMoveEqualTo	src/battle/trainer_ai/trainer_ai.c	between
ov10_0221C9C8	AICmd_IfMoveNotEqualTo	src/battle/trainer_ai/trainer_ai.c	between
ov10_0221C9F8	AICmd_IfLoadedInTable	src/battle/trainer_ai/trainer_ai.c	between
ov10_0221CA4C	AICmd_IfLoadedNotInTable	src/battle/trainer_ai/trainer_ai.c	between
ov10_0221CA9C	AICmd_IfAttackerHasDamagingMoves	src/battle/trainer_ai/trainer_ai.c	between
ov10_0221CB00	AICmd_IfAttackerHasNoDamagingMoves	src/battle/trainer_ai/trainer_ai.c	between
ov10_0221CB64	AICmd_LoadTurnCount	src/battle/trainer_ai/trainer_ai.c	between
ov10_0221CB80	AICmd_LoadTypeFrom	src/battle/trainer_ai/trainer_ai.c	between
ov10_0221CCB4	AICmd_FlagBattlerIsType	src/battle/trainer_ai/trainer_ai.c	between
ov10_0221CD10	AICmd_LoadMovePower	src/battle/trainer_ai/trainer_ai.c	between
ov10_0221CD34	AICmd_FlagMoveDamageScore	src/battle/trainer_ai/trainer_ai.c	between
ov10_0221CE70	AICmd_LoadBattlerPreviousMove	src/battle/trainer_ai/trainer_ai.c	between
ov10_0221CEA4	AICmd_IfTempEqualTo	src/battle/trainer_ai/trainer_ai.c	between
ov10_0221CED4	AICmd_IfTempNotEqualTo	src/battle/trainer_ai/trainer_ai.c	between
ov10_0221CF04	AICmd_IfSpeedCompareEqualTo	src/battle/trainer_ai/trainer_ai.c	between
ov10_0221CF48	AICmd_IfSpeedCompareNotEqualTo	src/battle/trainer_ai/trainer_ai.c	between
ov10_0221CF8C	AICmd_CountAlivePartyBattlers	src/battle/trainer_ai/trainer_ai.c	calls
ov10_0221D068	AICmd_LoadCurrentMove	src/battle/trainer_ai/trainer_ai.c	between
ov10_0221D084	AICmd_LoadCurrentMoveEffect	src/battle/trainer_ai/trainer_ai.c	between
ov10_0221D0A8	AICmd_LoadBattlerAbility	src/battle/trainer_ai/trainer_ai.c	calls
ov10_0221D188	AICmd_CheckBattlerAbility	src/battle/trainer_ai/trainer_ai.c	calls
ov10_0221D260	AICmd_CalcMaxEffectiveness	src/battle/trainer_ai/trainer_ai.c	calls
ov10_0221D314	AICmd_IfMoveEffectivenessEquals	src/battle/trainer_ai/trainer_ai.c	calls
ov10_0221D3AC	AICmd_IfPartyMemberStatus	src/battle/trainer_ai/trainer_ai.c	between
ov10_0221D4A0	AICmd_IfPartyMemberNotStatus	src/battle/trainer_ai/trainer_ai.c	between
ov10_0221D594	AICmd_LoadCurrentWeather	src/battle/trainer_ai/trainer_ai.c	between
ov10_0221D60C	AICmd_IfCurrentMoveEffectEqualTo	src/battle/trainer_ai/trainer_ai.c	between
ov10_0221D644	AICmd_IfCurrentMoveEffectNotEqualTo	src/battle/trainer_ai/trainer_ai.c	between
ov10_0221D67C	AICmd_IfStatStageLessThan	src/battle/trainer_ai/trainer_ai.c	between
ov10_0221D6D0	AICmd_IfStatStageGreaterThan	src/battle/trainer_ai/trainer_ai.c	between
ov10_0221D724	AICmd_IfStatStageEqualTo	src/battle/trainer_ai/trainer_ai.c	between
ov10_0221D778	AICmd_IfStatStageNotEqualTo	src/battle/trainer_ai/trainer_ai.c	between
ov10_0221D7CC	AICmd_IfCurrentMoveKills	src/battle/trainer_ai/trainer_ai.c	between
ov10_0221D8F8	AICmd_IfCurrentMoveDoesNotKill	src/battle/trainer_ai/trainer_ai.c	between
ov10_0221DA24	AICmd_IfMoveKnown	src/battle/trainer_ai/trainer_ai.c	between
ov10_0221DAE4	AICmd_IfMoveNotKnown	src/battle/trainer_ai/trainer_ai.c	between
ov10_0221DBA4	AICmd_IfMoveEffectKnown	src/battle/trainer_ai/trainer_ai.c	between
ov10_0221DC48	AICmd_IfMoveEffectNotKnown	src/battle/trainer_ai/trainer_ai.c	between
ov10_0221DCEC	AICmd_IfBattlerUnderEffect	src/battle/trainer_ai/trainer_ai.c	between
ov10_0221DD5C	AICmd_IfCurrentMoveMatchesEffect	src/battle/trainer_ai/trainer_ai.c	between
ov10_0221DDCC	AICmd_Escape	src/battle/trainer_ai/trainer_ai.c	between
ov10_0221DDE8	AICmd_Dummy3E	src/battle/trainer_ai/trainer_ai.c	between
ov10_0221DDEC	AICmd_Dummy3F	src/battle/trainer_ai/trainer_ai.c	between
ov10_0221DDF0	AICmd_LoadHeldItem	src/battle/trainer_ai/trainer_ai.c	between
ov10_0221DE24	AICmd_LoadHeldItemEffect	src/battle/trainer_ai/trainer_ai.c	calls
ov10_0221DE88	AICmd_IfHeldItemEqualTo	src/battle/trainer_ai/trainer_ai.c	between
ov10_0221DEF0	AICmd_IfFieldConditionsMask	src/battle/trainer_ai/trainer_ai.c	between
ov10_0221DF20	AICmd_LoadSpikesLayers	src/battle/trainer_ai/trainer_ai.c	calls
ov10_0221DF88	AICmd_IfAnyPartyMemberIsWounded	src/battle/trainer_ai/trainer_ai.c	between
ov10_0221E018	AICmd_IfAnyPartyMemberUsedPP	src/battle/trainer_ai/trainer_ai.c	between
ov10_0221E0BC	AICmd_LoadFlingPower	src/battle/trainer_ai/trainer_ai.c	calls
ov10_0221E0EC	AICmd_LoadCurrentMovePP	src/battle/trainer_ai/trainer_ai.c	between
ov10_0221E11C	AICmd_IfCanUseLastResort	src/battle/trainer_ai/trainer_ai.c	calls
ov10_0221E178	AICmd_LoadCurrentMoveClass	src/battle/trainer_ai/trainer_ai.c	between
ov10_0221E19C	AICmd_LoadDefenderLastUsedMoveClass	src/battle/trainer_ai/trainer_ai.c	between
ov10_0221E1CC	AICmd_LoadBattlerSpeedRank	src/battle/trainer_ai/trainer_ai.c	calls
ov10_0221E290	AICmd_LoadBattlerTurnCount	src/battle/trainer_ai/trainer_ai.c	between
ov10_0221E2CC	AICmd_IfPartyMemberDealsMoreDamage	src/battle/trainer_ai/trainer_ai.c	calls
ov10_0221E460	AICmd_IfHasSuperEffectiveMove	src/battle/trainer_ai/trainer_ai.c	between
ov10_0221E498	AICmd_IfBattlerDealsMoreDamage	src/battle/trainer_ai/trainer_ai.c	calls
ov10_0221E5B0	AICmd_SumPositiveStatStages	src/battle/trainer_ai/trainer_ai.c	between
ov10_0221E600	AICmd_DiffStatStages	src/battle/trainer_ai/trainer_ai.c	calls
ov10_0221E650	AICmd_IfBattlerHasHigherStat	src/battle/trainer_ai/trainer_ai.c	between
ov10_0221E6A4	AICmd_IfBattlerHasLowerStat	src/battle/trainer_ai/trainer_ai.c	between
ov10_0221E6F8	AICmd_IfBattlerHasEqualStat	src/battle/trainer_ai/trainer_ai.c	between
ov10_0221E74C	TrainerAI_GetStats	src/battle/trainer_ai/trainer_ai.c	called
ov10_0221E848	AICmd_CheckIfHighestDamageWithPartner	src/battle/trainer_ai/trainer_ai.c	between
ov10_0221E9A4	AICmd_IfBattlerFainted	src/battle/trainer_ai/trainer_ai.c	between
ov10_0221E9F4	AICmd_IfBattlerNotFainted	src/battle/trainer_ai/trainer_ai.c	between
ov10_0221EA44	AICmd_LoadGender	src/battle/trainer_ai/trainer_ai.c	between
ov10_0221EA7C	AICmd_LoadIsFirstTurnInBattle	src/battle/trainer_ai/trainer_ai.c	between
ov10_0221EAC8	AICmd_LoadStockpileCount	src/battle/trainer_ai/trainer_ai.c	between
ov10_0221EB00	AICmd_LoadBattleType	src/battle/trainer_ai/trainer_ai.c	between
ov10_0221EB18	AICmd_LoadRecycleItem	src/battle/trainer_ai/trainer_ai.c	between
ov10_0221EB4C	AICmd_LoadTypeOfLoadedMove	src/battle/trainer_ai/trainer_ai.c	between
ov10_0221EB6C	AICmd_LoadPowerOfLoadedMove	src/battle/trainer_ai/trainer_ai.c	between
ov10_0221EB8C	AICmd_LoadEffectOfLoadedMove	src/battle/trainer_ai/trainer_ai.c	between
ov10_0221EBAC	AICmd_LoadProtectChain	src/battle/trainer_ai/trainer_ai.c	between
ov10_0221EC08	AICmd_PushAndGoTo	src/battle/trainer_ai/trainer_ai.c	calls
ov10_0221EC28	AICmd_GoTo	src/battle/trainer_ai/trainer_ai.c	between
ov10_0221EC44	AICmd_PopOrEnd	src/battle/trainer_ai/trainer_ai.c	between
ov10_0221EC6C	AICmd_IfLevel	src/battle/trainer_ai/trainer_ai.c	between
ov10_0221ED10	AICmd_IfTargetIsTaunted	src/battle/trainer_ai/trainer_ai.c	between
ov10_0221ED48	AICmd_IfTargetIsNotTaunted	src/battle/trainer_ai/trainer_ai.c	between
ov10_0221ED80	AICmd_IfTargetIsPartner	src/battle/trainer_ai/trainer_ai.c	between
ov10_0221EDB4	AICmd_IfActivatedFlashFire	src/battle/trainer_ai/trainer_ai.c	between
ov10_0221EDF8	AICmd_LoadAbility	src/battle/trainer_ai/trainer_ai.c	calls
ov10_0221EE28	AIScript_PushCursor	src/battle/trainer_ai/trainer_ai.c	called
ov10_0221EE60	AIScript_PopCursor	src/battle/trainer_ai/trainer_ai.c	called
ov10_0221EE88	TrainerAI_RecordLastMove	src/battle/trainer_ai/trainer_ai.c	between
ov10_0221EEF0	AIScript_Read	src/battle/trainer_ai/trainer_ai.c	called
ov10_0221EF10	AIScript_ReadOffset	src/battle/trainer_ai/trainer_ai.c	between
ov10_0221EF24	AIScript_Iter	src/battle/trainer_ai/trainer_ai.c	called
ov10_0221EF34	AIScript_Battler	src/battle/trainer_ai/trainer_ai.c	called
ov10_0221EF7C	TrainerAI_CalcAllDamage	src/battle/trainer_ai/trainer_ai.c	between
ov10_0221F084	TrainerAI_CalcDamage	src/battle/trainer_ai/trainer_ai.c	between
ov10_0221F47C	TrainerAI_MoveType	src/battle/trainer_ai/trainer_ai.c	called
ov10_0221F5F4	AI_PerishSongKO	src/battle/trainer_ai/trainer_ai.c	between
ov10_0221F62C	AI_CannotDamageWonderGuard	src/battle/trainer_ai/trainer_ai.c	between
ov10_0221F7F0	AI_OnlyIneffectiveMoves	src/battle/trainer_ai/trainer_ai.c	calls
ov10_0221FD34	AI_HasSuperEffectiveMove	src/battle/trainer_ai/trainer_ai.c	calls
ov10_0221FE8C	AI_HasAbsorbAbilityInParty	src/battle/trainer_ai/trainer_ai.c	calls
ov10_02220010	AI_HasPartyMemberWithSuperEffectiveMove	src/battle/trainer_ai/trainer_ai.c	calls
ov10_02220270	AI_IsAsleepWithNaturalCure	src/battle/trainer_ai/trainer_ai.c	calls
ov10_0222036C	AI_IsHeavilyStatBoosted	src/battle/trainer_ai/trainer_ai.c	between
ov10_022203A4	TrainerAI_ShouldSwitch	src/battle/trainer_ai/trainer_ai.c	calls
ov10_022205BC	TrainerAI_PickCommand	src/battle/trainer_ai/trainer_ai.c	called
ov10_022206B0	TrainerAI_ShouldUseItem	src/battle/trainer_ai/trainer_ai.c	calls
ov112_021E79A8	MoveReminder_VBlankCallback	src/applications/move_reminder.c	calls
ov112_021E95A0	PlayResultSpeciesCry	src/applications/poketch/calculator/main.c	calls
ov112_021ED314	PlaySoundIfNotActive	src/overlay009/ov9_02249960.c	calls
ov112_021EDAF4	CapsuleManager_SetUIAnimationFromTouch	src/applications/capsule_menu/manager.c	calls
ov112_021EE4D0	DistWorldMovingPlatformProp_AnimTick	src/overlay009/ov9_02249960.c	calls
ov112_021EF03C	ov101_021D0E40	src/overlay101/ov101_021D0D80.c	calls
ov112_021F1FD0	EndCreditsScenes_UnloadExtraAnimNight	src/cutscenes/end_credits/scenes.c	calls
ov112_021F3630	FieldSystem_ClearFlag	src/script_manager.c	calls
ov113_021E62B0	VBlankCallback	src/applications/poffin_case/manager.c	calls
ov113_021E6988	ov83_0223CCF8	src/overlay083/ov83_0223C958.c	calls
ov114_0225F020	EncounterEffect_Frontier	src/overlay005/encounter_effect_core.c	calls
ov114_0225F280	EncounterEffect_Double	src/overlay005/encounter_effect_core.c	calls
ov115_0225F020	ov5_021E5128	src/overlay005/encounter_effect_core.c	called
ov115_0225F09C	ov5_021E519C	src/overlay005/encounter_effect_core.c	between
ov115_0225F0B4	ov5_021E51B4	src/overlay005/encounter_effect_core.c	calls
ov115_0225F158	EncounterEffect_GetGymLeaderName	src/overlay005/encounter_effect_core.c	calls
ov115_0225F220	EncounterEffect_GymLeader	src/overlay005/encounter_effect_core.c	calls
ov115_0225F704	EncounterEffect_LeaderRoark	src/overlay005/encounter_effect_core.c	order
ov115_0225F728	EncounterEffect_LeaderGardenia	src/overlay005/encounter_effect_core.c	order
ov115_0225F74C	EncounterEffect_LeaderWake	src/overlay005/encounter_effect_core.c	order
ov115_0225F770	EncounterEffect_LeaderMaylene	src/overlay005/encounter_effect_core.c	order
ov115_0225F794	EncounterEffect_LeaderFantina	src/overlay005/encounter_effect_core.c	order
ov115_0225F7B8	EncounterEffect_LeaderCandice	src/overlay005/encounter_effect_core.c	order
ov115_0225F7DC	EncounterEffect_LeaderByron	src/overlay005/encounter_effect_core.c	order
ov115_0225F800	EncounterEffect_LeaderVolkner	src/overlay005/encounter_effect_core.c	order
ov115_0225F968	PoketchSystem_GetBorderColor	src/applications/poketch/poketch_system.c	calls
ov115_0225F978	EncounterEffect_EliteFourChampion	src/overlay005/encounter_effect_core.c	calls
ov115_02260254	EncounterEffect_BlendTrainerSpritePltt	src/overlay005/encounter_effect.c	called
ov115_022602C0	EncounterEffect_EliteFourAaron	src/overlay005/encounter_effect_core.c	calls
ov116_0225F020	EncounterEffect_SetLegendaryEncounterCamera	src/overlay005/encounter_effect_core.c	calls
ov116_0225F054	EncounterEffect_Mythical	src/overlay005/encounter_effect_core.c	calls
ov116_0225F1BC	EncounterEffect_Legendary	src/overlay005/encounter_effect_core.c	calls
ov119_0225F37C	EncounterEffect_Trainer_Grass_HigherLevel	src/overlay005/encounter_effect_core.c	calls
ov12_02237D00	BattleSystem_SetupBattleScreen	src/battle/battle_main.c	between
ov12_02237ED0	BattleSystem_LoadFightOverlay	src/battle/battle_main.c	between
ov12_02237F18	BattleMain_InitGraphics	src/battle/battle_main.c	calls
ov12_02238358	BattleMain_ExecuteBattlerCommands	src/battle/battle_main.c	between
ov12_0223843C	BattleMain_CopyBattleSysToDTOAndFree	src/battle/battle_main.c	calls
ov12_022387AC	BattleMain_InitBattleGraphics	src/battle/battle_main.c	called
ov12_022389B8	BattleMain_InitTerrains	src/battle/battle_main.c	called
ov12_02238A30	BattleMain_FreeBgLayers	src/battle/battle_main.c	called
ov12_02238A64	Dummy_0223C2BC	src/battle/battle_main.c	called
ov12_02238A68	BattleSys_New	src/battle/battle_main.c	between
ov12_022395BC	TrainerIsGymLeaderE4OrChampion	src/battle/battle_main.c	between
ov12_02239644	InitG3DPipelineBuffers	src/battle/battle_main.c	called
ov12_02239664	G3DPipeline_SetupCallback	src/battle/battle_main.c	between
ov12_022396E8	FreeG3DPipelineBuffers	src/battle/battle_main.c	between
ov12_022396F0	BattleMain_InitParticleSystem	src/battle/battle_main.c	called
ov12_02239730	BattleMain_VBlankCallback	src/battle/battle_main.c	between
ov12_022397E4	BattleMain_LinkCommVBlankCallback	src/battle/battle_main.c	calls
ov12_02239810	SysTask_DrawSprites	src/battle/battle_main.c	calls
ov12_02239854	SysTask_UpdateRedHPSound	src/battle/battle_main.c	between
ov12_0223998C	SysTask_FlyInMessageBox	src/battle/battle_main.c	calls
ov12_022399D4	BattleMain_InitLinkCommScreen	src/battle/battle_main.c	order
ov12_02239C28	BattleMain_HandleLinkCommHandshake	src/battle/battle_main.c	calls
ov12_0223A088	BattleMain_FreeeLinkCommScreen	src/battle/battle_main.c	calls
ov12_0223A0D4	BattleMain_InitPartnerIntro	src/battle/battle_main.c	calls
ov12_0223A218	BattleMain_WaitPartnerIntro	src/battle/battle_main.c	between
ov12_0223A260	BattleMain_InitTrainerIntro	src/battle/battle_main.c	calls
ov12_0223A3A8	BattleMain_WaitTrainerIntro	src/battle/battle_main.c	between
ov12_0223A3F0	BattleMain_HandleLinkBattleResult	src/battle/battle_main.c	calls
ov12_0223A5E4	BattleMain_WaitLinkBattleEnd	src/battle/battle_main.c	calls
ov12_0223A620	BattleSys_SetRenderControlFlags	src/battle/battle_main.c	called
ov12_0223A664	BattleMain_AssignRecordingRoles	src/battle/battle_main.c	calls
ov12_0223A7A0	BattleMain_SetNetworkIconStrength	src/battle/battle_main.c	calls
ov12_02258800	BattleAI_PostKOSwitchIn	src/battle/battle_lib.c	calls
ov12_02258BA0	BattleAI_SwitchedSlot	src/battle/battle_lib.c	between
ov12_02258BB4	Move_CalcVariableType	src/battle/battle_lib.c	between
ov12_02258D74	BattlerData_New	src/battle/battle_io_command.c	between
ov12_02258DB0	BattlerData_InitSendOutBallThrow	src/battle/battle_io_command.c	calls
ov12_02258E54	BattleSystem_ExecuteBattlerCommand	src/battle/battle_io_command.c	called
ov12_02258E7C	BattlerData_Delete	src/battle/battle_io_command.c	calls
ov12_02258EB0	BtlIOCmd_None	src/battle/battle_io_command.c	between
ov12_02258EB4	BtlIOCmd_SetupUI	src/battle/battle_io_command.c	between
ov12_02258EE0	BtlIOCmd_SetEncounter	src/battle/battle_io_command.c	between
ov12_02258EF4	BtlIOCmd_ShowEncounter	src/battle/battle_io_command.c	between
ov12_02258F08	BtlIOCmd_ShowPokemon	src/battle/battle_io_command.c	between
ov12_02258F1C	BtlIOCmd_ReturnPokemon	src/battle/battle_io_command.c	between
ov12_02258F30	BtlIOCmd_OpenCaptureBall	src/battle/battle_io_command.c	between
ov12_02258F44	BtlIOCmd_DeletePokemon	src/battle/battle_io_command.c	between
ov12_02258F68	BtlIOCmd_SetTrainerEncounter	src/battle/battle_io_command.c	between
ov12_02258F7C	BtlIOCmd_ThrowTrainerBall	src/battle/battle_io_command.c	between
ov12_02258F90	BtlIOCmd_SlideTrainerOut	src/battle/battle_io_command.c	between
ov12_02258FA0	BtlIOCmd_SlideTrainerIn	src/battle/battle_io_command.c	between
ov12_02258FB4	BtlIOCmd_SlideHealthBoxIn	src/battle/battle_io_command.c	between
ov12_02258FC8	BtlIOCmd_SlideHealthBoxOut	src/battle/battle_io_command.c	between
ov12_02258FD8	BtlIOCmd_SetCommandSelection	src/battle/battle_io_command.c	between
ov12_02259000	BtlIOCmd_ShowMoveSelectMenu	src/battle/battle_io_command.c	between
ov12_02259014	BtlIOCmd_ShowTargetSelectMenu	src/battle/battle_io_command.c	between
ov12_02259028	BtlIOCmd_ShowBagMenu	src/battle/battle_io_command.c	between
ov12_0225903C	BtlIOCmd_ShowPartyMenu	src/battle/battle_io_command.c	between
ov12_02259050	BtlIOCmd_ShowYesNoMenu	src/battle/battle_io_command.c	between
ov12_02259064	BtlIOCmd_PrintAttackMessage	src/battle/battle_io_command.c	between
ov12_02259078	BtlIOCmd_PrintBattleMessage	src/battle/battle_io_command.c	between
ov12_0225908C	BtlIOCmd_SetMoveAnimation	src/battle/battle_io_command.c	between
ov12_022590A0	BtlIOCmd_FlickerBattler	src/battle/battle_io_command.c	between
ov12_022590D4	BtlIOCmd_UpdateHPGauge	src/battle/battle_io_command.c	between
ov12_022590E8	BtlIOCmd_UpdateExpGauge	src/battle/battle_io_command.c	between
ov12_022590FC	BtlIOCmd_PlayFaintingSequence	src/battle/battle_io_command.c	between
ov12_02259110	BtlIOCmd_PlaySound	src/battle/battle_io_command.c	between
ov12_02259124	BtlIOCmd_FadeOut	src/battle/battle_io_command.c	between
ov12_02259134	BtlIOCmd_ToggleVanish	src/battle/battle_io_command.c	between
ov12_02259148	BtlIOCmd_SetStatusIcon	src/battle/battle_io_command.c	between
ov12_0225915C	BtlIOCmd_PrintTrainerMessage	src/battle/battle_io_command.c	between
ov12_02259170	BtlIOCmd_PrintRecallMessage	src/battle/battle_io_command.c	between
ov12_02259184	BtlIOCmd_PrintSendOutMessage	src/battle/battle_io_command.c	between
ov12_02259198	BtlIOCmd_PrintBattleStartMessage	src/battle/battle_io_command.c	between
ov12_022591A8	BtlIOCmd_PrintLeadMonMessage	src/battle/battle_io_command.c	between
ov12_022591BC	BtlIOCmd_PlayLevelUpAnimation	src/battle/battle_io_command.c	between
ov12_022591CC	BtlIOCmd_SetAlertMessage	src/battle/battle_io_command.c	between
ov12_022591E0	BtlIOCmd_RefreshHPGauge	src/battle/battle_io_command.c	between
ov12_022591F4	BtlIOCmd_UpdatePartyMon	src/battle/battle_io_command.c	between
ov12_022592D0	BtlIOCmd_SlideInPanel	src/battle/battle_io_command.c	between
ov12_02259328	BtlIOCmd_StopGaugeAnimation	src/battle/battle_io_command.c	between
ov12_02259358	BtlIOCmd_RefreshPartyStatus	src/battle/battle_io_command.c	between
ov12_022593D4	BtlIOCmd_ForgetMove	src/battle/battle_io_command.c	between
ov12_022593E8	BtlIOCmd_SetMosaic	src/battle/battle_io_command.c	between
ov12_022593FC	BtlIOCmd_ChangeWeatherForm	src/battle/battle_io_command.c	between
ov12_022594F4	BtlIOCmd_UpdateBg	src/battle/battle_io_command.c	between
ov12_02259514	BtlIOCmd_ClearTouchScreen	src/battle/battle_io_command.c	calls
ov12_022595B8	BtlIOCmd_ShowBattleStartPartyGauge	src/battle/battle_io_command.c	between
ov12_022595CC	BtlIOCmd_HideBattleStartPartyGauge	src/battle/battle_io_command.c	between
ov12_022595E0	BtlIOCmd_ShowPartyGauge	src/battle/battle_io_command.c	between
ov12_0225961C	BtlIOCmd_HidePartyGauge	src/battle/battle_io_command.c	between
ov12_02259658	BtlIOCmd_LoadPartyGaugeGraphics	src/battle/battle_io_command.c	calls
ov12_02259694	BtlIOCmd_FreePartyGaugeGraphics	src/battle/battle_io_command.c	calls
ov12_022596B8	BtlIOCmd_IncrementRecord	src/battle/battle_io_command.c	between
ov12_02259700	BtlIOCmd_PrintLinkWaitMessage	src/battle/battle_io_command.c	between
ov12_02259724	BtlIOCmd_RestoreSprite	src/battle/battle_io_command.c	between
ov12_02259738	BtlIOCmd_SpriteToOAM	src/battle/battle_io_command.c	between
ov12_02259748	BtlIOCmd_OAMToSprite	src/battle/battle_io_command.c	between
ov12_02259758	BtlIOCmd_PrintResultMessage	src/battle/battle_io_command.c	between
ov12_02259768	BtlIOCmd_PrintEscapeMessage	src/battle/battle_io_command.c	between
ov12_0225978C	BtlIOCmd_PrintForfeitMessage	src/battle/battle_io_command.c	between
ov12_022597B0	BtlIOCmd_RefreshSprite	src/battle/battle_io_command.c	between
ov12_022597C4	BtlIOCmd_FlyMoveHitSoundEffect	src/battle/battle_io_command.c	between
ov12_022597D8	BtlIOCmd_PlayMusic	src/battle/battle_io_command.c	between
ov12_022597EC	BtlIOCmd_SubmitResult	src/battle/battle_io_command.c	calls
ov12_022598F8	BtlIOCmd_ClearMessageBox	src/battle/battle_io_command.c	calls
ov12_02259928	ZeroDataBuffer	src/battle/battle_io_command.c	called
ov12_02259944	BattleDisplay_InitTaskSetupUI	src/battle/battle_display.c	called
ov12_02259968	BattleDisplay_InitTaskSetEncounter	src/battle/battle_display.c	calls
ov12_02259BA8	BattleDisplay_InitTaskShowEncounter	src/battle/battle_display.c	called
ov12_02259D48	BattleDisplay_InitTaskShowPokemon	src/battle/battle_display.c	called
ov12_02259F30	BattleDisplay_InitTaskReturnPokemon	src/battle/battle_display.c	called
ov12_0225A018	BattleDisplay_InitTaskOpenCaptureBall	src/battle/battle_display.c	called
ov12_0225A07C	BattleDisplay_InitTaskSetTrainerEncounter	src/battle/battle_display.c	called
ov12_0225A2A0	BattleDisplay_InitTaskThrowTrainerBall	src/battle/battle_display.c	called
ov12_0225A334	BattleDisplay_InitTaskSlideTrainerOut	src/battle/battle_display.c	called
ov12_0225A37C	BattleDisplay_InitTaskSlideTrainerIn	src/battle/battle_display.c	called
ov12_0225A414	BattleDisplay_InitTaskSlideHealthBoxIn	src/battle/battle_display.c	called
ov12_0225A4DC	BattleDisplay_InitTaskSlideHealthBoxOut	src/battle/battle_display.c	called
ov12_0225A524	BattleDisplay_InitTaskSetCommandSelection	src/battle/battle_display.c	called
ov12_0225A604	BattleDisplay_InitTaskShowMoveSelectMenu	src/battle/battle_display.c	called
ov12_0225A674	BattleDisplay_InitTaskShowTargetSelectMenu	src/battle/battle_display.c	calls
ov12_0225A700	BattleDisplay_InitTaskShowBagMenu	src/battle/battle_display.c	calls
ov12_0225A7AC	BattleDisplay_InitTaskShowPartyMenu	src/battle/battle_display.c	called
ov12_0225A818	BattleDisplay_InitTaskShowYesNoMenu	src/battle/battle_display.c	called
ov12_0225A85C	BattleDisplay_PrintAttackMessage	src/battle/battle_display.c	called
ov12_0225A8C4	BattleDisplay_PrintMessage	src/battle/battle_display.c	called
ov12_0225A914	BattleDisplay_InitTaskSetMoveAnimation	src/battle/battle_display.c	called
ov12_0225A9B0	BattleDisplay_InitTaskFlickerBattler	src/battle/battle_display.c	called
ov12_0225A9E0	BattleDisplay_InitTaskUpdateHPGauge	src/battle/battle_display.c	called
ov12_0225AA6C	BattleDisplay_InitTaskUpdateExpGauge	src/battle/battle_display.c	called
ov12_0225AAE0	BattleDisplay_InitTaskPlayFaintingSequence	src/battle/battle_display.c	called
ov12_0225ABB8	BattleDisplay_PlaySound	src/battle/battle_display.c	calls
ov12_0225ABE8	BattleDisplay_InitTaskFadeOut	src/battle/battle_display.c	called
ov12_0225AC1C	BattleDisplay_InitTaskToggleVanish	src/battle/battle_display.c	called
ov12_0225ACB0	BattleDisplay_SetStatusIcon	src/battle/battle_display.c	called
ov12_0225ACE8	BattleDisplay_PrintTrainerMessage	src/battle/battle_display.c	called
ov12_0225AD44	BattleDisplay_PrintRecallMessage	src/battle/battle_display.c	called
ov12_0225AD9C	BattleDisplay_PrintSendOutMessage	src/battle/battle_display.c	called
ov12_0225ADF4	BattleDisplay_PrintBattleStartMessage	src/battle/battle_display.c	called
ov12_0225AE48	BattleDisplay_PrintLeadMonMessage	src/battle/battle_display.c	called
ov12_0225AEA0	BattleDisplay_InitTaskPlayLevelUpAnimation	src/battle/battle_display.c	called
ov12_0225AED8	BattleDisplay_SetAlertMessage	src/battle/battle_display.c	calls
ov12_0225AF74	BattleDisplay_RefreshHPGauge	src/battle/battle_display.c	calls
ov12_0225B028	BattleDisplay_InitTaskForgetMove	src/battle/battle_display.c	called
ov12_0225B060	BattleDisplay_InitTaskSetMosaic	src/battle/battle_display.c	called
ov12_0225B0A0	BattleDisplay_InitTaskShowBattleStartPartyGauge	src/battle/battle_display.c	called
ov12_0225B0E8	BattleDisplay_InitTaskHideBattleStartPartyGauge	src/battle/battle_display.c	called
ov12_0225B120	BattleDisplay_InitTaskShowPartyGauge	src/battle/battle_display.c	called
ov12_0225B16C	BattleDisplay_InitTaskHidePartyGauge	src/battle/battle_display.c	called
ov12_0225B1A8	BattleDisplay_PrintLinkWaitMessage	src/battle/battle_display.c	calls
ov12_0225B200	BattleDisplay_RestoreSprite	src/battle/battle_display.c	called
ov12_0225B234	BattleDisplay_InitTaskSpriteToOAM	src/battle/battle_display.c	called
ov12_0225B26C	BattleDisplay_InitTaskOAMToSprite	src/battle/battle_display.c	called
ov12_0225B2A4	BattleDisplay_PrintResultMessage	src/battle/battle_display.c	called
ov12_0225B2F8	BattleDisplay_PrintEscapeMessage	src/battle/battle_display.c	called
ov12_0225B34C	BattleDisplay_PrintForfeitMessage	src/battle/battle_display.c	called
ov12_0225B3A0	BattleDisplay_RefreshSprite	src/battle/battle_display.c	calls
ov12_0225B3D4	BattleDisplay_FlyMoveHitSoundEffect	src/battle/battle_display.c	calls
ov12_0225B434	BattleDisplay_PlayMusic	src/battle/battle_display.c	calls
ov12_0225B494	Task_SetEncounter	src/battle/battle_display.c	calls
ov12_0225B7B8	Task_SetGiratinaEncounter	src/battle/battle_display.c	calls
ov12_0225B960	Task_ShowEncounter	src/battle/battle_display.c	calls
ov12_0225C18C	Task_ShowPokemon	src/battle/battle_display.c	order
ov12_0225C9BC	Task_ReturnPokemon	src/battle/battle_display.c	calls
ov12_0225CDB8	Task_OpenCaptureBall	src/battle/battle_display.c	calls
ov12_0225CE28	Task_SetTrainerEncounter	src/battle/battle_display.c	calls
ov12_0225D138	Task_ThrowTrainerBall	src/battle/battle_display.c	calls
ov12_0225D890	Task_SlideTrainerOut	src/battle/battle_display.c	calls
ov12_0225D990	Task_SlideTrainerIn	src/battle/battle_display.c	calls
ov12_0225DA18	Task_SlideHealthBoxIn	src/battle/battle_display.c	between
ov12_0225DA8C	Task_SlideHealthBoxOut	src/battle/battle_display.c	calls
ov12_0225DAD4	Task_PlayerSetCommandSelection	src/battle/battle_display.c	between
ov12_0225E104	Task_TrainerSetCommandSelection	src/battle/battle_display.c	between
ov12_0225E134	Task_LinkSetCommandSelection	src/battle/battle_display.c	between
ov12_0225E154	Task_SafariPokemonSetCommandSelection	src/battle/battle_display.c	between
ov12_0225E1D4	Task_PalParkPokemonSetCommandSelection	src/battle/battle_display.c	calls
ov12_0225E1FC	Task_RecordingSetCommandSelection	src/battle/battle_display.c	between
ov12_0225E250	Task_PlayerShowMoveSelectMenu	src/battle/battle_display.c	calls
ov12_0225E404	Task_TrainerShowMoveSelectMenu	src/battle/battle_display.c	calls
ov12_0225E4CC	Task_LinkShowMoveSelectMenu	src/battle/battle_display.c	between
ov12_0225E4EC	Task_RecordingShowMoveSelectMenu	src/battle/battle_display.c	calls
ov12_0225E568	Task_PlayerShowTargetSelectMenu	src/battle/battle_display.c	calls
ov12_0225E6FC	Task_TrainerShowTargetSelectMenu	src/battle/battle_display.c	between
ov12_0225E740	Task_LinkShowTargetSelectMenu	src/battle/battle_display.c	between
ov12_0225E760	Task_RecordingShowTargetSelectMenu	src/battle/battle_display.c	calls
ov12_0225E830	Task_PlayerShowBagMenu	src/battle/battle_display.c	between
ov12_0225F3A4	Task_TrainerShowBagMenu	src/battle/battle_display.c	between
ov12_0225F3FC	Task_LinkShowBagMenu	src/battle/battle_display.c	between
ov12_0225F434	Task_RecordingShowBagMenu	src/battle/battle_display.c	calls
ov12_0225F4E0	Task_PlayerShowPartyMenu	src/battle/battle_display.c	between
ov12_0225F8AC	Task_TrainerShowPartyMenu	src/battle/battle_display.c	calls
ov12_0225F960	Task_LinkShowPartyMenu	src/battle/battle_display.c	between
ov12_0225F980	Task_RecordingShowPartyMenu	src/battle/battle_display.c	calls
ov12_0225FA44	Task_PlayerShowYesNoMenu	src/battle/battle_display.c	between
ov12_0225FC80	Task_TrainerShowYesNoMenu	src/battle/battle_display.c	between
ov12_0225FCA0	Task_LinkShowYesNoMenu	src/battle/battle_display.c	between
ov12_0225FCC0	Task_RecordingShowYesNoMenu	src/battle/battle_display.c	between
ov12_0225FD14	Task_SetMoveAnimation	src/battle/battle_display.c	between
ov12_0225FF80	Task_FlickerBattler	src/battle/battle_display.c	between
ov12_0225FFDC	Task_UpdateHPGauge	src/battle/battle_display.c	calls
ov12_02260030	Task_UpdateExpGauge	src/battle/battle_display.c	calls
ov12_022600F0	Task_PlayFaintingSequence	src/battle/battle_display.c	calls
ov12_0226037C	Task_FadeOut	src/battle/battle_display.c	between
ov12_02260418	Task_ToggleVanish	src/battle/battle_display.c	calls
ov12_02260584	Task_PlayLevelUpAnimation	src/battle/battle_display.c	calls
ov12_022605D0	Task_WaitForBattleMessagePrint	src/battle/battle_display.c	calls
ov12_02260614	Task_WaitForAlertMessagePrint	src/battle/battle_display.c	calls
ov12_02260668	SysTask_SetupUI	src/battle/battle_display.c	between
ov12_022609F8	Task_ForgetMove	src/battle/battle_display.c	calls
ov12_02260B30	Task_SetMosaic	src/battle/battle_display.c	between
ov12_02260BA0	Task_ShowPartyGauge	src/battle/battle_display.c	calls
ov12_02260C58	Task_HidePartyGauge	src/battle/battle_display.c	order
ov12_02260CDC	Task_SpriteToOAM	src/battle/battle_display.c	order
ov12_02260D28	Task_OAMToSprite	src/battle/battle_display.c	order
ov12_02260EA4	BattlerData_SetTaskFuncs	src/battle/battle_display.c	calls
ov12_02261258	BattlerData_GetBattlerType	src/battle/battle_display.c	called
ov12_02261264	BattlerData_GetBootState	src/battle/battle_display.c	called
ov12_02261270	BattlerData_GetPokemonSprite	src/battle/battle_display.c	called
ov12_02261280	BattlerData_GetSavedCursorPosition	src/battle/battle_display.c	between
ov12_02261284	BattlerData_ClearSavedCursorPosition	src/battle/battle_display.c	between
ov12_02261294	BattlerData_SetTrainerVisibility	src/battle/battle_display.c	between
ov12_022612A4	BattleDisplay_NewPokemonSprite	src/battle/battle_display.c	called
ov12_02261390	LoadRecallMessage	src/battle/battle_display.c	between
ov12_02261464	LoadSendOutMessage	src/battle/battle_display.c	between
ov12_02261544	LoadBattleStartMessage	src/battle/battle_display.c	between
ov12_022615F0	LoadLeadMonMessage	src/battle/battle_display.c	between
ov12_02261928	LoadResultMessage	src/battle/battle_display.c	between
ov12_022619E4	LoadEscapeMessage	src/battle/battle_display.c	calls
ov12_02261AD4	LoadForfeitMessage	src/battle/battle_display.c	between
ov12_02261B2C	BattleDisplay_NewManagedSpriteTrainer	src/battle/battle_display.c	calls
ov12_02261B80	BattleDisplay_PlayMoveAnimation	src/battle/battle_display.c	called
ov12_02261CA8	BattleDisplay_PopulateBattlerContext	src/battle/battle_display.c	called
ov12_02261D30	BattleDisplay_GetAnimHideFlags	src/battle/battle_display.c	calls
ov12_02261DC8	BattleDisplay_AdvanceTrainerThrowAnim	src/battle/battle_display.c	calls
ov12_02261E40	SysTask_ScreenFlashForThrow	src/battle/battle_display.c	calls
ov12_02261EB8	BattleDisplay_StopPlayback	src/battle/battle_display.c	called
ov12_02261ED4	BattleDisplay_StopPlaybackAlt	src/battle/battle_display.c	called
ov12_02261EF0	BattleDisplay_GetLinkTrainerClass	src/battle/battle_display.c	calls
ov12_022621C4	BattleController_TryRecvLocalMessage	src/battle/battle_controller.c	called
ov12_02262240	SendMessage	src/battle/battle_controller.c	called
ov12_022628A0	BattleController_EmitOpenCaptureBall	src/battle/battle_controller.c	between
ov12_02262B80	BattleController_EmitSetCommandSelection	src/battle/battle_controller.c	calls
ov12_02262F24	BattleController_EmitSelectedCommand	src/battle/battle_controller.c	called
ov12_02262F40	BattleController_EmitShowMoveSelectMenu	src/battle/battle_controller.c	calls
ov12_02262FE0	BattleController_EmitSelectedMove	src/battle/battle_controller.c	called
ov12_02262FFC	BattleCommand_EmitShowTargetSelectMenu	src/battle/battle_controller.c	calls
ov12_0226311C	BattleController_EmitSelectedTarget	src/battle/battle_controller.c	called
ov12_02263138	BattleController_EmitShowBagMenu	src/battle/battle_controller.c	calls
ov12_022632C0	BattleController_EmitSelectedBagItem	src/battle/battle_controller.c	called
ov12_02263360	BattleController_EmitPartyMenuResult	src/battle/battle_controller.c	called
ov12_0226343C	BattleController_EmitPlayMoveAnimationA2D	src/battle/battle_controller.c	order
ov12_02263564	BattleController_EmitUpdateExpGauge	src/battle/battle_controller.c	called
ov12_0226399C	BattleController_EmitPlayLevelUpAnimation	src/battle/battle_controller.c	called
ov12_022639B8	BattleController_EmitSetAlertMessage	src/battle/battle_controller.c	between
ov12_02263A00	BattleController_EmitAlertMessageAck	src/battle/battle_controller.c	called
ov12_02263A1C	BattleController_EmitRefreshHPGauge	src/battle/battle_controller.c	called
ov12_02263CCC	BattleController_EmitStopGaugeAnimation	src/battle/battle_controller.c	between
ov12_02263D14	BattleController_EmitForgetMove	src/battle/battle_controller.c	called
ov12_02263E18	BattleController_EmitClearTouchScreen	src/battle/battle_controller.c	between
ov12_02263F8C	BattleController_EmitRestoreSprite	src/battle/battle_controller.c	between
ov12_02264038	BattleController_EmitSpriteToOAM	src/battle/battle_controller.c	between
ov12_02264054	BattleController_EmitOAMToSprite	src/battle/battle_controller.c	between
ov12_0226430C	BattleController_EmitClearCommand	src/battle/battle_controller.c	called
ov12_02264334	BattleController_RecvCommMessage	src/battle/battle_controller.c	called
ov12_022645C8	BattleScript_VarAddress	src/battle/battle_script.c	called
ov12_022645F8	PartyGaugeData_New	src/battle/battle_controller.c	called
ov12_02265E28	Terrain_LoadResources	src/battle/terrain.c	calls
ov12_02265F34	Terrain_CreateSprite	src/battle/terrain.c	calls
ov12_02265F68	Terrain_DeleteSprite	src/battle/terrain.c	between
ov12_02265F7C	Terrain_UnloadResources	src/battle/terrain.c	calls
ov12_02265FC4	Terrain_SetVisibility	src/battle/terrain.c	between
ov12_02265FD4	Terrain_Init	src/battle/terrain.c	between
ov12_02266008	Terrain_Destroy	src/battle/terrain.c	between
ov13_02222CE0	GTSApplication_DWCFree	src/gts_application/application.c	calls
ov13_022247DC	ov66_022337A8	src/overlay066/ov66_022324F0.c	calls
ov14_021E6094	PCBoxes_SetBoxMonData	src/pc_boxes.c	calls
ov14_021F2A18	ov19_021DA754	src/applications/pc_boxes/ov19_021DA270.c	called
ov14_021F2A9C	EndCreditsNightScene_InitMeteors	src/cutscenes/end_credits/scenes/bike_night.c	calls
ov14_021F2FDC	ov19_021DC834	src/applications/pc_boxes/ov19_021DC5F0.c	calls
ov14_021F3190	ov19_021DA3CC	src/applications/pc_boxes/ov19_021DA270.c	called
ov14_021F3B5C	ov62_02247998	src/overlay062/ov62_02246B00.c	calls
ov14_021F3BC0	RankingsMachine_PrepareForDeletingRecord	src/rankings_machine.c	calls
ov14_021F46F4	ov117_02265EC8	src/overlay117/ov117_02263AF0.c	calls
ov15_021F995C	BagUIVBlankCB	src/applications/bag/main.c	order
ov15_021F9A8C	FreeBGLayers	src/applications/bag/main.c	order
ov15_021F9CBC	SetupTextLoaders	src/applications/bag/main.c	calls
ov15_021F9D28	CountAccessiblePockets	src/applications/bag/main.c	order
ov15_021F9D60	BagInterface_GetItemSlotParam	src/applications/bag/main.c	order
ov15_021F9D8C	LoadItemName	src/applications/bag/main.c	order
ov15_021F9D9C	LoadTMHMMoveName	src/applications/bag/main.c	order
ov15_021F9DB4	RestoreCursorPosition	src/applications/bag/main.c	order
ov15_021F9EA8	SaveCursorPosition	src/applications/bag/main.c	order
ov15_021F9F08	TrashSelectedItem	src/applications/bag/main.c	called
ov15_021FA008	InitItemNameBuffers	src/applications/bag/main.c	order
ov15_021FA028	FreeItemNameBuffers	src/applications/bag/main.c	order
ov15_021FA070	LimitItemListScroll	src/applications/bag/main.c	order
ov15_021FA074	RestrictItemListCursor	src/applications/bag/main.c	order
ov15_021FA0E4	LoadCurrentPocketItemNames	src/applications/bag/main.c	called
ov15_021FA12C	CalcPocketSelectorIconsPos	src/applications/bag/main.c	order
ov15_021FA578	CheckPocketChange_DPad	src/applications/bag/main.c	order
ov15_021FA620	SetupPocketChangeFromDPad	src/applications/bag/main.c	between
ov15_021FA650	SetupPocketChangeFromTouch	src/applications/bag/main.c	order
ov15_021FA93C	CheckPocketChange_Touch	src/applications/bag/main.c	order
ov15_021FAA18	StepPocketSwitchPressedButtonAnim	src/applications/bag/main.c	order
ov15_021FAB34	StepDialButtonPressedAnim	src/applications/bag/main.c	order
ov15_021FAC2C	CheckDialButtonPressed	src/applications/bag/main.c	order
ov15_021FAD80	StartMovingItem	src/applications/bag/main.c	order
ov15_021FAFFC	MoveItemToCurrentPosition	src/applications/bag/main.c	order
ov15_021FB060	StopMovingItem	src/applications/bag/main.c	called
ov15_021FB114	SwitchSpritesForSorting	src/applications/bag/main.c	between
ov15_021FB14C	MakeItemActionsMenu	src/applications/bag/main.c	between
ov15_021FB380	ProcessMenuInput_SelectAction	src/applications/bag/main.c	order
ov15_021FB680	ItemActionFunc_Use	src/applications/bag/main.c	order
ov15_021FB700	CheckPlayerDismissedItemUseMsg	src/applications/bag/main.c	order
ov15_021FB784	HandleItemUsed	src/applications/bag/main.c	calls
ov15_021FB820	RunItemUseCallback	src/applications/bag/main.c	between
ov15_021FB830	TMHMUseTask	src/applications/bag/main.c	between
ov15_021FBC6C	ItemActionFunc_CheckTag	src/applications/bag/main.c	order
ov15_021FBC8C	ItemActionFunc_Confirm	src/applications/bag/main.c	order
ov15_021FBCAC	ItemActionFunc_Trash	src/applications/bag/main.c	order
ov15_021FBFF8	ShowConfirmTrashMenu	src/applications/bag/main.c	order
ov15_021FC01C	ProcessMenuInput_ConfirmTrash	src/applications/bag/main.c	order
ov15_021FC140	ResolveTrash	src/applications/bag/main.c	calls
ov15_021FC3EC	ItemActionFunc_Give	src/applications/bag/main.c	order
ov15_021FC41C	ProcessItemListInput_GiveToMon	src/applications/bag/main.c	between
ov15_021FC784	CheckPlayerDismissedItemCantBeHeldMsg	src/applications/bag/main.c	order
ov15_021FCB64	ProcessItemListInput_SellItems	src/applications/bag/main.c	order
ov15_021FCD80	ShowSaleCountValueWindow	src/applications/bag/main.c	order
ov15_021FD0E8	WaitConfirmSaleMsgPrinted	src/applications/bag/main.c	order
ov15_021FD10C	ProcessMenuInput_ConfirmSale	src/applications/bag/main.c	order
ov15_021FD24C	ResolveSale	src/applications/bag/main.c	calls
ov15_021FD2FC	CheckPlayerDismissedItemsSoldMsg	src/applications/bag/main.c	order
ov15_021FD574	SetupPocketSwitch	src/applications/bag/main.c	called
ov15_021FDB2C	CalcDialScroll	src/applications/bag/main.c	order
ov15_021FDC88	CheckItemListDialScroll_Sorting	src/applications/bag/main.c	order
ov15_021FE020	ov17_0224FCA0	src/overlay017/ov17_0224F4D4.c	calls
ov15_021FE154	CheckDialScroll_Menu	src/applications/bag/main.c	order
ov15_021FE204	BagUI_CreateWindows	src/applications/bag/windows.c	order
ov15_021FE3E0	DoMenuInput	src/applications/bag/main.c	called
ov15_021FE4C8	BagUI_LoadPocketNames	src/applications/bag/windows.c	order
ov15_021FE504	BagUI_FreePocketNames	src/applications/bag/windows.c	order
ov15_021FE528	BagUI_ClearPocketNameBox	src/applications/bag/windows.c	calls
ov15_021FE584	BufferPocketSlotItemName	src/applications/bag/windows.c	order
ov15_021FE5A4	BufferPocketSlotItemNamePlural	src/applications/bag/windows.c	order
ov15_021FE5C4	BagUI_PrintItemDescription	src/applications/bag/windows.c	order
ov15_021FE620	BagUI_PrintTMHMMoveStats	src/applications/bag/windows.c	calls
ov15_021FE874	BagUI_LoadItemCountStrings	src/applications/bag/windows.c	calls
ov15_021FE8A4	BagUI_FreeItemCountStrings	src/applications/bag/windows.c	order
ov15_021FE8C4	BagUI_PrintItemCount	src/applications/bag/windows.c	order
ov15_021FE914	BagUI_PrintTMHMNumber	src/applications/bag/windows.c	order
ov15_021FE990	LoadBagUIItemEntrySprites	src/applications/bag/windows.c	called
ov15_021FE9B0	DrawHMIcon	src/applications/bag/windows.c	order
ov15_021FE9F0	BagUI_DrawRegisteredIcon	src/applications/bag/windows.c	order
ov15_021FEA5C	BagUI_LoadItemActionStrings	src/applications/bag/windows.c	order
ov15_021FEB64	BagUI_FreeItemActionStrings	src/applications/bag/windows.c	order
ov15_021FEB84	BagUI_ShowItemActionsMenu	src/applications/bag/windows.c	order
ov15_021FECC4	ov62_0223AD7C	src/overlay062/ov62_02239D60.c	calls
ov15_021FED3C	BagUI_CloseItemActionsMenu	src/applications/bag/windows.c	called
ov15_021FED60	BagUI_PrintMovingItemMsg	src/applications/bag/windows.c	order
ov15_021FEEA4	BagUI_PrintConfirmItemTrashMsg	src/applications/bag/windows.c	calls
ov15_021FEF48	BagUI_PrintStrBufferToWideMsgBox	src/applications/bag/windows.c	between
ov15_021FEFC4	BagUITextPrinterCallback	src/applications/bag/windows.c	calls
ov15_021FF004	BagUI_ShowYesNoMenu	src/applications/bag/windows.c	called
ov15_021FF068	BagUI_PrintSellCountAndValue	src/applications/bag/windows.c	order
ov15_021FF1E0	BagUI_DrawPoffinCountMsgBox	src/applications/bag/windows.c	order
ov15_021FF7C4	ov70_0225F048	src/overlay070/ov70_0225D9A4.c	calls
ov15_021FF894	BagUI_FreeSprites	src/applications/bag/sprites.c	order
ov15_021FF8D4	BagUI_TickSpriteAnimations	src/applications/bag/sprites.c	order
ov15_021FF8F0	BagUI_UpdateItemSprite	src/applications/bag/sprites.c	order
ov15_021FF950	DrawPocketButton	src/applications/bag/main.c	called
ov15_021FF964	BagUI_StepPocketHighlightMovement	src/applications/bag/sprites.c	order
ov15_021FF97C	BagUI_UpdateTypeAndCategoryIcons	src/applications/bag/sprites.c	calls
ov15_021FFA40	ov100_021D0FA0	src/overlay100/ov100_021D0D80.c	calls
ov15_021FFEC0	StepPocketHighlightMovingAnim	src/applications/bag/sprites.c	called
ov15_022000F4	MoveReminder_DrawArrows	src/applications/move_reminder.c	calls
ov15_022002B4	ov17_0224C54C	src/overlay017/ov17_0224A0FC.c	calls
ov18_021EEBE4	PrintAllMonsHP	src/applications/frontier/battle_castle/self_app.c	calls
ov18_021F09D8	Contest_BufferContestantTrainerName	src/contest.c	calls
ov18_021F0FC8	BagUI_InitSprites	src/applications/bag/sprites.c	calls
ov18_021F1160	SealPlacement_UpdateSealOamMode	src/applications/capsule_menu/placement.c	calls
ov18_021F16C4	SealPlacement_SealIsValid	src/applications/capsule_menu/placement.c	calls
ov18_021F17FC	ov17_0223F560	src/overlay017/ov17_0223F118.c	calls
ov18_021F2724	ov113_0225D630	src/overlay113/ov113_0225C700.c	calls
ov18_021F2AC0	ScrollPrompts_SetPosition	src/scroll_prompts.c	calls
ov18_021F34EC	CapsuleManager_MoveCursorToCapsule	src/applications/capsule_menu/manager.c	calls
ov27_0225A4D0	ov21_021D6A58	src/applications/pokedex/ov21_021D5AEC.c	calls
ov27_0225BC34	PCMonPreview_Free	src/applications/pc_boxes/box_app_manager.c	calls
ov27_0225BCE8	SignatureApp_PrintButtonText	src/applications/signature.c	calls
ov27_0225BD44	BoxTouchDialHelper_Init	src/applications/pc_boxes/box_app_manager.c	order
ov27_0225BD50	PCBoxes_LoadCustomization	src/applications/pc_boxes/box_app_manager.c	between
ov27_0225BDAC	BoxApp_LoadWallpaper	src/applications/pc_boxes/box_app_manager.c	between
ov27_0225BDC8	BoxAppMan_TryMoveCursorFromUserInput	src/applications/pc_boxes/box_app_manager.c	between
ov27_0225BDDC	BoxApp_TryMoveCursor	src/applications/pc_boxes/box_app_manager.c	between
ov27_0225BDFC	BoxAppMan_TryMoveSelectionFromUserInput	src/applications/pc_boxes/box_app_manager.c	order
ov27_0225BEB0	TouchDial_CheckForNewScrollAction	src/applications/pc_boxes/touch_dial.c	order
ov27_0225BED8	ov19_021D77C8	src/applications/pc_boxes/ov19_021D61B0.c	called
ov27_0225C01C	ov19_021D9368	src/applications/pc_boxes/ov19_021D8B54.c	order
ov27_0225C044	ov19_021DCD64	src/applications/pc_boxes/ov19_021DC5F0.c	called
ov27_0225C06C	Bg_CopyTilemapBufferToVRAM	src/bg_window.c	called
ov27_0225C088	ov19_021DCEB8	src/applications/pc_boxes/ov19_021DC5F0.c	called
ov27_0225C0E0	ov19_021DC6A0	src/applications/pc_boxes/ov19_021DC5F0.c	order
ov27_0225C10C	ov19_021DC788	src/applications/pc_boxes/ov19_021DC5F0.c	order
ov27_0225C1AC	ov19_021DCA08	src/applications/pc_boxes/ov19_021DC5F0.c	order
ov27_0225C1EC	ov19_021DCAFC	src/applications/pc_boxes/ov19_021DC5F0.c	order
ov27_0225C248	ov19_021DCD18	src/applications/pc_boxes/ov19_021DC5F0.c	order
ov27_0225C24C	ov19_021DCD30	src/applications/pc_boxes/ov19_021DC5F0.c	order
ov27_0225C418	ov19_021DCDB4	src/applications/pc_boxes/ov19_021DC5F0.c	order
ov27_0225C434	sub_0205C304	src/unk_0205C22C.c	calls
ov27_0225C914	ov64_0222E5D8	src/overlay064/ov64_0222DCE0.c	calls
ov27_0225C930	JournalController_FreeStringUtil	src/applications/journal_display/journal_controller.c	calls
ov27_0225C944	ov19_021DE9A8	src/applications/pc_boxes/ov19_021DE3E8.c	order
ov27_0225C94C	ov19_021DE9B8	src/applications/pc_boxes/ov19_021DE3E8.c	calls
ov27_0225C988	ov19_021DE9E4	src/applications/pc_boxes/ov19_021DE3E8.c	order
ov27_0225C994	ov19_021DEB60	src/applications/pc_boxes/ov19_021DE3E8.c	calls
ov28_0225DBFC	ov70_02260048	src/overlay070/ov70_0225D9A4.c	calls
ov31_0225DBD4	ov117_02261280	src/overlay117/ov117_02260668.c	calls
ov34_0225D5F8	ov56_02256294	src/overlay056/ov56_022561C0.c	calls
ov34_0225D650	ov56_022562EC	src/overlay056/ov56_022561C0.c	calls
ov34_0225D900	ov56_022564E4	src/overlay056/ov56_022561C0.c	called
ov34_0225D924	ov56_02256508	src/overlay056/ov56_022561C0.c	order
ov34_0225DA50	ov56_02256634	src/overlay056/ov56_022561C0.c	order
ov34_0225DB20	ov56_02256704	src/overlay056/ov56_022561C0.c	order
ov34_0225DC00	ov56_022567E4	src/overlay056/ov56_022561C0.c	called
ov34_0225DC0C	ov56_022567F0	src/overlay056/ov56_022561C0.c	called
ov34_0225DC18	ov56_022567FC	src/overlay056/ov56_022561C0.c	calls
ov34_0225DD04	ov56_022568E0	src/overlay056/ov56_022561C0.c	calls
ov34_0225DDB8	ov56_02256994	src/overlay056/ov56_022561C0.c	between
ov34_0225DE04	ov56_022569E0	src/overlay056/ov56_022561C0.c	between
ov34_0225DE94	ov56_02256A68	src/overlay056/ov56_022561C0.c	calls
ov34_0225E020	ov56_02256BC0	src/overlay056/ov56_022561C0.c	called
ov34_0225E0E4	ov56_02256C84	src/overlay056/ov56_022561C0.c	called
ov34_0225E164	ov56_02256D04	src/overlay056/ov56_022561C0.c	calls
ov34_0225E1C4	ov56_02256D64	src/overlay056/ov56_022561C0.c	called
ov34_0225E2BC	ov56_02256E5C	src/overlay056/ov56_022561C0.c	calls
ov34_0225E348	ov56_02256EE8	src/overlay056/ov56_022561C0.c	calls
ov34_0225E428	ov56_02256FC8	src/overlay056/ov56_022561C0.c	called
ov34_0225E4A8	ov56_02257048	src/overlay056/ov56_022561C0.c	calls
ov34_0225E4F8	ov56_02257098	src/overlay056/ov56_022561C0.c	calls
ov34_0225E560	ov56_02257100	src/overlay056/ov56_022561C0.c	called
ov34_0225E56C	ov56_0225710C	src/overlay056/ov56_022561C0.c	between
ov34_0225E58C	ov56_0225712C	src/overlay056/ov56_022561C0.c	between
ov34_0225E5D4	ov56_02257174	src/overlay056/ov56_022561C0.c	between
ov34_0225E5DC	ov56_0225717C	src/overlay056/ov56_022561C0.c	between
ov34_0225E5E4	ov56_02257184	src/overlay056/ov56_022561C0.c	between
ov34_0225E5EC	ov56_0225718C	src/overlay056/ov56_022561C0.c	calls
ov34_0225E630	ov56_022571D0	src/overlay056/ov56_022561C0.c	calls
ov37_021E5900	ov58_021D0D80	src/overlay058/ov58_021D0D80.c	calls
ov37_021E5A84	ov58_021D0F08	src/overlay058/ov58_021D0D80.c	calls
ov37_021E5B94	ov58_021D1018	src/overlay058/ov58_021D0D80.c	calls
ov37_021E5CC8	ov101_021D197C	src/overlay101/ov101_021D0D80.c	calls
ov37_021E5CF0	ov58_021D1184	src/overlay058/ov58_021D0D80.c	order
ov37_021E5D10	ov58_021D11A4	src/overlay058/ov58_021D0D80.c	order
ov37_021E5E30	ov58_021D12C4	src/overlay058/ov58_021D0D80.c	calls
ov37_021E5F20	ov58_021D13B4	src/overlay058/ov58_021D0D80.c	between
ov37_021E5F5C	ov58_021D13F0	src/overlay058/ov58_021D0D80.c	between
ov37_021E5F98	ov58_021D142C	src/overlay058/ov58_021D0D80.c	between
ov37_021E6090	ov58_021D1524	src/overlay058/ov58_021D0D80.c	between
ov37_021E60C0	ov58_021D1554	src/overlay058/ov58_021D0D80.c	between
ov37_021E6244	ov58_021D16D8	src/overlay058/ov58_021D0D80.c	calls
ov37_021E6418	ov58_021D18AC	src/overlay058/ov58_021D0D80.c	between
ov37_021E6540	ov58_021D19D4	src/overlay058/ov58_021D0D80.c	between
ov37_021E657C	ov58_021D1A10	src/overlay058/ov58_021D0D80.c	called
ov37_021E65EC	ov58_021D1A80	src/overlay058/ov58_021D0D80.c	calls
ov37_021E6818	ov58_021D1CAC	src/overlay058/ov58_021D0D80.c	called
ov37_021E6848	ov58_021D1CDC	src/overlay058/ov58_021D0D80.c	called
ov37_021E6860	ov58_021D1CF4	src/overlay058/ov58_021D0D80.c	between
ov37_021E68AC	ov58_021D1D40	src/overlay058/ov58_021D0D80.c	called
ov37_021E68D0	ov58_021D1D64	src/overlay058/ov58_021D0D80.c	calls
ov37_021E6928	ov58_021D1DBC	src/overlay058/ov58_021D0D80.c	between
ov37_021E694C	ov58_021D1DC8	src/overlay058/ov58_021D0D80.c	between
ov37_021E6980	ov58_021D1DFC	src/overlay058/ov58_021D0D80.c	between
ov37_021E69DC	ov58_021D1E4C	src/overlay058/ov58_021D0D80.c	calls
ov37_021E6B40	ov58_021D1FB0	src/overlay058/ov58_021D0D80.c	between
ov37_021E6B64	ov58_021D1FD4	src/overlay058/ov58_021D0D80.c	calls
ov37_021E6BFC	ov58_021D206C	src/overlay058/ov58_021D0D80.c	calls
ov37_021E6C38	ov58_021D20A8	src/overlay058/ov58_021D0D80.c	between
ov37_021E6C58	ov58_021D20C8	src/overlay058/ov58_021D0D80.c	between
ov37_021E6C84	ov58_021D20F4	src/overlay058/ov58_021D0D80.c	calls
ov37_021E6CC0	ov58_021D2130	src/overlay058/ov58_021D0D80.c	between
ov37_021E6D14	ov58_021D2180	src/overlay058/ov58_021D0D80.c	calls
ov37_021E6DD0	ov58_021D223C	src/overlay058/ov58_021D0D80.c	between
ov37_021E6E04	ov58_021D2270	src/overlay058/ov58_021D0D80.c	calls
ov37_021E6E2C	ov58_021D2298	src/overlay058/ov58_021D0D80.c	calls
ov37_021E6E6C	ov58_021D22D8	src/overlay058/ov58_021D0D80.c	between
ov37_021E6E70	ov58_021D22DC	src/overlay058/ov58_021D0D80.c	between
ov37_021E6E90	ov58_021D22FC	src/overlay058/ov58_021D0D80.c	between
ov37_021E6EB4	ov58_021D2320	src/overlay058/ov58_021D0D80.c	calls
ov37_021E6F14	ov58_021D2380	src/overlay058/ov58_021D0D80.c	calls
ov37_021E6F5C	ov58_021D23C8	src/overlay058/ov58_021D0D80.c	calls
ov37_021E6FC8	ov58_021D2434	src/overlay058/ov58_021D0D80.c	calls
ov37_021E70BC	ov58_021D2528	src/overlay058/ov58_021D0D80.c	between
ov37_021E713C	ov58_021D25A8	src/overlay058/ov58_021D0D80.c	between
ov37_021E72B4	ov58_021D2720	src/overlay058/ov58_021D0D80.c	between
ov37_021E72E8	ov58_021D2754	src/overlay058/ov58_021D0D80.c	called
ov37_021E73B4	ov58_021D2820	src/overlay058/ov58_021D0D80.c	calls
ov37_021E741C	ov58_021D2888	src/overlay058/ov58_021D0D80.c	between
ov37_021E745C	ov58_021D28C8	src/overlay058/ov58_021D0D80.c	called
ov37_021E7478	ov58_021D28E4	src/overlay058/ov58_021D0D80.c	calls
ov37_021E755C	ov58_021D29C8	src/overlay058/ov58_021D0D80.c	calls
ov37_021E75C4	ov58_021D2A30	src/overlay058/ov58_021D0D80.c	called
ov37_021E75E0	ov58_021D2A4C	src/overlay058/ov58_021D0D80.c	called
ov37_021E75E8	ov58_021D2A54	src/overlay058/ov58_021D0D80.c	between
ov37_021E762C	ov58_021D2A98	src/overlay058/ov58_021D0D80.c	called
ov37_021E76A0	ov58_021D2B0C	src/overlay058/ov58_021D0D80.c	called
ov37_021E76C0	ov58_021D2B2C	src/overlay058/ov58_021D0D80.c	called
ov37_021E76D0	ov58_021D2B3C	src/overlay058/ov58_021D0D80.c	called
ov37_021E76F0	ov58_021D2B5C	src/overlay058/ov58_021D0D80.c	between
ov37_021E7844	ov58_021D2CB0	src/overlay058/ov58_021D0D80.c	called
ov37_021E784C	ov58_021D2CB8	src/overlay058/ov58_021D0D80.c	between
ov37_021E7880	ov58_021D2CEC	src/overlay058/ov58_021D0D80.c	between
ov37_021E78A4	ov58_021D2D10	src/overlay058/ov58_021D0D80.c	called
ov37_021E78C4	ov58_021D2D30	src/overlay058/ov58_021D0D80.c	called
ov37_021E78E0	ov58_021D2D4C	src/overlay058/ov58_021D0D80.c	called
ov38_0221BB44	HTTPB64_CalcEncodedSize	src/http/http_b64.c	called
ov38_0221BB68	HTTP_SetErrorCode	src/http/http.c	between
ov38_0221BBD0	HTTP_RequestCompletedCallback	src/http/http.c	calls
ov38_0221BE84	HTTP_Init	src/http/http.c	between
ov38_0221BEA8	HTTP_PrepareRequest	src/http/http.c	calls
ov38_0221BF48	HTTP_GetRequestStatus	src/http/http.c	between
ov38_0221BFEC	HTTP_Shutdown	src/http/http.c	called
ov38_0221C014	HTTP_GetErrorCode	src/http/http.c	between
ov38_0221C020	HTTP_GetResponseLength	src/http/http.c	called
ov39_02227060	ov61_0222AE60	src/overlay061/ov61_0222AE60.c	called
ov39_02227080	ov61_0222AE80	src/overlay061/ov61_0222AE60.c	between
ov39_02227088	ov61_0222AE88	src/overlay061/ov61_0222AE60.c	called
ov39_02227188	ov61_0222AF88	src/overlay061/ov61_0222AE60.c	called
ov39_022271C0	ov61_0222AFC0	src/overlay061/ov61_0222AE60.c	called
ov39_022271CC	ov61_0222AFCC	src/overlay061/ov61_0222AE60.c	called
ov39_02227208	ov61_0222B008	src/overlay061/ov61_0222B008.c	between
ov39_022272EC	ov61_0222B0F0	src/overlay061/ov61_0222B008.c	calls
ov39_02227334	ov61_0222B138	src/overlay061/ov61_0222B008.c	between
ov39_02227348	ov61_0222B14C	src/overlay061/ov61_0222B008.c	between
ov39_02227364	ov61_0222B168	src/overlay061/ov61_0222B008.c	between
ov39_0222738C	ov61_0222B190	src/overlay061/ov61_0222B008.c	between
ov39_022273B0	ov61_0222B1B4	src/overlay061/ov61_0222B008.c	between
ov39_022273F8	ov61_0222B1FC	src/overlay061/ov61_0222B008.c	between
ov39_02227420	ov61_0222B224	src/overlay061/ov61_0222B008.c	between
ov39_0222748C	ov61_0222B290	src/overlay061/ov61_0222B008.c	between
ov39_022274B4	ov61_0222B2B8	src/overlay061/ov61_0222B008.c	between
ov39_022274D4	ov61_0222B2D8	src/overlay061/ov61_0222B008.c	calls
ov39_02227534	ov61_0222B338	src/overlay061/ov61_0222B008.c	between
ov39_02227590	ov61_0222B394	src/overlay061/ov61_0222B008.c	between
ov39_022275E8	ov61_0222B3EC	src/overlay061/ov61_0222B008.c	between
ov39_02227648	ov61_0222B44C	src/overlay061/ov61_0222B008.c	between
ov39_022276A4	ov61_0222B4A8	src/overlay061/ov61_0222B008.c	between
ov39_022276E0	ov61_0222B4E4	src/overlay061/ov61_0222B008.c	between
ov39_02227720	ov61_0222B524	src/overlay061/ov61_0222B008.c	between
ov39_0222774C	ov61_0222B550	src/overlay061/ov61_0222B008.c	between
ov39_02227778	ov61_0222B57C	src/overlay061/ov61_0222B008.c	between
ov39_022278D4	ov61_0222B6D8	src/overlay061/ov61_0222B008.c	between
ov39_02227A5C	ov61_0222B860	src/overlay061/ov61_0222B008.c	between
ov39_02227B1C	ov61_0222B920	src/overlay061/ov61_0222B008.c	between
ov39_02227B20	ov61_0222B924	src/overlay061/ov61_0222B008.c	between
ov39_02227B24	ov61_0222B928	src/overlay061/ov61_0222B008.c	between
ov39_02227B50	ov61_0222B954	src/overlay061/ov61_0222B008.c	between
ov39_02227B54	ov61_0222B958	src/overlay061/ov61_0222B008.c	between
ov39_02227B58	ov61_0222B95C	src/overlay061/ov61_0222B008.c	between
ov39_02227B5C	ov61_0222B960	src/overlay061/ov61_0222B008.c	called
ov39_02227D44	ov61_0222BB48	src/overlay061/ov61_0222B008.c	between
ov39_02227D50	ov61_0222BB54	src/overlay061/ov61_0222B008.c	called
ov39_02227D5C	ov61_0222BB60	src/overlay061/ov61_0222B008.c	calls
ov39_02227DB8	ov61_0222BBBC	src/overlay061/ov61_0222B008.c	called
ov39_02227DE4	ov61_0222BBE8	src/overlay061/ov61_0222B008.c	between
ov39_02227DEC	ov61_0222BBF0	src/overlay061/ov61_0222B008.c	calls
ov39_02227E3C	ov61_0222BC40	src/overlay061/ov61_0222B008.c	called
ov39_02227E48	ov61_0222BC4C	src/overlay061/ov61_0222BC4C.c	between
ov39_02227E6C	ov61_0222BC70	src/overlay061/ov61_0222BC4C.c	between
ov39_02227E8C	ov61_0222BC90	src/overlay061/ov61_0222BC4C.c	between
ov39_02227ECC	ov61_0222BCD0	src/overlay061/ov61_0222BC4C.c	between
ov39_02227EF4	ov61_0222BCF8	src/overlay061/ov61_0222BC4C.c	between
ov39_02227F14	ov61_0222BD18	src/overlay061/ov61_0222BC4C.c	between
ov39_02227F60	ov61_0222BD64	src/overlay061/ov61_0222BC4C.c	between
ov39_02227F74	ov61_0222BD78	src/overlay061/ov61_0222BC4C.c	between
ov39_02227F84	ov61_0222BD88	src/overlay061/ov61_0222BC4C.c	between
ov39_02227FA8	ov61_0222BDAC	src/overlay061/ov61_0222BC4C.c	between
ov39_02227FC4	ov61_0222BDC8	src/overlay061/ov61_0222BC4C.c	between
ov39_02227FEC	ov61_0222BDF0	src/overlay061/ov61_0222BC4C.c	between
ov39_02227FFC	ov61_0222BE00	src/overlay061/ov61_0222BC4C.c	between
ov39_0222801C	ov61_0222BE20	src/overlay061/ov61_0222BC4C.c	between
ov39_022280B4	ov61_0222BEB8	src/overlay061/ov61_0222BC4C.c	between
ov39_022280D4	ov61_0222BED8	src/overlay061/ov61_0222BC4C.c	between
ov39_02228120	ov61_0222BF24	src/overlay061/ov61_0222BC4C.c	between
ov39_02228140	ov61_0222BF44	src/overlay061/ov61_0222BF44.c	calls
ov39_02228308	ov61_0222C0F8	src/overlay061/ov61_0222BF44.c	between
ov39_02228370	ov61_0222C160	src/overlay061/ov61_0222BF44.c	calls
ov39_02228418	ov61_0222C1FC	src/overlay061/ov61_0222BF44.c	between
ov39_02228440	ov61_0222C224	src/overlay061/ov61_0222BF44.c	between
ov39_022285A8	ov61_0222C38C	src/overlay061/ov61_0222BF44.c	calls
ov39_022285CC	ov61_0222C3B0	src/overlay061/ov61_0222BF44.c	order
ov39_022287F8	SetScreenBackgroundColor	src/screen_fade.c	calls
ov39_022288A0	ov61_0222C664	src/overlay061/ov61_0222BF44.c	calls
ov39_02228948	ov61_0222C70C	src/overlay061/ov61_0222BF44.c	between
ov39_02228964	ov61_0222C728	src/overlay061/ov61_0222BF44.c	between
ov39_0222899C	ov61_0222C760	src/overlay061/ov61_0222BF44.c	between
ov39_022289D0	ov61_0222C794	src/overlay061/ov61_0222BF44.c	called
ov39_02228A34	ov61_0222C7F8	src/overlay061/ov61_0222BF44.c	calls
ov39_02228A70	ov61_0222C834	src/overlay061/ov61_0222BF44.c	between
ov39_02228A8C	ov61_0222C850	src/overlay061/ov61_0222BF44.c	between
ov39_02228AA8	ov61_0222C86C	src/overlay061/ov61_0222BF44.c	called
ov39_02228AC0	ov61_0222C884	src/overlay061/ov61_0222BF44.c	between
ov39_02228B04	ov61_0222C8B8	src/overlay061/ov61_0222BF44.c	between
ov39_02228B6C	ov61_0222C920	src/overlay061/ov61_0222BF44.c	between
ov39_02228B74	ov61_0222C928	src/overlay061/ov61_0222BF44.c	between
ov39_02228BAC	ov61_0222C960	src/overlay061/ov61_0222BF44.c	between
ov39_02228C78	ov61_0222CA20	src/overlay061/ov61_0222BF44.c	between
ov39_02228D0C	ov61_0222CAA8	src/overlay061/ov61_0222BF44.c	between
ov39_02228D90	ov61_0222CB2C	src/overlay061/ov61_0222BF44.c	between
ov39_02228DA0	ov61_0222CB3C	src/overlay061/ov61_0222BF44.c	between
ov39_02228E54	ov61_0222CBF0	src/overlay061/ov61_0222BF44.c	calls
ov39_02228EA4	ov61_0222CC40	src/overlay061/ov61_0222BF44.c	calls
ov39_02228EC8	ov61_0222CC64	src/overlay061/ov61_0222BF44.c	between
ov39_02228F18	ov61_0222CCAC	src/overlay061/ov61_0222BF44.c	calls
ov39_02228F54	ov61_0222CCE8	src/overlay061/ov61_0222BF44.c	calls
ov39_02228FC8	ov61_0222CD58	src/overlay061/ov61_0222BF44.c	calls
ov39_0222908C	ov61_0222CE14	src/overlay061/ov61_0222BF44.c	between
ov39_022290A4	ov61_0222CE2C	src/overlay061/ov61_0222BF44.c	calls
ov39_02229224	sub_0202A824	src/unk_020298BC.c	called
ov40_0222B6E0	ov62_0222F2C0	src/overlay062/ov62_0222F2C0.c	calls
ov40_0222B934	ov62_0222F514	src/overlay062/ov62_0222F2C0.c	calls
ov40_0222BA90	ov62_0222F670	src/overlay062/ov62_0222F2C0.c	between
ov40_0222BC44	ov62_0222F824	src/overlay062/ov62_0222F2C0.c	called
ov40_0222BC54	ov62_0222F834	src/overlay062/ov62_0222F2C0.c	between
ov40_0222BC68	ov62_0222F848	src/overlay062/ov62_0222F2C0.c	between
ov40_0222BD04	ov62_0222F8E4	src/overlay062/ov62_0222F2C0.c	calls
ov40_0222BD30	ov62_0222F910	src/overlay062/ov62_0222F2C0.c	between
ov40_0222BF64	ov62_0222FB44	src/overlay062/ov62_0222F2C0.c	called
ov40_0222BF80	ov62_0222FB60	src/overlay062/ov62_0222F2C0.c	called
ov40_0222BF8C	ov62_0222FB6C	src/overlay062/ov62_0222F2C0.c	between
ov40_0222BF94	ov62_0222FB74	src/overlay062/ov62_0222F2C0.c	between
ov40_0222BFB0	ov62_0222FB90	src/overlay062/ov62_0222F2C0.c	called
ov40_0222C018	ov62_0222FBF8	src/overlay062/ov62_0222F2C0.c	called
ov40_0222C03C	ov62_0222FC1C	src/overlay062/ov62_0222F2C0.c	called
ov40_0222C15C	ov62_0222FD3C	src/overlay062/ov62_0222F2C0.c	between
ov40_0222C23C	ov62_0222FE1C	src/overlay062/ov62_0222F2C0.c	between
ov40_0222C360	ov62_0222FF40	src/overlay062/ov62_0222F2C0.c	between
ov40_0222C39C	ov62_0222FF7C	src/overlay062/ov62_0222F2C0.c	between
ov40_0222C434	ov62_02230014	src/overlay062/ov62_0222F2C0.c	called
ov40_0222C474	ov62_02230054	src/overlay062/ov62_0222F2C0.c	called
ov40_0222C480	ov62_02230060	src/overlay062/ov62_0222F2C0.c	between
ov40_0222C4B8	ov62_02230098	src/overlay062/ov62_0222F2C0.c	called
ov40_0222C4DC	ov62_022300BC	src/overlay062/ov62_0222F2C0.c	called
ov40_0222C4E8	ov62_022300C8	src/overlay062/ov62_0222F2C0.c	called
ov40_0222C4F8	ov62_022300D8	src/overlay062/ov62_022300D8.c	between
ov40_0222C6C8	ov62_022302A8	src/overlay062/ov62_022300D8.c	between
ov40_0222C710	ov62_022302F0	src/overlay062/ov62_022300D8.c	called
ov40_0222C750	ov62_02230330	src/overlay062/ov62_022300D8.c	calls
ov40_0222C884	ov62_02230464	src/overlay062/ov62_022300D8.c	calls
ov40_0222CA8C	ov62_0223066C	src/overlay062/ov62_022300D8.c	between
ov40_0222CABC	ov62_0223069C	src/overlay062/ov62_022300D8.c	between
ov40_0222CAD8	ov62_022306B8	src/overlay062/ov62_022300D8.c	calls
ov40_0222CBC0	ov62_022307A0	src/overlay062/ov62_022300D8.c	calls
ov40_0222CBE0	ov62_022307C0	src/overlay062/ov62_022300D8.c	calls
ov40_0222CCAC	ov62_0223088C	src/overlay062/ov62_022300D8.c	calls
ov40_0222CE7C	ov62_02230A5C	src/overlay062/ov62_022300D8.c	calls
ov40_0222CED8	ov62_02230AB8	src/overlay062/ov62_022300D8.c	between
ov40_0222CF10	ov62_02230AF0	src/overlay062/ov62_022300D8.c	calls
ov40_0222CF94	ov62_02230B74	src/overlay062/ov62_022300D8.c	called
ov40_0222CFBC	ov62_02230B9C	src/overlay062/ov62_022300D8.c	calls
ov40_0222D048	ov62_02230C28	src/overlay062/ov62_022300D8.c	called
ov40_0222D288	ov62_02230E68	src/overlay062/ov62_022300D8.c	called
ov40_0222D294	ov62_02230E74	src/overlay062/ov62_022300D8.c	called
ov40_0222D2A0	ov62_02230E80	src/overlay062/ov62_022300D8.c	called
ov40_0222D3E8	ov62_02230FC8	src/overlay062/ov62_022300D8.c	called
ov40_0222D5AC	ov62_0223118C	src/overlay062/ov62_022300D8.c	called
ov40_0222D66C	ov62_0223124C	src/overlay062/ov62_022300D8.c	called
ov40_0222D6D0	ov62_022312B0	src/overlay062/ov62_022300D8.c	called
ov40_0222D6EC	ov62_022312CC	src/overlay062/ov62_022300D8.c	called
ov40_0222D73C	ov62_0223131C	src/overlay062/ov62_022300D8.c	called
ov40_0222D78C	ov62_0223136C	src/overlay062/ov62_022300D8.c	between
ov40_0222D7DC	ov62_022313BC	src/overlay062/ov62_022300D8.c	called
ov40_0222D800	ov62_022313E0	src/overlay062/ov62_022300D8.c	called
ov40_0222D874	ov62_02231454	src/overlay062/ov62_022300D8.c	calls
ov40_0222D88C	ov62_0223146C	src/overlay062/ov62_022300D8.c	called
ov40_0222D8C8	ov62_022314A8	src/overlay062/ov62_022300D8.c	called
ov40_0222D910	ov62_022314F0	src/overlay062/ov62_022300D8.c	between
ov40_0222D980	ov62_02231560	src/overlay062/ov62_022300D8.c	called
ov40_0222D9E8	ov62_022315C8	src/overlay062/ov62_022300D8.c	called
ov40_0222DA00	ov62_022315E0	src/overlay062/ov62_022300D8.c	called
ov40_0222DA84	ov62_02231664	src/overlay062/ov62_022300D8.c	called
ov40_0222DAA8	ov62_02231688	src/overlay062/ov62_022300D8.c	called
ov40_0222DAB0	ov62_02231690	src/overlay062/ov62_02231690.c	called
ov40_0222DAC0	ov62_022316A0	src/overlay062/ov62_02231690.c	between
ov40_0222DAF0	ov62_022316D0	src/overlay062/ov62_02231690.c	between
ov40_0222DB30	ov62_02231710	src/overlay062/ov62_02231690.c	between
ov40_0222DBEC	ov62_022317CC	src/overlay062/ov62_02231690.c	between
ov40_0222DD08	ov62_022318E8	src/overlay062/ov62_02231690.c	called
ov40_0222DD68	ov62_Pokedex_Alphabetical	src/overlay062/ov62_02231690.c	between
ov40_0222DD8C	ov62_0223196C	src/overlay062/ov62_02231690.c	called
ov40_0222DD94	ov62_02231974	src/overlay062/ov62_02231690.c	called
ov40_0222DD9C	ov62_0223197C	src/overlay062/ov62_02231690.c	called
ov40_0222DE40	ov62_02231A1C	src/overlay062/ov62_02231690.c	called
ov40_0222DEAC	ov62_02231A88	src/overlay062/ov62_02231690.c	called
ov40_0222DED0	ov62_02231AAC	src/overlay062/ov62_02231690.c	called
ov40_0222DFB0	ov62_02231B8C	src/overlay062/ov62_02231690.c	called
ov40_0222DFE8	ov62_02231BC4	src/overlay062/ov62_02231690.c	called
ov40_0222E09C	ov62_02231C78	src/overlay062/ov62_02231690.c	between
ov40_0222E4A4	ov62_02232080	src/overlay062/ov62_02231690.c	between
ov40_0222E4C4	ov62_022320A0	src/overlay062/ov62_02231690.c	between
ov40_0222E4D4	ov62_022320B0	src/overlay062/ov62_02231690.c	between
ov40_0222E510	ov62_022320EC	src/overlay062/ov62_02231690.c	between
ov40_0222E618	ov62_022321F4	src/overlay062/ov62_02231690.c	between
ov40_0222E624	ov62_02232200	src/overlay062/ov62_02231690.c	between
ov40_0222E658	ov62_02232234	src/overlay062/ov62_02231690.c	called
ov40_0222E690	ov62_0223226C	src/overlay062/ov62_02231690.c	calls
ov40_0222E79C	ov62_02232378	src/overlay062/ov62_02231690.c	called
ov40_0222E7B8	ov62_02232394	src/overlay062/ov62_02231690.c	called
ov40_0222E7DC	ov62_022323B8	src/overlay062/ov62_02231690.c	called
ov40_0222E7F0	ov62_022323CC	src/overlay062/ov62_02231690.c	between
ov40_0222E8C4	ov62_022324A0	src/overlay062/ov62_02231690.c	called
ov40_0222E9B8	ov62_02232594	src/overlay062/ov62_02231690.c	called
ov40_0222EB9C	ov62_02232778	src/overlay062/ov62_02231690.c	called
ov40_0222EED0	ov62_02232AAC	src/overlay062/ov62_02231690.c	called
ov40_0222EFD8	ov62_02232BB4	src/overlay062/ov62_02231690.c	calls
ov40_0222F09C	ov62_02232C78	src/overlay062/ov62_02231690.c	called
ov40_0222F38C	ov62_02232F68	src/overlay062/ov62_02231690.c	calls
ov40_0222F488	ov62_02233064	src/overlay062/ov62_02231690.c	calls
ov40_0222F5EC	ov62_022331C8	src/overlay062/ov62_02231690.c	called
ov40_0222F6D0	ov62_022332AC	src/overlay062/ov62_02231690.c	called
ov40_0222F720	ov62_022332FC	src/overlay062/ov62_02231690.c	called
ov40_0222F734	ov62_02233310	src/overlay062/ov62_02231690.c	called
ov40_0222F740	ov62_0223331C	src/overlay062/ov62_02231690.c	called
ov40_0222F858	ov62_02233434	src/overlay062/ov62_02231690.c	called
ov40_0222F878	ov62_02233454	src/overlay062/ov62_02231690.c	calls
ov40_0222F8C0	ov62_0223349C	src/overlay062/ov62_02231690.c	calls
ov40_0222F920	ov62_022334FC	src/overlay062/ov62_02231690.c	calls
ov40_0222F950	ov62_0223352C	src/overlay062/ov62_02231690.c	called
ov40_0222F9C0	ov62_0223359C	src/overlay062/ov62_02231690.c	between
ov40_0222F9D4	ov62_022335B0	src/overlay062/ov62_02231690.c	called
ov40_0222F9E0	ov62_022335BC	src/overlay062/ov62_02231690.c	calls
ov40_0222FA18	ov62_022335F4	src/overlay062/ov62_02231690.c	called
ov40_0222FA24	ov62_02233600	src/overlay062/ov62_02231690.c	called
ov40_0222FA2C	ov62_02233608	src/overlay062/ov62_02231690.c	between
ov40_0222FA5C	ov62_02233638	src/overlay062/ov62_02231690.c	called
ov40_0222FA88	ov62_02233664	src/overlay062/ov62_02231690.c	called
ov40_0222FB28	ov62_02233704	src/overlay062/ov62_02231690.c	called
ov40_0222FB40	ov62_0223371C	src/overlay062/ov62_02231690.c	called
ov40_0222FB74	ov62_02233750	src/overlay062/ov62_02231690.c	between
ov40_0222FB90	ov62_0223376C	src/overlay062/ov62_02231690.c	called
ov40_0222FBB4	ov62_02233790	src/overlay062/ov62_02231690.c	called
ov40_0222FBBC	ov62_02233798	src/overlay062/ov62_02231690.c	calls
ov40_0222FBF8	ov62_022337D4	src/overlay062/ov62_02231690.c	between
ov40_0222FC14	ov62_022337F0	src/overlay062/ov62_02231690.c	between
ov40_0222FC40	ov62_0223381C	src/overlay062/ov62_02231690.c	between
ov40_0222FC4C	ov62_02233828	src/overlay062/ov62_02231690.c	between
ov40_0222FCCC	ov62_022338A8	src/overlay062/ov62_02231690.c	called
ov40_0222FDC4	ov62_022339A0	src/overlay062/ov62_02231690.c	called
ov40_0222FE00	CapsuleGraphics_LoadPokemonIcons	src/applications/capsule_menu/graphics.c	calls
ov40_0222FE68	ov62_02233A44	src/overlay062/ov62_02231690.c	calls
ov40_0222FE8C	ov62_02233A68	src/overlay062/ov62_02231690.c	between
ov40_0222FE98	ov62_02233A74	src/overlay062/ov62_02231690.c	called
ov40_0222FEA0	ov62_02233A7C	src/overlay062/ov62_02231690.c	calls
ov40_0222FF48	ov62_02233B24	src/overlay062/ov62_02231690.c	called
ov40_0222FF64	ov62_02233B40	src/overlay062/ov62_02231690.c	between
ov40_0222FF74	ov62_02233B50	src/overlay062/ov62_02231690.c	between
ov40_02230398	ov62_02233F74	src/overlay062/ov62_02231690.c	between
ov40_022303B8	ov62_02233F94	src/overlay062/ov62_02231690.c	between
ov40_02230404	ov62_02233FE0	src/overlay062/ov62_02231690.c	between
ov40_02230410	ov62_02233FEC	src/overlay062/ov62_02231690.c	between
ov40_02230424	ov62_02234000	src/overlay062/ov62_02231690.c	between
ov40_02230638	ov62_02234214	src/overlay062/ov62_02231690.c	called
ov40_0223064C	ov62_02234228	src/overlay062/ov62_02231690.c	called
ov40_022306A0	ov62_0223427C	src/overlay062/ov62_02231690.c	called
ov40_022306C0	ov62_0223429C	src/overlay062/ov62_02231690.c	called
ov40_022306E0	ov62_022342BC	src/overlay062/ov62_02231690.c	called
ov40_022306F0	ov62_022342CC	src/overlay062/ov62_02231690.c	called
ov40_0223077C	ov62_02234358	src/overlay062/ov62_02231690.c	called
ov40_022307B0	ov62_0223438C	src/overlay062/ov62_02231690.c	between
ov40_022307DC	ov62_022343B8	src/overlay062/ov62_02231690.c	called
ov40_022307FC	ov62_022343D8	src/overlay062/ov62_02231690.c	between
ov40_02230864	ov62_02234440	src/overlay062/ov62_02231690.c	between
ov40_02230944	ov62_02234520	src/overlay062/ov62_02231690.c	called
ov40_02230958	ov62_02234534	src/overlay062/ov62_02231690.c	called
ov40_02230964	ov62_02234540	src/overlay062/ov62_02231690.c	called
ov40_02230970	ov62_0223454C	src/overlay062/ov62_02231690.c	calls
ov40_022309CC	ov62_022345A8	src/overlay062/ov62_02231690.c	between
ov40_022309DC	ov62_022345B8	src/overlay062/ov62_02231690.c	called
ov40_02230CDC	ov62_022348B8	src/overlay062/ov62_02231690.c	called
ov40_02230D20	ov62_022348FC	src/overlay062/ov62_02231690.c	between
ov40_02230D94	sub_0202FE04	src/unk_0202F1D4.c	called
ov40_02230DCC	ov62_022349A8	src/overlay062/ov62_02231690.c	calls
ov40_02230E08	ov62_022349E4	src/overlay062/ov62_02231690.c	called
ov40_02230E34	ov62_02234A10	src/overlay062/ov62_02234A10.c	between
ov40_02230EB4	ov62_02234A90	src/overlay062/ov62_02234A10.c	between
ov40_02230ED8	ov62_02234AB4	src/overlay062/ov62_02234A10.c	between
ov40_02231100	ov62_02234CDC	src/overlay062/ov62_02234A10.c	calls
ov40_0223131C	ov62_02234EF8	src/overlay062/ov62_02234A10.c	between
ov40_022313F0	ov62_02234FCC	src/overlay062/ov62_02234A10.c	calls
ov40_0223142C	ov62_02235008	src/overlay062/ov62_02234A10.c	called
ov40_0223169C	ov62_02235278	src/overlay062/ov62_02235278.c	calls
ov40_02231700	ov62_022352DC	src/overlay062/ov62_02235278.c	called
ov40_0223172C	ov62_02235308	src/overlay062/ov62_02235278.c	between
ov40_02231748	ov62_02235324	src/overlay062/ov62_02235278.c	between
ov40_02231868	ov62_02235444	src/overlay062/ov62_02235278.c	calls
ov40_0223189C	ov62_02235478	src/overlay062/ov62_02235278.c	calls
ov40_022318C8	ov62_022354A4	src/overlay062/ov62_02235278.c	calls
ov40_022319A4	ov62_02235580	src/overlay062/ov62_02235278.c	calls
ov40_02231C78	ov62_02235854	src/overlay062/ov62_02235278.c	calls
ov40_02231EA4	ov62_02235A80	src/overlay062/ov62_02235278.c	between
ov40_02232094	ov62_02235C70	src/overlay062/ov62_02235278.c	between
ov40_02232288	ov62_02235E64	src/overlay062/ov62_02235E64.c	between
ov40_022322E0	ov62_02235EBC	src/overlay062/ov62_02235E64.c	calls
ov40_02232470	ov62_0223604C	src/overlay062/ov62_02235E64.c	calls
ov40_02232598	ov62_02236174	src/overlay062/ov62_02235E64.c	between
ov40_022325B0	ov62_0223618C	src/overlay062/ov62_02235E64.c	between
ov40_022326DC	ov62_022362B8	src/overlay062/ov62_02235E64.c	between
ov40_022327BC	ov62_02236398	src/overlay062/ov62_02235E64.c	between
ov40_022327F0	ov62_022363CC	src/overlay062/ov62_02235E64.c	between
ov40_02232A48	ov62_02236624	src/overlay062/ov62_02235E64.c	between
ov40_02232AF8	ov62_022366D4	src/overlay062/ov62_02235E64.c	calls
ov40_02232BD8	ov62_022367B4	src/overlay062/ov62_02235E64.c	calls
ov40_02232D44	ov62_02236920	src/overlay062/ov62_02235E64.c	calls
ov40_02232ED4	ov62_02236AB0	src/overlay062/ov62_02235E64.c	calls
ov40_02232F50	ov62_02236B2C	src/overlay062/ov62_02235E64.c	called
ov40_02232F88	ov62_02236B64	src/overlay062/ov62_02235E64.c	called
ov40_02232FCC	ov62_02236BA8	src/overlay062/ov62_02235E64.c	called
ov40_02232FEC	ov62_02236BC8	src/overlay062/ov62_02235E64.c	called
ov40_02233044	ov62_02236C20	src/overlay062/ov62_02235E64.c	called
ov40_022330B8	ov62_02236C94	src/overlay062/ov62_02235E64.c	called
ov40_022330E0	ov62_02236CBC	src/overlay062/ov62_02236CBC.c	calls
ov40_0223311C	ov62_02236CF8	src/overlay062/ov62_02236CBC.c	called
ov40_0223316C	ov62_02236D48	src/overlay062/ov62_02236CBC.c	calls
ov40_0223320C	ov62_02236DE8	src/overlay062/ov62_02236CBC.c	calls
ov40_02233238	ov62_02236E14	src/overlay062/ov62_02236CBC.c	calls
ov40_022334F8	ov62_022370D4	src/overlay062/ov62_02236CBC.c	between
ov40_02233550	ov62_0223712C	src/overlay062/ov62_02236CBC.c	called
ov40_022335F4	ov62_022371CC	src/overlay062/ov62_02236CBC.c	calls
ov40_022338D0	ov62_022374A8	src/overlay062/ov62_02236CBC.c	calls
ov40_022339CC	ov62_022375A4	src/overlay062/ov62_02236CBC.c	calls
ov40_02233AEC	ov62_022376C4	src/overlay062/ov62_02236CBC.c	calls
ov40_02233C3C	ov62_02237814	src/overlay062/ov62_02236CBC.c	calls
ov40_02233CAC	ov62_02237884	src/overlay062/ov62_02236CBC.c	calls
ov40_02233EE8	ov62_02237AC0	src/overlay062/ov62_02236CBC.c	calls
ov40_02233F28	ov62_02237B00	src/overlay062/ov62_02236CBC.c	between
ov40_0223414C	ov62_02237D24	src/overlay062/ov62_02237D24.c	between
ov40_022341E0	ov62_02237DB8	src/overlay062/ov62_02237D24.c	calls
ov40_02234330	ov62_02237F08	src/overlay062/ov62_02237D24.c	between
ov40_02234470	ov62_02238048	src/overlay062/ov62_02237D24.c	calls
ov40_022344D8	ov62_022380B0	src/overlay062/ov62_02237D24.c	between
ov40_0223480C	ov62_022383E4	src/overlay062/ov62_02237D24.c	between
ov40_02234A14	ov62_022385EC	src/overlay062/ov62_02237D24.c	between
ov40_02234A38	ov62_02238610	src/overlay062/ov62_02237D24.c	calls
ov40_02234BBC	ov62_02238794	src/overlay062/ov62_02237D24.c	calls
ov40_02234D94	ov62_0223896C	src/overlay062/ov62_02237D24.c	between
ov40_02234F98	ov62_02238B70	src/overlay062/ov62_02237D24.c	calls
ov40_0223512C	ov62_02238D04	src/overlay062/ov62_02237D24.c	calls
ov40_0223527C	ov62_02238E54	src/overlay062/ov62_02237D24.c	calls
ov40_0223534C	ov62_02238F24	src/overlay062/ov62_02237D24.c	between
ov40_02235434	ov62_0223900C	src/overlay062/ov62_02237D24.c	calls
ov40_02235644	ov62_0223921C	src/overlay062/ov62_02237D24.c	calls
ov40_0223584C	ov62_02239424	src/overlay062/ov62_02237D24.c	called
ov40_02235868	ov62_02239440	src/overlay062/ov62_02237D24.c	between
ov40_022358C0	ov62_02239498	src/overlay062/ov62_02237D24.c	between
ov40_02235900	ov62_022394D8	src/overlay062/ov62_02237D24.c	between
ov40_02235940	ov62_02239518	src/overlay062/ov62_02237D24.c	between
ov40_02235994	ov62_0223956C	src/overlay062/ov62_02237D24.c	called
ov40_022359B4	ov62_0223958C	src/overlay062/ov62_02237D24.c	called
ov40_02235A30	ov62_02239608	src/overlay062/ov62_02237D24.c	called
ov40_02235B10	ov62_022396E8	src/overlay062/ov62_02237D24.c	between
ov40_02235B4C	ov62_02239724	src/overlay062/ov62_02237D24.c	between
ov40_02235C7C	ov62_02239854	src/overlay062/ov62_02237D24.c	between
ov40_02235DAC	ov62_02239984	src/overlay062/ov62_02237D24.c	between
ov40_02235E34	ov62_02239A0C	src/overlay062/ov62_02237D24.c	between
ov40_02235FA0	ov62_02239B7C	src/overlay062/ov62_02237D24.c	called
ov40_02235FD0	ov62_02239BAC	src/overlay062/ov62_02237D24.c	between
ov40_02235FFC	ov62_02239BD8	src/overlay062/ov62_02237D24.c	called
ov40_0223610C	ov62_02239CE8	src/overlay062/ov62_02237D24.c	called
ov40_02236130	ov62_02239D0C	src/overlay062/ov62_02237D24.c	called
ov40_02236158	ov62_02239D34	src/overlay062/ov62_02237D24.c	between
ov40_0223615C	ov62_02239D38	src/overlay062/ov62_02237D24.c	between
ov40_02236184	ov62_02239D60	src/overlay062/ov62_02239D60.c	called
ov40_022361B0	ov62_02239D8C	src/overlay062/ov62_02239D60.c	called
ov40_022361C8	ov62_02239DA4	src/overlay062/ov62_02239D60.c	between
ov40_022361E0	ov62_02239DBC	src/overlay062/ov62_02239D60.c	between
ov40_02236230	ov62_02239E0C	src/overlay062/ov62_02239D60.c	calls
ov40_022362E4	ov62_02239EC0	src/overlay062/ov62_02239D60.c	between
ov40_02236320	ov62_02239EFC	src/overlay062/ov62_02239D60.c	between
ov40_0223635C	ov62_02239F38	src/overlay062/ov62_02239D60.c	between
ov40_022363BC	ov62_02239F98	src/overlay062/ov62_02239D60.c	calls
ov40_022364D0	ov62_0223A0AC	src/overlay062/ov62_02239D60.c	calls
ov40_02236534	ov62_0223A110	src/overlay062/ov62_02239D60.c	called
ov40_0223655C	ov62_0223A138	src/overlay062/ov62_02239D60.c	called
ov40_02236578	ov62_0223A154	src/overlay062/ov62_02239D60.c	called
ov40_022365A0	ov62_0223A17C	src/overlay062/ov62_02239D60.c	calls
ov40_022366CC	ov62_0223A2A8	src/overlay062/ov62_02239D60.c	between
ov40_022367B8	ov62_0223A394	src/overlay062/ov62_02239D60.c	calls
ov40_022368EC	ov62_0223A4C8	src/overlay062/ov62_02239D60.c	called
ov40_02236968	ov62_0223A544	src/overlay062/ov62_02239D60.c	between
ov40_02236A58	ov62_0223A634	src/overlay062/ov62_02239D60.c	between
ov40_02236A70	ov62_0223A64C	src/overlay062/ov62_02239D60.c	calls
ov40_02236C64	ov62_0223A840	src/overlay062/ov62_02239D60.c	calls
ov40_02236D60	ov62_0223A93C	src/overlay062/ov62_02239D60.c	calls
ov40_02236E18	ov62_0223A9F4	src/overlay062/ov62_02239D60.c	calls
ov40_02236EB4	ov62_0223AA90	src/overlay062/ov62_02239D60.c	called
ov40_02236F38	ov62_0223AB14	src/overlay062/ov62_02239D60.c	called
ov40_02236FE0	ov62_0223ABBC	src/overlay062/ov62_02239D60.c	called
ov40_02237008	ov62_0223ABE4	src/overlay062/ov62_02239D60.c	called
ov40_02237030	ov62_0223AC0C	src/overlay062/ov62_02239D60.c	called
ov40_0223707C	ov62_0223AC58	src/overlay062/ov62_02239D60.c	calls
ov40_02237144	ov62_0223AD20	src/overlay062/ov62_02239D60.c	calls
ov40_022371D4	ov62_0223ADB0	src/overlay062/ov62_02239D60.c	called
ov40_022371E4	ov62_0223ADC0	src/overlay062/ov62_02239D60.c	calls
ov40_02237284	ov62_0223AE60	src/overlay062/ov62_02239D60.c	between
ov40_022373E4	ov62_0223AFC0	src/overlay062/ov62_02239D60.c	between
ov40_02237410	ov62_0223AFEC	src/overlay062/ov62_02239D60.c	called
ov40_02237474	ov62_0223B050	src/overlay062/ov62_02239D60.c	between
ov40_02237548	ov62_0223B124	src/overlay062/ov62_02239D60.c	between
ov40_02237564	ov62_0223B140	src/overlay062/ov62_02239D60.c	called
ov40_0223757C	ov62_0223B158	src/overlay062/ov62_02239D60.c	calls
ov40_02237644	ov62_0223B230	src/overlay062/ov62_02239D60.c	calls
ov40_022376FC	ov62_0223B2E8	src/overlay062/ov62_02239D60.c	calls
ov40_02237820	ov62_0223B40C	src/overlay062/ov62_02239D60.c	between
ov40_02237838	ov62_0223B424	src/overlay062/ov62_02239D60.c	calls
ov40_02237978	ov62_0223B564	src/overlay062/ov62_02239D60.c	calls
ov40_02237AA8	ov62_0223B694	src/overlay062/ov62_02239D60.c	between
ov40_02237AC0	ov62_0223B6AC	src/overlay062/ov62_02239D60.c	called
ov40_02237B7C	ov62_0223B768	src/overlay062/ov62_02239D60.c	called
ov40_02237BD4	ov62_0223B7C0	src/overlay062/ov62_02239D60.c	between
ov40_02237C54	ov62_0223B840	src/overlay062/ov62_02239D60.c	called
ov40_02237C74	ov62_0223B860	src/overlay062/ov62_02239D60.c	called
ov40_02237C9C	ov62_0223B888	src/overlay062/ov62_02239D60.c	called
ov40_02237D6C	ov62_0223B958	src/overlay062/ov62_02239D60.c	called
ov40_02237D94	ov62_0223B980	src/overlay062/ov62_02239D60.c	calls
ov40_02238290	ov62_0223BE7C	src/overlay062/ov62_02239D60.c	called
ov40_02238304	ov62_0223BEF0	src/overlay062/ov62_02239D60.c	called
ov40_02238358	ov62_0223BF44	src/overlay062/ov62_02239D60.c	calls
ov40_022383C8	ov62_0223BFB4	src/overlay062/ov62_02239D60.c	calls
ov40_0223854C	ov62_0223C138	src/overlay062/ov62_02239D60.c	calls
ov40_02238820	ov62_0223C40C	src/overlay062/ov62_02239D60.c	between
ov40_02238838	ov62_0223C424	src/overlay062/ov62_02239D60.c	calls
ov40_02238A50	ov62_0223C63C	src/overlay062/ov62_02239D60.c	calls
ov40_02238BB0	ov62_0223C79C	src/overlay062/ov62_02239D60.c	calls
ov40_02238D5C	ov62_0223C948	src/overlay062/ov62_02239D60.c	calls
ov40_02238EB8	ov62_0223CAA4	src/overlay062/ov62_02239D60.c	between
ov40_02238EBC	ov62_0223CAA8	src/overlay062/ov62_02239D60.c	between
ov40_02238F00	ov62_0223CAEC	src/overlay062/ov62_0223CAEC.c	calls
ov40_02238FF4	ov62_0223CBE0	src/overlay062/ov62_0223CAEC.c	calls
ov40_02239340	ov62_0223CF2C	src/overlay062/ov62_0223CAEC.c	calls
ov40_022393F4	ov62_0223CFE0	src/overlay062/ov62_0223CAEC.c	called
ov40_02239418	ov62_0223D004	src/overlay062/ov62_0223CAEC.c	called
ov40_02239514	ov62_0223D100	src/overlay062/ov62_0223CAEC.c	called
ov40_02239538	ov62_0223D124	src/overlay062/ov62_0223CAEC.c	called
ov40_02239574	ov62_0223D160	src/overlay062/ov62_0223CAEC.c	calls
ov40_022397BC	ov62_0223D3A8	src/overlay062/ov62_0223CAEC.c	called
ov40_02239838	ov62_0223D424	src/overlay062/ov62_0223CAEC.c	calls
ov40_022398F8	ov62_0223D4E4	src/overlay062/ov62_0223CAEC.c	called
ov40_0223992C	ov62_0223D518	src/overlay062/ov62_0223CAEC.c	called
ov40_02239954	ov62_0223D540	src/overlay062/ov62_0223CAEC.c	between
ov40_022399B8	ov62_0223D5A4	src/overlay062/ov62_0223CAEC.c	calls
ov40_02239A58	ov62_0223D644	src/overlay062/ov62_0223CAEC.c	calls
ov40_02239B58	ov62_0223D744	src/overlay062/ov62_0223CAEC.c	calls
ov40_02239EFC	ov62_0223DAE8	src/overlay062/ov62_0223CAEC.c	calls
ov40_0223A034	ov62_0223DC20	src/overlay062/ov62_0223CAEC.c	calls
ov40_0223A080	ov62_0223DC6C	src/overlay062/ov62_0223CAEC.c	calls
ov40_0223A158	ov62_0223DD44	src/overlay062/ov62_0223CAEC.c	calls
ov40_0223A274	ov62_0223DE60	src/overlay062/ov62_0223CAEC.c	between
ov40_0223A280	ov62_0223DE6C	src/overlay062/ov62_0223CAEC.c	calls
ov40_0223A324	ov62_0223DF10	src/overlay062/ov62_0223CAEC.c	between
ov40_0223A360	ov62_0223DF4C	src/overlay062/ov62_0223CAEC.c	between
ov40_0223A3BC	ov62_0223DFA8	src/overlay062/ov62_0223DFA8.c	between
ov40_0223A430	ov62_0223E01C	src/overlay062/ov62_0223DFA8.c	calls
ov40_0223A510	ov62_0223E0FC	src/overlay062/ov62_0223DFA8.c	between
ov40_0223A640	ov62_0223E22C	src/overlay062/ov62_0223DFA8.c	between
ov40_0223A83C	ov62_0223E428	src/overlay062/ov62_0223DFA8.c	called
ov40_0223A85C	ov62_0223E448	src/overlay062/ov62_0223DFA8.c	between
ov40_0223A874	ov62_0223E460	src/overlay062/ov62_0223DFA8.c	between
ov40_0223A924	ov62_0223E510	src/overlay062/ov62_0223DFA8.c	between
ov40_0223AC24	ov62_0223E810	src/overlay062/ov62_0223DFA8.c	between
ov40_0223ACD0	ov62_0223E8BC	src/overlay062/ov62_0223DFA8.c	between
ov40_0223AF24	ov62_0223EB10	src/overlay062/ov62_0223DFA8.c	between
ov40_0223AF3C	ov62_0223EB28	src/overlay062/ov62_0223DFA8.c	calls
ov40_0223B190	ov62_0223ED7C	src/overlay062/ov62_0223DFA8.c	calls
ov40_0223B29C	ov62_0223EE88	src/overlay062/ov62_0223DFA8.c	between
ov40_0223B374	ov62_0223EF60	src/overlay062/ov62_0223DFA8.c	called
ov40_0223B44C	ov62_0223F038	src/overlay062/ov62_0223DFA8.c	called
ov40_0223B480	ov62_0223F06C	src/overlay062/ov62_0223DFA8.c	between
ov40_0223B4BC	ov62_0223F0A8	src/overlay062/ov62_0223DFA8.c	called
ov40_0223B538	ov62_0223F124	src/overlay062/ov62_0223DFA8.c	between
ov40_0223B574	ov62_0223F160	src/overlay062/ov62_0223DFA8.c	between
ov40_0223B5B0	ov62_0223F19C	src/overlay062/ov62_0223DFA8.c	between
ov40_0223B62C	ov62_0223F218	src/overlay062/ov62_0223DFA8.c	calls
ov40_0223B75C	ov62_0223F348	src/overlay062/ov62_0223DFA8.c	between
ov40_0223BA70	ov62_0223F65C	src/overlay062/ov62_0223DFA8.c	between
ov40_0223BB74	ov62_0223F760	src/overlay062/ov62_0223DFA8.c	between
ov40_0223BD98	ov62_0223F984	src/overlay062/ov62_0223DFA8.c	between
ov40_0223BF88	ov62_0223FB74	src/overlay062/ov62_0223DFA8.c	between
ov40_0223C0D8	ov62_0223FCC4	src/overlay062/ov62_0223DFA8.c	calls
ov40_0223C240	ov62_0223FE2C	src/overlay062/ov62_0223DFA8.c	between
ov40_0223C258	ov62_0223FE44	src/overlay062/ov62_0223DFA8.c	between
ov40_0223C3A4	ov62_0223FF90	src/overlay062/ov62_0223DFA8.c	calls
ov40_0223C498	ov62_02240084	src/overlay062/ov62_0223DFA8.c	calls
ov40_0223C710	ov62_022402FC	src/overlay062/ov62_0223DFA8.c	called
ov40_0223C80C	ov62_022403F8	src/overlay062/ov62_0223DFA8.c	calls
ov40_0223CCA0	ov62_0224088C	src/overlay062/ov62_0223DFA8.c	called
ov40_0223CCBC	ov62_022408A8	src/overlay062/ov62_0223DFA8.c	called
ov40_0223CD14	ov62_02240900	src/overlay062/ov62_0223DFA8.c	called
ov40_0223CD58	ov62_02240944	src/overlay062/ov62_0223DFA8.c	called
ov40_0223CE38	ov62_02240A24	src/overlay062/ov62_0223DFA8.c	called
ov40_0223CE64	ov62_02240A50	src/overlay062/ov62_0223DFA8.c	between
ov40_0223CF00	ov62_02240AEC	src/overlay062/ov62_0223DFA8.c	between
ov40_0223CF70	ov62_02240B5C	src/overlay062/ov62_0223DFA8.c	between
ov40_0223CFA8	ov62_02240B94	src/overlay062/ov62_0223DFA8.c	called
ov40_0223D008	ov62_02240BF4	src/overlay062/ov62_0223DFA8.c	called
ov40_0223D1AC	ov62_02240D98	src/overlay062/ov62_0223DFA8.c	called
ov40_0223D1F0	ov62_02240DDC	src/overlay062/ov62_0223DFA8.c	called
ov40_0223D244	ov62_02240E30	src/overlay062/ov62_0223DFA8.c	called
ov40_0223D504	ov62_022410F0	src/overlay062/ov62_0223DFA8.c	called
ov40_0223D540	ov62_0224112C	src/overlay062/ov62_0224112C.c	called
ov40_0223D544	ov62_02241130	src/overlay062/ov62_0224112C.c	between
ov40_0223D5CC	ov62_022411B8	src/overlay062/ov62_0224112C.c	called
ov40_0223D5E8	ov62_022411D4	src/overlay062/ov62_0224112C.c	between
ov40_0223D600	ov62_022411EC	src/overlay062/ov62_0224112C.c	called
ov40_0223D618	ov62_02241204	src/overlay062/ov62_02241204.c	between
ov40_0223D68C	ov62_02241278	src/overlay062/ov62_02241204.c	between
ov40_0223D830	ov62_0224141C	src/overlay062/ov62_02241204.c	between
ov40_0223D874	ov62_02241460	src/overlay062/ov62_02241204.c	calls
ov40_0223D8D4	ov62_022414C0	src/overlay062/ov62_02241204.c	called
ov40_0223DB94	ov62_02241780	src/overlay062/ov62_02241204.c	between
ov40_0223DBD4	ov62_022417C0	src/overlay062/ov62_02241204.c	called
ov40_0223DCF0	ov62_022418DC	src/overlay062/ov62_02241204.c	calls
ov40_0223DD68	ov62_02241954	src/overlay062/ov62_02241204.c	calls
ov40_0223DDE8	ov62_022419D4	src/overlay062/ov62_02241204.c	called
ov40_0223DEB8	ov62_02231B3C	src/overlay062/ov62_02231690.c	calls
ov40_0223DF1C	ov62_02241AA4	src/overlay062/ov62_02241204.c	called
ov40_0223E024	ov62_02241BB8	src/overlay062/ov62_02241204.c	called
ov40_0223E064	ov62_02241BF8	src/overlay062/ov62_02241204.c	called
ov40_0223E0A4	ov62_02241C38	src/overlay062/ov62_02241204.c	between
ov40_0223E190	ov62_02241D24	src/overlay062/ov62_02241204.c	calls
ov40_0223E324	ov62_02241EB4	src/overlay062/ov62_02241204.c	between
ov40_0223E33C	ov62_02241ECC	src/overlay062/ov62_02241204.c	between
ov40_0223E494	ov62_02242024	src/overlay062/ov62_02241204.c	between
ov40_0223E520	ov62_022420B0	src/overlay062/ov62_02241204.c	calls
ov40_0223E6EC	ov62_0224227C	src/overlay062/ov62_02241204.c	between
ov40_0223E730	ov62_022422C0	src/overlay062/ov62_02241204.c	called
ov40_0223E848	ov62_022423D8	src/overlay062/ov62_02241204.c	called
ov40_0223E870	ov62_02242400	src/overlay062/ov62_02241204.c	calls
ov40_0223E9A4	ov62_02242534	src/overlay062/ov62_02241204.c	calls
ov40_0223EBB8	ov62_02242748	src/overlay062/ov62_02241204.c	between
ov40_0223EC40	ov62_022427D0	src/overlay062/ov62_02241204.c	between
ov40_0223EDA8	ov62_02242938	src/overlay062/ov62_02241204.c	called
ov40_0223EDE0	ov62_02242970	src/overlay062/ov62_02241204.c	calls
ov40_0223EFA4	ov62_02242B34	src/overlay062/ov62_02241204.c	between
ov40_0223F028	ov62_02242BB8	src/overlay062/ov62_02241204.c	calls
ov40_0223F16C	ov62_02242CFC	src/overlay062/ov62_02241204.c	calls
ov40_0223F200	ov62_02242D90	src/overlay062/ov62_02241204.c	between
ov40_0223F3E4	ov62_02242F74	src/overlay062/ov62_02241204.c	calls
ov40_0223F59C	ov62_0224312C	src/overlay062/ov62_02241204.c	calls
ov40_0223F6BC	ov62_0224324C	src/overlay062/ov62_02241204.c	between
ov40_0223F830	ov62_022433C0	src/overlay062/ov62_02241204.c	between
ov40_0223F848	ov62_022433D8	src/overlay062/ov62_02241204.c	between
ov40_0223F860	ov62_022433F0	src/overlay062/ov62_02241204.c	between
ov40_0223F880	ov62_02243410	src/overlay062/ov62_02241204.c	calls
ov40_0223F984	ov62_02243514	src/overlay062/ov62_02241204.c	calls
ov40_0223FCA0	ov62_02243830	src/overlay062/ov62_02241204.c	between
ov40_0223FCB8	ov62_02243848	src/overlay062/ov62_02241204.c	between
ov40_0223FCF8	ov62_02243888	src/overlay062/ov62_02241204.c	between
ov40_0223FD38	ov62_022438C8	src/overlay062/ov62_02241204.c	between
ov40_0223FD50	ov62_022438E0	src/overlay062/ov62_02241204.c	between
ov40_0223FD68	ov62_022438F8	src/overlay062/ov62_02241204.c	between
ov40_0223FD80	ov62_02243910	src/overlay062/ov62_02241204.c	between
ov40_0223FD8C	ov62_0224391C	src/overlay062/ov62_02241204.c	between
ov40_0223FF8C	ov62_02243B1C	src/overlay062/ov62_02241204.c	calls
ov40_02240238	ov62_02243DC8	src/overlay062/ov62_02241204.c	between
ov40_02240290	ov62_02243E20	src/overlay062/ov62_02241204.c	calls
ov40_02240418	ov62_02243FA8	src/overlay062/ov62_02241204.c	between
ov40_02240520	ov62_022440B0	src/overlay062/ov62_02241204.c	between
ov40_02240544	ov62_022440D4	src/overlay062/ov62_02241204.c	calls
ov40_022405F0	ov62_02244180	src/overlay062/ov62_02241204.c	between
ov40_022406C8	ov62_02244258	src/overlay062/ov62_02241204.c	calls
ov40_0224085C	ov62_022443EC	src/overlay062/ov62_02241204.c	calls
ov40_022408AC	ov62_0224443C	src/overlay062/ov62_02241204.c	called
ov40_02240910	ov62_022444A0	src/overlay062/ov62_02241204.c	called
ov40_0224092C	ov62_022444BC	src/overlay062/ov62_02241204.c	calls
ov40_02240B40	ov62_022446D0	src/overlay062/ov62_02241204.c	between
ov40_02240B58	ov62_022446E8	src/overlay062/ov62_02241204.c	between
ov40_02240B70	ov62_02244700	src/overlay062/ov62_02241204.c	between
ov40_02240B90	ov62_02244720	src/overlay062/ov62_02241204.c	calls
ov40_02240D50	ov62_022448E0	src/overlay062/ov62_02241204.c	between
ov40_02240E28	ov62_022449B8	src/overlay062/ov62_02241204.c	between
ov40_02240F24	ov62_02244AB4	src/overlay062/ov62_02241204.c	between
ov40_02241054	ov62_02244BE4	src/overlay062/ov62_02241204.c	called
ov40_02241114	ov62_02244CA4	src/overlay062/ov62_02241204.c	called
ov40_02241144	ov62_02244CD4	src/overlay062/ov62_02241204.c	calls
ov40_022413EC	ov62_02244F7C	src/overlay062/ov62_02241204.c	between
ov40_02241404	ov62_02244F94	src/overlay062/ov62_02241204.c	between
ov40_0224141C	ov62_02244FAC	src/overlay062/ov62_02241204.c	between
ov40_02241434	ov62_02244FC4	src/overlay062/ov62_02241204.c	between
ov40_0224144C	ov62_02244FDC	src/overlay062/ov62_02241204.c	between
ov40_02241464	ov62_02244FF4	src/overlay062/ov62_02241204.c	between
ov40_0224147C	ov62_0224500C	src/overlay062/ov62_02241204.c	between
ov40_02241488	ov62_02245018	src/overlay062/ov62_02241204.c	calls
ov40_022417A4	ov62_02245334	src/overlay062/ov62_02241204.c	calls
ov40_022417DC	ov62_0224536C	src/overlay062/ov62_02241204.c	calls
ov40_02241948	ov62_022454D8	src/overlay062/ov62_02241204.c	between
ov40_02241A34	ov62_022455C4	src/overlay062/ov62_02241204.c	called
ov40_02241A54	ov62_022455E4	src/overlay062/ov62_02241204.c	between
ov40_02241AB0	ov62_02245640	src/overlay062/ov62_02241204.c	called
ov40_02241AFC	ov62_0224568C	src/overlay062/ov62_02241204.c	between
ov40_02241BDC	ov62_0224576C	src/overlay062/ov62_02241204.c	between
ov40_02241C10	ov62_022457A0	src/overlay062/ov62_02241204.c	calls
ov40_02241C70	ov62_02245800	src/overlay062/ov62_02241204.c	between
ov40_02241CD8	ov62_02245868	src/overlay062/ov62_02241204.c	between
ov40_02241D10	ov62_022458A0	src/overlay062/ov62_02241204.c	between
ov40_02241E14	ov62_02245968	src/overlay062/ov62_02241204.c	between
ov40_02241E40	ov62_02245994	src/overlay062/ov62_02241204.c	between
ov40_02241ED4	ov62_02245A28	src/overlay062/ov62_02241204.c	between
ov40_02241F3C	ov62_02245A90	src/overlay062/ov62_02241204.c	between
ov40_02241F74	ov62_02245AC8	src/overlay062/ov62_02241204.c	calls
ov40_02241FD0	ov62_02245B24	src/overlay062/ov62_02241204.c	calls
ov40_02242084	ov62_02245BD8	src/overlay062/ov62_02241204.c	called
ov40_022420B4	ov62_02245C08	src/overlay062/ov62_02241204.c	called
ov40_02242110	ov62_02245C64	src/overlay062/ov62_02241204.c	called
ov40_022421FC	ov62_02245D50	src/overlay062/ov62_02241204.c	called
ov40_0224222C	ov62_02245D80	src/overlay062/ov62_02241204.c	called
ov40_02242378	ov62_02245ECC	src/overlay062/ov62_02241204.c	called
ov40_02242490	ov62_02245FE4	src/overlay062/ov62_02241204.c	called
ov40_0224253C	ov62_02246090	src/overlay062/ov62_02241204.c	called
ov40_022425E8	ov62_0224613C	src/overlay062/ov62_02241204.c	called
ov40_022428D4	ov62_02246428	src/overlay062/ov62_02241204.c	calls
ov40_02242AEC	ov62_02246640	src/overlay062/ov62_02241204.c	calls
ov40_02242CFC	ov62_02246850	src/overlay062/ov62_02241204.c	calls
ov40_02242DF0	ov62_02246944	src/overlay062/ov62_02241204.c	between
ov40_02242E14	ov62_02246968	src/overlay062/ov62_02241204.c	between
ov40_02242E48	ov62_0224699C	src/overlay062/ov62_02241204.c	between
ov40_02242E4C	ov62_022469A0	src/overlay062/ov62_02241204.c	called
ov40_02242FAC	ov62_02246B00	src/overlay062/ov62_02246B00.c	calls
ov40_02242FF8	ov62_02246B4C	src/overlay062/ov62_02246B00.c	called
ov40_0224301C	ov62_02246B70	src/overlay062/ov62_02246B00.c	between
ov40_022430A0	ov62_02246BF4	src/overlay062/ov62_02246B00.c	between
ov40_0224320C	ov62_02246D60	src/overlay062/ov62_02246B00.c	called
ov40_02243224	ov62_02246D78	src/overlay062/ov62_02246B00.c	between
ov40_0224326C	ov62_02246DB8	src/overlay062/ov62_02246B00.c	between
ov40_02243284	ov62_02246DD0	src/overlay062/ov62_02246B00.c	between
ov40_022432AC	ov62_02246DF8	src/overlay062/ov62_02246B00.c	calls
ov40_02243538	ov62_02247084	src/overlay062/ov62_02246B00.c	called
ov40_0224355C	ov62_022470A8	src/overlay062/ov62_02246B00.c	calls
ov40_02243614	ov62_02247160	src/overlay062/ov62_02246B00.c	calls
ov40_022436D4	ov62_02247220	src/overlay062/ov62_02246B00.c	between
ov40_022437C0	ov62_0224730C	src/overlay062/ov62_02246B00.c	calls
ov40_0224395C	ov62_022474A8	src/overlay062/ov62_02246B00.c	called
ov40_022439B8	ov62_02247504	src/overlay062/ov62_02246B00.c	called
ov40_022439F4	ov62_02247540	src/overlay062/ov62_02246B00.c	order
ov40_02243A28	ov62_02247574	src/overlay062/ov62_02246B00.c	calls
ov40_02243B94	ov62_02247694	src/overlay062/ov62_02246B00.c	calls
ov40_02243C54	ov62_02247754	src/overlay062/ov62_02246B00.c	calls
ov40_02243D64	ov62_0224784C	src/overlay062/ov62_02246B00.c	between
ov40_02243E80	ov62_02247968	src/overlay062/ov62_02246B00.c	called
ov40_02243EB0	ov62_02247518	src/overlay062/ov62_02246B00.c	called
ov40_02243EEC	ov62_022479D4	src/overlay062/ov62_02246B00.c	called
ov40_02243F38	ov62_02247A20	src/overlay062/ov62_02246B00.c	between
ov40_02243F88	ov62_02247A70	src/overlay062/ov62_02246B00.c	calls
ov40_02244054	ov62_02247B3C	src/overlay062/ov62_02246B00.c	order
ov40_02244060	ov62_02247B48	src/overlay062/ov62_02246B00.c	order
ov40_022440A0	ov62_02247B88	src/overlay062/ov62_02246B00.c	order
ov40_022441F8	ov62_02247CE0	src/overlay062/ov62_02246B00.c	called
ov40_0224428C	ov62_02247D74	src/overlay062/ov62_02247D74.c	called
ov40_022442CC	ov62_02247DB4	src/overlay062/ov62_02247D74.c	called
ov40_022442F0	ov62_02247DD8	src/overlay062/ov62_02247D74.c	calls
ov40_022443B4	ov62_02247E9C	src/overlay062/ov62_02247D74.c	called
ov40_02244494	ov62_02247F7C	src/overlay062/ov62_02247D74.c	called
ov40_022444C0	ov62_02247FA8	src/overlay062/ov62_02247D74.c	between
ov40_02244514	ov62_02247FFC	src/overlay062/ov62_02247D74.c	calls
ov40_0224462C	ov62_02248114	src/overlay062/ov62_02247D74.c	calls
ov40_0224483C	ov62_02248324	src/overlay062/ov62_02247D74.c	between
ov40_02244920	ov62_02248408	src/overlay062/ov62_02248408.c	between
ov40_02244A84	ov62_0224856C	src/overlay062/ov62_02248408.c	calls
ov40_02244AB0	ov62_02248598	src/overlay062/ov62_02248408.c	called
ov40_02244B3C	ov62_02248624	src/overlay062/ov62_02248408.c	between
ov40_02244B70	ov62_02248658	src/overlay062/ov62_02248408.c	called
ov40_02244BBC	ov62_022486A4	src/overlay062/ov62_02248408.c	called
ov41_02245EE0	ov22_02254E20	src/overlay022/ov22_02254DE0.c	called
ov41_02245F04	ov22_02254E44	src/overlay022/ov22_02254DE0.c	called
ov41_02245F14	ov22_02254E54	src/overlay022/ov22_02254DE0.c	order
ov41_02245F9C	ov22_02254EF4	src/overlay022/ov22_02254DE0.c	called
ov41_02245FA8	ov22_02254F00	src/overlay022/ov22_02254DE0.c	called
ov41_02245FD8	ov22_02254F30	src/overlay022/ov22_02254DE0.c	called
ov41_02246008	ov22_02254F60	src/overlay022/ov22_02254DE0.c	order
ov41_02246014	ov22_02254F78	src/overlay022/ov22_02254DE0.c	order
ov41_02246020	ov22_02254F84	src/overlay022/ov22_02254DE0.c	order
ov41_0224607C	ov22_02254FE0	src/overlay022/ov22_02254DE0.c	order
ov41_022460A8	ov22_0225500C	src/overlay022/ov22_02254DE0.c	order
ov41_022460DC	ov22_02255040	src/overlay022/ov22_02254DE0.c	between
ov41_02246130	ov22_02255094	src/overlay022/ov22_02255094.c	order
ov41_02246150	ov22_022550B4	src/overlay022/ov22_02255094.c	called
ov41_02246170	ov22_022550D4	src/overlay022/ov22_02255094.c	between
ov41_022461D0	ov22_02255134	src/overlay022/ov22_02255094.c	between
ov41_0224621C	ov22_02255180	src/overlay022/ov22_02255094.c	calls
ov41_02246250	ov22_022551B4	src/overlay022/ov22_02255094.c	between
ov41_0224626C	ov22_022551D0	src/overlay022/ov22_02255094.c	between
ov41_02246280	ov22_022551E4	src/overlay022/ov22_02255094.c	between
ov41_022462E4	ov22_02255248	src/overlay022/ov22_02255094.c	between
ov41_02246304	ov22_02255268	src/overlay022/ov22_02255094.c	between
ov41_02246328	ov22_0225528C	src/overlay022/ov22_02255094.c	between
ov41_02246344	ov22_022552A8	src/overlay022/ov22_02255094.c	between
ov41_02246360	ov22_022552C4	src/overlay022/ov22_02255094.c	between
ov41_02246374	ov22_022552D8	src/overlay022/ov22_02255094.c	between
ov41_02246388	ov22_022552EC	src/overlay022/ov22_02255094.c	between
ov41_0224639C	ov22_02255300	src/overlay022/ov22_02255094.c	between
ov41_022463B0	ov22_02255314	src/overlay022/ov22_02255094.c	between
ov41_022463D4	ov22_02255338	src/overlay022/ov22_02255094.c	between
ov41_022463DC	ov22_02255340	src/overlay022/ov22_02255094.c	called
ov41_022463FC	ov22_02255360	src/overlay022/ov22_02255094.c	between
ov41_0224642C	ov22_02255390	src/overlay022/ov22_02255094.c	between
ov41_02246494	ov22_022553F8	src/overlay022/ov22_02255094.c	calls
ov41_022464AC	ov22_02255410	src/overlay022/ov22_02255094.c	between
ov41_022464BC	ov22_02255420	src/overlay022/ov22_02255094.c	between
ov41_02246518	ov22_0225547C	src/overlay022/ov22_02255094.c	between
ov41_02246544	ov22_022554A8	src/overlay022/ov22_02255094.c	between
ov41_02246594	ov22_022554F8	src/overlay022/ov22_02255094.c	between
ov41_022465C0	ov22_02255524	src/overlay022/ov22_02255094.c	between
ov41_022465CC	ov22_02255530	src/overlay022/ov22_02255094.c	between
ov41_022465D8	ov22_0225553C	src/overlay022/ov22_02255094.c	between
ov41_02246670	ov22_022555D4	src/overlay022/ov22_02255094.c	calls
ov41_02246698	ov22_022555FC	src/overlay022/ov22_02255094.c	calls
ov41_022466B8	ov22_0225561C	src/overlay022/ov22_02255094.c	calls
ov41_022466C8	ov22_0225562C	src/overlay022/ov22_02255094.c	between
ov41_022466D0	ov22_02255634	src/overlay022/ov22_02255094.c	called
ov41_022466F0	ov22_02255654	src/overlay022/ov22_02255094.c	called
ov41_02246778	ov22_022556DC	src/overlay022/ov22_02255094.c	calls
ov41_022467C8	ov22_0225572C	src/overlay022/ov22_02255094.c	order
ov41_022467E4	ov22_02255748	src/overlay022/ov22_02255094.c	called
ov41_02246820	ov22_02255784	src/overlay022/ov22_02255094.c	called
ov41_02246830	ov22_02255794	src/overlay022/ov22_02255094.c	called
ov41_0224683C	ov22_022557A0	src/overlay022/ov22_02255094.c	called
ov41_0224689C	ov22_02255800	src/overlay022/ov22_02255094.c	called
ov41_022468FC	ov22_02255860	src/overlay022/ov22_02255094.c	called
ov41_02246A20	ov22_02255984	src/overlay022/ov22_02255094.c	called
ov41_02246A50	ov22_022559B4	src/overlay022/ov22_02255094.c	called
ov41_02246A7C	ov22_022559E0	src/overlay022/ov22_02255094.c	called
ov41_02246A94	ov22_022559F8	src/overlay022/ov22_02255094.c	called
ov41_02246B34	ov22_02255A98	src/overlay022/ov22_02255094.c	called
ov41_02246B5C	ov22_02255AC0	src/overlay022/ov22_02255094.c	called
ov41_02246B68	ov22_02255ACC	src/overlay022/ov22_02255094.c	called
ov41_02246BEC	ov22_02255B50	src/overlay022/ov22_02255094.c	called
ov41_02246C90	ov22_02255BF4	src/overlay022/ov22_02255094.c	called
ov41_02246CB0	ov22_02255C14	src/overlay022/ov22_02255094.c	called
ov41_02246CC0	ov22_02255C24	src/overlay022/ov22_02255094.c	called
ov41_02246D2C	ov22_02255C90	src/overlay022/ov22_02255094.c	called
ov41_02246D54	ov22_02255CB8	src/overlay022/ov22_02255094.c	called
ov41_02246DA8	ov22_02255D0C	src/overlay022/ov22_02255094.c	called
ov41_02246DE0	ov22_02255D44	src/overlay022/ov22_02255D44.c	calls
ov41_02246F08	ov22_02255E50	src/overlay022/ov22_02255D44.c	order
ov41_02247150	ov22_02256098	src/overlay022/ov22_02255D44.c	order
ov41_02247240	ov22_022566C0	src/overlay022/ov22_02255D44.c	order
ov41_0224726C	ov22_022566EC	src/overlay022/ov22_02255D44.c	order
ov41_02247274	ov22_022566F4	src/overlay022/ov22_02255D44.c	order
ov41_02247288	ov22_02256708	src/overlay022/ov22_02255D44.c	order
ov41_02247310	ov22_022567D8	src/overlay022/ov22_02255D44.c	order
ov41_02247334	ov22_022567FC	src/overlay022/ov22_02255D44.c	calls
ov41_022473F0	ov22_022568B8	src/overlay022/ov22_02255D44.c	order
ov41_02247414	ov22_022568DC	src/overlay022/ov22_02255D44.c	order
ov41_02247478	ov22_02256940	src/overlay022/ov22_02255D44.c	order
ov41_02247480	ov22_02256948	src/overlay022/ov22_02255D44.c	called
ov41_022474C4	ov22_0225698C	src/overlay022/ov22_02255D44.c	order
ov41_022474D4	ov22_02256A28	src/overlay022/ov22_02255D44.c	order
ov41_02247568	ov22_02256AB4	src/overlay022/ov22_02255D44.c	order
ov41_02247578	ov22_02256AC4	src/overlay022/ov22_02255D44.c	order
ov41_02247588	ov22_02256AD4	src/overlay022/ov22_02255D44.c	order
ov41_02247598	ov22_02256AE4	src/overlay022/ov22_02255D44.c	order
ov41_022475B4	ov22_02256B04	src/overlay022/ov22_02255D44.c	between
ov41_022475D4	ov22_02256B24	src/overlay022/ov22_02255D44.c	order
ov41_022475F4	ov22_02256B44	src/overlay022/ov22_02255D44.c	order
ov41_02247628	ov22_02256B78	src/overlay022/ov22_02255D44.c	order
ov41_0224765C	ov22_02256BF4	src/overlay022/ov22_02255D44.c	order
ov41_022476A8	ov22_02256C38	src/overlay022/ov22_02255D44.c	order
ov41_022476B8	CreatePokemonPreviewTask	src/render_window.c	calls
ov41_022476E0	ov22_02256C70	src/overlay022/ov22_02255D44.c	order
ov41_02247828	ov22_02256DB8	src/overlay022/ov22_02255D44.c	order
ov41_02247850	ov22_02256DE0	src/overlay022/ov22_02255D44.c	order
ov41_022479A8	ov22_02256F38	src/overlay022/ov22_02255D44.c	order
ov41_02247A48	ov22_02257098	src/overlay022/ov22_02255D44.c	order
ov41_02247AB4	ov22_022571D4	src/overlay022/ov22_02255D44.c	order
ov41_02247B5C	ov22_02257258	src/overlay022/ov22_02255D44.c	order
ov41_02247B7C	ov22_02257278	src/overlay022/ov22_02255D44.c	order
ov41_02247BB8	ov22_022572A0	src/overlay022/ov22_02255D44.c	calls
ov41_02247C7C	ov22_02257368	src/overlay022/ov22_02255D44.c	called
ov41_02247D00	ov22_022574B0	src/overlay022/ov22_02255D44.c	order
ov41_02247D1C	ov22_022574CC	src/overlay022/ov22_02255D44.c	order
ov41_02247D34	ov22_022574E4	src/overlay022/ov22_02255D44.c	order
ov41_02247D3C	ov22_022574EC	src/overlay022/ov22_02255D44.c	called
ov41_02247D44	ov22_02257564	src/overlay022/ov22_02255D44.c	called
ov41_02247D64	ov22_022575B4	src/overlay022/ov22_02255D44.c	called
ov41_02247DF8	ov22_02257624	src/overlay022/ov22_02255D44.c	called
ov41_02247E34	ov22_022577EC	src/overlay022/ov22_02255D44.c	called
ov41_02247F3C	ov22_022578F4	src/overlay022/ov22_022578F4.c	called
ov41_02247F90	ov22_02257948	src/overlay022/ov22_022578F4.c	called
ov41_02247FAC	ov22_02257964	src/overlay022/ov22_022578F4.c	calls
ov41_02247FE0	ov22_02257998	src/overlay022/ov22_022578F4.c	called
ov41_02247FFC	ov22_022579B4	src/overlay022/ov22_022578F4.c	called
ov41_02248020	ov22_022579D8	src/overlay022/ov22_022578F4.c	called
ov41_02248030	ov22_022579E8	src/overlay022/ov22_022578F4.c	called
ov41_02248038	ov22_0225768C	src/overlay022/ov22_02255D44.c	order
ov41_02248044	ov22_022579FC	src/overlay022/ov22_022578F4.c	order
ov41_022480A4	ov22_02257A5C	src/overlay022/ov22_022578F4.c	order
ov41_022480C8	ov22_02257A80	src/overlay022/ov22_022578F4.c	called
ov41_022480E0	ov22_02257A98	src/overlay022/ov22_022578F4.c	called
ov41_022480F8	ov22_02257AB0	src/overlay022/ov22_022578F4.c	called
ov41_02248114	ov22_02257ACC	src/overlay022/ov22_022578F4.c	called
ov41_02248120	ov22_02257B1C	src/overlay022/ov22_022578F4.c	order
ov41_02248158	ov22_02257B10	src/overlay022/ov22_022578F4.c	called
ov41_02248164	ov22_02257B74	src/overlay022/ov22_022578F4.c	order
ov41_022481BC	ov22_02257BE8	src/overlay022/ov22_022578F4.c	order
ov41_022481D8	ov22_02257C04	src/overlay022/ov22_022578F4.c	order
ov41_022481F4	ov22_02257C20	src/overlay022/ov22_022578F4.c	order
ov41_0224825C	ov22_02257C88	src/overlay022/ov22_022578F4.c	called
ov41_022482A8	ov22_02257CD4	src/overlay022/ov22_022578F4.c	called
ov41_022482B4	ov22_02257D00	src/overlay022/ov22_022578F4.c	order
ov41_022482B8	ov22_02257D04	src/overlay022/ov22_022578F4.c	order
ov41_02248324	ov22_02257DEC	src/overlay022/ov22_022578F4.c	order
ov41_02248ED4	ov22_0225899C	src/overlay022/ov22_0225894C.c	called
ov41_02248EE8	ov22_022589B0	src/overlay022/ov22_0225894C.c	order
ov41_02248EF4	ov22_022589BC	src/overlay022/ov22_0225894C.c	order
ov41_02248F18	ov22_022589E0	src/overlay022/ov22_022589E0.c	order
ov41_02248F6C	ov22_02258A34	src/overlay022/ov22_022589E0.c	order
ov41_02248F80	ov22_02258A48	src/overlay022/ov22_022589E0.c	order
ov41_022490AC	ov22_02258B74	src/overlay022/ov22_022589E0.c	order
ov41_022490B0	ov22_02258B78	src/overlay022/ov22_022589E0.c	between
ov41_022490F0	ov22_02258BB8	src/overlay022/ov22_022589E0.c	order
ov41_02249280	ov22_02258D4C	src/overlay022/ov22_022589E0.c	order
ov41_022492B0	ov22_02258D7C	src/overlay022/ov22_022589E0.c	order
ov41_022492E0	ov22_02258DAC	src/overlay022/ov22_022589E0.c	order
ov41_02249390	ov22_02258E5C	src/overlay022/ov22_022589E0.c	order
ov41_022493BC	ov22_02258E88	src/overlay022/ov22_022589E0.c	called
ov41_02249418	ov22_02258EE4	src/overlay022/ov22_022589E0.c	order
ov41_0224942C	ov22_02258EF8	src/overlay022/ov22_022589E0.c	order
ov41_0224946C	ov22_02258F38	src/overlay022/ov22_022589E0.c	order
ov41_02249480	ov22_022598F4	src/overlay022/ov22_022597BC.c	calls
ov41_022494F4	ov22_02258FC0	src/overlay022/ov22_022589E0.c	order
ov41_02249574	ov22_02259040	src/overlay022/ov22_022589E0.c	order
ov41_022495A4	ov22_02259074	src/overlay022/ov22_022589E0.c	order
ov41_022495C8	ov22_02259098	src/overlay022/ov22_02259098.c	calls
ov41_022495F0	ov22_022590C0	src/overlay022/ov22_02259098.c	order
ov41_02249604	ov22_022590D4	src/overlay022/ov22_02259098.c	order
ov41_022496E8	ov22_0225771C	src/overlay022/ov22_02255D44.c	called
ov41_02249700	ov22_022591D0	src/overlay022/ov22_02259098.c	order
ov41_02249710	ov22_022591E0	src/overlay022/ov22_02259098.c	called
ov41_0224971C	ov22_022591EC	src/overlay022/ov22_02259098.c	calls
ov41_02249768	ov22_02259238	src/overlay022/ov22_02259098.c	between
ov41_02249774	ov22_02259244	src/overlay022/ov22_02259098.c	between
ov41_02249780	ov22_02259250	src/overlay022/ov22_02259098.c	called
ov41_022497A0	ov22_02259270	src/overlay022/ov22_02259098.c	called
ov41_022497A8	ov22_02259278	src/overlay022/ov22_02259098.c	between
ov41_02249820	ov22_022592F0	src/overlay022/ov22_02259098.c	called
ov41_02249888	ov22_02259358	src/overlay022/ov22_02259098.c	between
ov41_0224989C	ov22_0225936C	src/overlay022/ov22_02259098.c	called
ov41_022498E8	ov22_022593B8	src/overlay022/ov22_02259098.c	called
ov41_02249978	ov22_02259448	src/overlay022/ov22_02259098.c	called
ov41_022499B4	ov22_02259484	src/overlay022/ov22_02259484.c	order
ov41_022499DC	ov22_022594AC	src/overlay022/ov22_02259484.c	order
ov41_022499F0	ov22_022594C0	src/overlay022/ov22_02259484.c	called
ov41_02249A40	ov22_02259510	src/overlay022/ov22_02259484.c	called
ov41_02249A50	ov22_02259520	src/overlay022/ov22_02259484.c	called
ov41_02249A60	ov22_02259530	src/overlay022/ov22_02259484.c	called
ov41_02249A70	ov22_02259540	src/overlay022/ov22_02259484.c	order
ov41_02249A90	ov22_02259560	src/overlay022/ov22_02259560.c	order
ov41_02249AA8	ov22_022595AC	src/overlay022/ov22_02259560.c	called
ov41_02249AF4	ov22_022595F8	src/overlay022/ov22_02259560.c	calls
ov41_02249B44	Bg_GetXOffset	src/bg_window.c	called
ov41_02249B94	ov22_02259698	src/overlay022/ov22_02259560.c	called
ov41_02249BAC	ov22_022596B0	src/overlay022/ov22_02259560.c	called
ov41_02249BE8	ov22_02254F6C	src/overlay022/ov22_02254DE0.c	called
ov41_02249C20	ov22_02259724	src/overlay022/ov22_02259560.c	called
ov41_02249C7C	ov22_022597BC	src/overlay022/ov22_022597BC.c	called
ov41_02249CC4	ov22_02259804	src/overlay022/ov22_022597BC.c	calls
ov41_02249CE0	ov22_02259820	src/overlay022/ov22_022597BC.c	between
ov41_02249CF8	ov22_02259838	src/overlay022/ov22_022597BC.c	calls
ov41_02249D60	ov22_022598A0	src/overlay022/ov22_022597BC.c	calls
ov41_02249E40	ov22_02259980	src/overlay022/ov22_022597BC.c	order
ov41_02249E60	ov22_022599A0	src/overlay022/ov22_022597BC.c	calls
ov41_02249F0C	ov22_02259A4C	src/overlay022/ov22_022597BC.c	between
ov41_02249F7C	ov22_02259ABC	src/overlay022/ov22_022597BC.c	called
ov41_02249FFC	ov22_02259B3C	src/overlay022/ov22_022597BC.c	called
ov41_0224A04C	ov22_02259B8C	src/overlay022/ov22_022597BC.c	called
ov41_0224A094	ov22_02259BD4	src/overlay022/ov22_022597BC.c	order
ov41_0224A0D0	ov22_02259C10	src/overlay022/ov22_022597BC.c	order
ov41_0224A118	ov22_02259C58	src/overlay022/ov22_02259C58.c	called
ov41_0224A15C	ov22_02259C9C	src/overlay022/ov22_02259C58.c	order
ov41_0224A1A8	ov22_02259CE8	src/overlay022/ov22_02259C58.c	called
ov41_0224A1C0	ov22_02259D00	src/overlay022/ov22_02259C58.c	order
ov41_0224A1DC	ov22_02259D1C	src/overlay022/ov22_02259C58.c	between
ov41_0224A1EC	ov22_02259D2C	src/overlay022/ov22_02259C58.c	order
ov41_0224A238	ov22_02259D78	src/overlay022/ov22_02259C58.c	between
ov41_0224A254	ov22_02259D94	src/overlay022/ov22_02259C58.c	order
ov41_0224A258	ov22_02259D98	src/overlay022/ov22_02259C58.c	called
ov41_0224A264	ov22_02259DA4	src/overlay022/ov22_02259C58.c	called
ov41_0224A270	ov22_02259DB0	src/overlay022/ov22_02259C58.c	called
ov41_0224A27C	ov22_02259DBC	src/overlay022/ov22_02259C58.c	called
ov41_0224A3E4	ov22_02259F24	src/overlay022/ov22_02259C58.c	called
ov41_0224A54C	ov22_02259F88	src/overlay022/ov22_02259C58.c	called
ov41_0224A580	ov22_02259FA0	src/overlay022/ov22_02259C58.c	called
ov41_0224A5A4	ov22_02259FC4	src/overlay022/ov22_02259C58.c	called
ov41_0224A5D4	ov22_02259FF4	src/overlay022/ov22_02259C58.c	called
ov41_0224A60C	ov22_0225A02C	src/overlay022/ov22_02259C58.c	order
ov41_0224A6C4	ov22_0225A0E4	src/overlay022/ov22_02259C58.c	order
ov41_0224A734	ov22_0225A154	src/overlay022/ov22_02259C58.c	order
ov41_0224A7E0	ov22_0225A200	src/overlay022/ov22_02259C58.c	order
ov41_0224A7F8	ov22_0225A218	src/overlay022/ov22_02259C58.c	order
ov41_0224A888	ov22_0225A2A8	src/overlay022/ov22_02259C58.c	order
ov41_0224A8B0	ov22_0225A2D0	src/overlay022/ov22_02259C58.c	order
ov41_0224A8D4	ov22_0225A2F4	src/overlay022/ov22_02259C58.c	calls
ov41_0224A918	ov22_0225A338	src/overlay022/ov22_02259C58.c	order
ov41_0224A928	ov22_0225A348	src/overlay022/ov22_02259C58.c	order
ov41_0224A9B0	ov22_0225A3D0	src/overlay022/ov22_02259C58.c	order
ov41_0224A9BC	ov22_0225A3DC	src/overlay022/ov22_02259C58.c	called
ov41_0224A9F8	ov22_0225A418	src/overlay022/ov22_02259C58.c	order
ov41_0224AA08	ov22_0225A428	src/overlay022/ov22_0225A428.c	called
ov41_0224AB40	ov22_0225A560	src/overlay022/ov22_0225A428.c	called
ov41_0224ABF0	ov22_0225A610	src/overlay022/ov22_0225A428.c	called
ov41_0224AC08	ov22_0225A628	src/overlay022/ov22_0225A428.c	called
ov41_0224AC40	ov22_0225A660	src/overlay022/ov22_0225A428.c	called
ov41_0224AC80	ov22_0225A6A0	src/overlay022/ov22_0225A428.c	called
ov41_0224AC98	ov22_0225A6D4	src/overlay022/ov22_0225A428.c	order
ov41_0224ACA4	ov22_0225A6E0	src/overlay022/ov22_0225A428.c	order
ov41_0224ACDC	ov22_0225A718	src/overlay022/ov22_0225A428.c	calls
ov41_0224AD0C	ov22_0225A748	src/overlay022/ov22_0225A428.c	order
ov41_0224AD7C	ov22_0225A7B8	src/overlay022/ov22_0225A428.c	order
ov41_0224AD84	ov22_0225A7C0	src/overlay022/ov22_0225A428.c	called
ov41_0224AD90	ov83_0223DF84	src/overlay083/ov83_0223D6A8.c	calls
ov41_0224ADD8	ov22_0225A814	src/overlay022/ov22_0225A428.c	order
ov41_0224AE24	ov83_0223E21C	src/overlay083/ov83_0223D6A8.c	called
ov41_0224AE78	ov22_0225A8B4	src/overlay022/ov22_0225A428.c	order
ov41_0224AED8	ov22_0225A914	src/overlay022/ov22_0225A428.c	order
ov41_0224AF8C	ov22_0225AF34	src/overlay022/ov22_0225A428.c	called
ov41_0224AFD4	ov22_0225AA10	src/overlay022/ov22_0225A428.c	order
ov41_0224AFF8	ov22_0225AA34	src/overlay022/ov22_0225A428.c	order
ov41_0224B084	ov22_0225AAC0	src/overlay022/ov22_0225A428.c	called
ov41_0224B0B8	ov22_0225AAF4	src/overlay022/ov22_0225A428.c	order
ov41_0224B118	ov22_0225AB54	src/overlay022/ov22_0225A428.c	order
ov41_0224B21C	ov22_0225AC58	src/overlay022/ov22_0225A428.c	order
ov41_0224B250	ov22_0225AC8C	src/overlay022/ov22_0225A428.c	order
ov41_0224B270	ov22_0225ACBC	src/overlay022/ov22_0225A428.c	order
ov41_0224B298	ov22_0225ACE4	src/overlay022/ov22_0225A428.c	order
ov41_0224B310	ov22_0225AD5C	src/overlay022/ov22_0225A428.c	order
ov41_0224B31C	ov22_0225AD68	src/overlay022/ov22_0225A428.c	order
ov41_0224B32C	ov22_0225AD78	src/overlay022/ov22_0225A428.c	called
ov41_0224B374	ov22_0225ADC0	src/overlay022/ov22_0225A428.c	called
ov41_0224B450	ov22_0225AE9C	src/overlay022/ov22_0225A428.c	calls
ov41_0224B4E8	ov22_0225AF44	src/overlay022/ov22_0225AF44.c	called
ov41_0224B50C	ov22_0225AF68	src/overlay022/ov22_0225AF44.c	called
ov41_0224B518	ov22_0225AF74	src/overlay022/ov22_0225AF44.c	called
ov41_0224B530	ov22_0225AFD4	src/overlay022/ov22_0225AF8C.c	order
ov41_0224B554	ov22_0225AFF8	src/overlay022/ov22_0225AF8C.c	called
ov41_0224B57C	ov22_0225B020	src/overlay022/ov22_0225AF8C.c	called
ov41_0224B5C8	ov22_0225B06C	src/overlay022/ov22_0225AF8C.c	order
ov41_0224B5D0	ov22_0225B07C	src/overlay022/ov22_0225AF8C.c	order
ov41_0224B5D8	ov22_0225B080	src/overlay022/ov22_0225AF8C.c	order
ov41_0224B630	ov22_0225B258	src/overlay022/ov22_0225AF8C.c	called
ov41_0224B6CC	ov22_0225B2D4	src/overlay022/ov22_0225AF8C.c	order
ov41_0224B720	ov22_0225B328	src/overlay022/ov22_0225AF8C.c	order
ov41_0224B754	ov22_0225B35C	src/overlay022/ov22_0225AF8C.c	order
ov41_0224B780	ov22_0225B388	src/overlay022/ov22_0225AF8C.c	order
ov41_0224B848	ov22_0225B450	src/overlay022/ov22_0225AF8C.c	order
ov41_0224B85C	ov22_0225B464	src/overlay022/ov22_0225AF8C.c	order
ov41_0224B878	ov22_0225B480	src/overlay022/ov22_0225AF8C.c	order
ov41_0224B888	ov22_0225B490	src/overlay022/ov22_0225AF8C.c	order
ov41_0224B8DC	ov22_0225B4E4	src/overlay022/ov22_0225AF8C.c	called
ov41_0224B8F0	ov22_0225B540	src/overlay022/ov22_0225AF8C.c	called
ov41_0224B938	ov22_0225B588	src/overlay022/ov22_0225AF8C.c	order
ov41_0224B958	ov22_0225B5A8	src/overlay022/ov22_0225AF8C.c	order
ov41_0224BBF0	ov22_0225B848	src/overlay022/ov22_0225B660.c	between
ov41_0224BC04	ov22_0225B85C	src/overlay022/ov22_0225B660.c	between
ov41_0224BCA4	ov22_0225B910	src/overlay022/ov22_0225B660.c	between
ov41_0224BCF0	ov22_0225B964	src/overlay022/ov22_0225B660.c	between
ov41_0224BD8C	ov22_0225BA00	src/overlay022/ov22_0225B660.c	called
ov41_0224BDCC	ov22_0225BA40	src/overlay022/ov22_0225B660.c	calls
ov43_0222A148	ov64_0222DF3C	src/overlay064/ov64_0222DCE0.c	order
ov43_0222A154	ov64_0222DF48	src/overlay064/ov64_0222DCE0.c	order
ov43_0222A1DC	ov64_0222DFD0	src/overlay064/ov64_0222DCE0.c	order
ov43_0222A2F0	ov64_0222E060	src/overlay064/ov64_0222DCE0.c	order
ov43_0222A320	ov64_0222E074	src/overlay064/ov64_0222DCE0.c	order
ov43_0222A338	ov64_0222E07C	src/overlay064/ov64_0222DCE0.c	calls
ov43_0222A358	ov64_0222E09C	src/overlay064/ov64_0222DCE0.c	between
ov43_0222A414	ov64_0222E158	src/overlay064/ov64_0222DCE0.c	between
ov43_0222A41C	ov64_0222E160	src/overlay064/ov64_0222DCE0.c	between
ov43_0222A420	ov64_0222E164	src/overlay064/ov64_0222DCE0.c	calls
ov43_0222A48C	ov64_0222E1A4	src/overlay064/ov64_0222DCE0.c	called
ov43_0222A500	ov64_0222E21C	src/overlay064/ov64_0222DCE0.c	between
ov43_0222A50C	ov64_0222E228	src/overlay064/ov64_0222DCE0.c	called
ov43_0222A520	ov64_0222E23C	src/overlay064/ov64_0222DCE0.c	called
ov43_0222A550	ov64_0222E270	src/overlay064/ov64_0222DCE0.c	between
ov43_0222A570	ov64_0222E290	src/overlay064/ov64_0222DCE0.c	calls
ov43_0222A66C	ov64_0222E3AC	src/overlay064/ov64_0222DCE0.c	between
ov43_0222A690	ov64_0222E3D8	src/overlay064/ov64_0222DCE0.c	between
ov43_0222A81C	ov64_0222E570	src/overlay064/ov64_0222DCE0.c	calls
ov43_0222A998	ov64_0222E6D8	src/overlay064/ov64_0222DCE0.c	order
ov43_0222A9D8	ov64_0222E71C	src/overlay064/ov64_0222DCE0.c	order
ov43_0222A9F4	ov64_0222E738	src/overlay064/ov64_0222DCE0.c	order
ov43_0222AA70	ov64_0222E7C8	src/overlay064/ov64_0222DCE0.c	order
ov43_0222AAA4	ov64_0222E7F8	src/overlay064/ov64_0222DCE0.c	called
ov43_0222AB20	ov64_0222E880	src/overlay064/ov64_0222DCE0.c	called
ov43_0222AB5C	ov64_0222E8C0	src/overlay064/ov64_0222DCE0.c	between
ov43_0222AB94	ov64_0222E8FC	src/overlay064/ov64_0222DCE0.c	calls
ov43_0222ABFC	ov64_0222E970	src/overlay064/ov64_0222DCE0.c	order
ov43_0222AC18	ov64_0222E990	src/overlay064/ov64_0222DCE0.c	order
ov43_0222AC28	ov64_0222E9A4	src/overlay064/ov64_0222DCE0.c	order
ov43_0222ACDC	ov64_0222EA0C	src/overlay064/ov64_0222DCE0.c	order
ov43_0222AD00	ov64_0222EA28	src/overlay064/ov64_0222DCE0.c	order
ov43_0222AD20	ov64_0222EA48	src/overlay064/ov64_0222DCE0.c	order
ov43_0222AE5C	ov64_0222EA68	src/overlay064/ov64_0222DCE0.c	order
ov43_0222AE64	ov64_0222EA70	src/overlay064/ov64_0222DCE0.c	order
ov43_0222B098	ov64_0222EC8C	src/overlay064/ov64_0222DCE0.c	order
ov43_0222B0A0	ov64_0222EC94	src/overlay064/ov64_0222DCE0.c	called
ov43_0222B1D8	ov64_0222EE00	src/overlay064/ov64_0222DCE0.c	called
ov43_0222B1FC	ov64_0222EE20	src/overlay064/ov64_0222DCE0.c	order
ov43_0222B278	ov64_0222EE84	src/overlay064/ov64_0222DCE0.c	calls
ov43_0222B3C4	ov64_0222EF08	src/overlay064/ov64_0222DCE0.c	order
ov43_0222B458	ov64_0222EF64	src/overlay064/ov64_0222DCE0.c	calls
ov43_0222B4BC	ov64_0222EFBC	src/overlay064/ov64_0222DCE0.c	between
ov43_0222B534	ov64_0222F038	src/overlay064/ov64_0222DCE0.c	between
ov43_0222B55C	ov64_0222F050	src/overlay064/ov64_0222DCE0.c	between
ov43_0222B574	ov64_0222F068	src/overlay064/ov64_0222DCE0.c	calls
ov43_0222B5A8	ov64_0222F09C	src/overlay064/ov64_0222DCE0.c	order
ov43_0222B5D0	ov64_0222F0C4	src/overlay064/ov64_0222DCE0.c	order
ov43_0222B93C	ov64_0222F40C	src/overlay064/ov64_0222DCE0.c	order
ov43_0222B944	ov64_0222F414	src/overlay064/ov64_0222DCE0.c	called
ov43_0222BAB8	ov64_0222F5F4	src/overlay064/ov64_0222DCE0.c	called
ov43_0222BB20	ov64_0222F668	src/overlay064/ov64_0222DCE0.c	order
ov43_0222BBB8	ov64_0222F6E8	src/overlay064/ov64_0222DCE0.c	order
ov43_0222BFD4	ov64_0222F8F8	src/overlay064/ov64_0222DCE0.c	order
ov43_0222C024	ov64_0222F948	src/overlay064/ov64_0222DCE0.c	order
ov43_0222C148	ov64_0222FA70	src/overlay064/ov64_0222DCE0.c	order
ov43_0222C228	ov64_0222FB24	src/overlay064/ov64_0222DCE0.c	between
ov43_0222C2B0	ov64_0222FBA4	src/overlay064/ov64_0222DCE0.c	calls
ov43_0222C32C	ov64_0222FC1C	src/overlay064/ov64_0222DCE0.c	calls
ov43_0222C358	ov64_0222FC48	src/overlay064/ov64_0222DCE0.c	between
ov43_0222C378	ov64_0222FC80	src/overlay064/ov64_0222DCE0.c	called
ov43_0222C3E8	ov64_0222FCF0	src/overlay064/ov64_0222DCE0.c	between
ov43_0222C46C	ov64_0222FD7C	src/overlay064/ov64_0222DCE0.c	between
ov43_0222C4B8	ov64_0222FDD0	src/overlay064/ov64_0222DCE0.c	between
ov43_0222C53C	ov64_0222FE5C	src/overlay064/ov64_0222DCE0.c	between
ov43_0222C550	ov64_0222FE70	src/overlay064/ov64_0222DCE0.c	called
ov43_0222C5D8	ov64_0222FEFC	src/overlay064/ov64_0222DCE0.c	called
ov43_0222C600	ov64_0222FF18	src/overlay064/ov64_0222DCE0.c	calls
ov43_0222C620	ov64_0222FF38	src/overlay064/ov64_0222DCE0.c	called
ov43_0222C630	ov64_0222FF48	src/overlay064/ov64_0222DCE0.c	between
ov43_0222C65C	ov64_0222FF5C	src/overlay064/ov64_0222DCE0.c	between
ov43_0222C714	ov64_02230008	src/overlay064/ov64_0222DCE0.c	calls
ov43_0222C750	ov64_02230044	src/overlay064/ov64_0222DCE0.c	order
ov43_0222C788	ov64_02230074	src/overlay064/ov64_0222DCE0.c	order
ov43_0222C890	ov64_02230130	src/overlay064/ov64_0222DCE0.c	calls
ov43_0222C918	ov64_022301B4	src/overlay064/ov64_0222DCE0.c	calls
ov43_0222C9A4	ov64_02230240	src/overlay064/ov64_0222DCE0.c	calls
ov43_0222CA30	ov64_022302CC	src/overlay064/ov64_0222DCE0.c	called
ov43_0222CA50	ov64_022302EC	src/overlay064/ov64_0222DCE0.c	called
ov43_0222CB34	ov64_022303CC	src/overlay064/ov64_0222DCE0.c	called
ov43_0222CBAC	ov64_02230444	src/overlay064/ov64_0222DCE0.c	between
ov43_0222CBB4	ov64_0223044C	src/overlay064/ov64_0222DCE0.c	between
ov43_0222CD34	ov64_022305CC	src/overlay064/ov64_0222DCE0.c	between
ov43_0222CD3C	ov64_022305D4	src/overlay064/ov64_0222DCE0.c	called
ov43_0222CD40	ov64_022305D8	src/overlay064/ov64_0222DCE0.c	called
ov43_0222CD44	ov64_022305DC	src/overlay064/ov64_0222DCE0.c	calls
ov43_0222CD90	ov64_02230620	src/overlay064/ov64_0222DCE0.c	order
ov43_0222CD98	ov64_02230628	src/overlay064/ov64_0222DCE0.c	order
ov43_0222CE0C	ov64_02230678	src/overlay064/ov64_0222DCE0.c	order
ov43_0222CE48	ov64_02230680	src/overlay064/ov64_0222DCE0.c	called
ov43_0222D008	ov64_02230804	src/overlay064/ov64_0222DCE0.c	called
ov43_0222D028	ov64_0223081C	src/overlay064/ov64_0222DCE0.c	calls
ov43_0222D090	ov64_0223087C	src/overlay064/ov64_0222DCE0.c	calls
ov43_0222D134	ov64_022308DC	src/overlay064/ov64_0222DCE0.c	order
ov43_0222D15C	ov64_02230904	src/overlay064/ov64_0222DCE0.c	called
ov43_0222D228	ov64_02230A50	src/overlay064/ov64_0222DCE0.c	order
ov43_0222D4C4	ov64_02230A58	src/overlay064/ov64_0222DCE0.c	order
ov43_0222D508	ov64_02230A9C	src/overlay064/ov64_0222DCE0.c	order
ov43_0222D584	ov64_02230B1C	src/overlay064/ov64_0222DCE0.c	called
ov43_0222D610	ov64_02230BA0	src/overlay064/ov64_0222DCE0.c	called
ov43_0222DAE8	ov64_02230C1C	src/overlay064/ov64_0222DCE0.c	order
ov43_0222DB84	ov64_02230C50	src/overlay064/ov64_0222DCE0.c	order
ov43_0222DB94	ov64_02230C8C	src/overlay064/ov64_0222DCE0.c	order
ov43_0222DC7C	ov64_02230D98	src/overlay064/ov64_0222DCE0.c	order
ov43_0222DCC4	ov64_02230EA8	src/overlay064/ov64_0222DCE0.c	calls
ov43_0222DD40	ov64_02230F24	src/overlay064/ov64_0222DCE0.c	order
ov43_0222DD88	ov64_02230F60	src/overlay064/ov64_0222DCE0.c	order
ov43_0222DDF0	ov64_02230F78	src/overlay064/ov64_0222DCE0.c	order
ov43_0222DE10	ov64_02230F98	src/overlay064/ov64_0222DCE0.c	order
ov43_0222DE14	ov64_02230F9C	src/overlay064/ov64_0222DCE0.c	order
ov43_0222DED0	ov64_02231058	src/overlay064/ov64_0222DCE0.c	order
ov43_0222DEF8	ov64_02231080	src/overlay064/ov64_0222DCE0.c	order
ov43_0222DF1C	ov64_022310A4	src/overlay064/ov64_0222DCE0.c	calls
ov43_0222DF4C	ov64_022310D4	src/overlay064/ov64_0222DCE0.c	between
ov43_0222DF90	ov64_02231144	src/overlay064/ov64_0222DCE0.c	order
ov43_0222DFB0	ov64_02231164	src/overlay064/ov64_0222DCE0.c	between
ov43_0222E0E8	ov64_02231528	src/overlay064/ov64_0222DCE0.c	order
ov43_0222E220	ov64_02231664	src/overlay064/ov64_0222DCE0.c	order
ov43_0222E5B4	ov64_02231A00	src/overlay064/ov64_0222DCE0.c	order
ov43_0222E78C	ov64_02231BE0	src/overlay064/ov64_0222DCE0.c	order
ov43_0222E904	ov64_02231D58	src/overlay064/ov64_0222DCE0.c	order
ov43_0222EA40	ov64_02231E94	src/overlay064/ov64_0222DCE0.c	order
ov43_0222EC14	ov64_02232038	src/overlay064/ov64_0222DCE0.c	order
ov43_0222EC58	ov64_022320B8	src/overlay064/ov64_0222DCE0.c	calls
ov43_0222ECD4	ov114_0225D254	src/overlay114/ov114_0225C700.c	calls
ov45_02229EE0	ov66_0222DCE0	src/overlay066/ov66_0222DCE0.c	calls
ov45_02229F70	ov66_0222DD6C	src/overlay066/ov66_0222DCE0.c	between
ov45_02229F94	ov66_0222DD90	src/overlay066/ov66_0222DCE0.c	calls
ov45_02229FE0	ov66_0222DDDC	src/overlay066/ov66_0222DCE0.c	between
ov45_02229FF4	ov66_0222DDF0	src/overlay066/ov66_0222DDF0.c	between
ov45_0222A0F0	ov66_0222DEEC	src/overlay066/ov66_0222DDF0.c	between
ov45_0222A15C	ov66_0222DF58	src/overlay066/ov66_0222DDF0.c	called
ov45_0222A1F8	ov66_0222DFF4	src/overlay066/ov66_0222DDF0.c	called
ov45_0222A1FC	ov66_0222DFF8	src/overlay066/ov66_0222DDF0.c	between
ov45_0222A208	ov66_0222E004	src/overlay066/ov66_0222DDF0.c	between
ov45_0222A210	ov66_0222E00C	src/overlay066/ov66_0222DDF0.c	between
ov45_0222A214	ov66_0222E010	src/overlay066/ov66_0222DDF0.c	between
ov45_0222A22C	ov66_0222E028	src/overlay066/ov66_0222DDF0.c	between
ov45_0222A230	ov66_0222E02C	src/overlay066/ov66_0222DDF0.c	between
ov45_0222A25C	ov66_0222E058	src/overlay066/ov66_0222DDF0.c	between
ov45_0222A288	ov66_0222E084	src/overlay066/ov66_0222DDF0.c	between
ov45_0222A2A0	ov66_0222E09C	src/overlay066/ov66_0222DDF0.c	between
ov45_0222A2C8	ov66_0222E0C4	src/overlay066/ov66_0222DDF0.c	between
ov45_0222A2CC	ov66_0222E0C8	src/overlay066/ov66_0222DDF0.c	between
ov45_0222A2E0	ov66_0222E0DC	src/overlay066/ov66_0222DDF0.c	between
ov45_0222A2F8	ov66_0222E0F4	src/overlay066/ov66_0222DDF0.c	between
ov45_0222A310	ov66_0222E10C	src/overlay066/ov66_0222DDF0.c	between
ov45_0222A324	ov66_0222E120	src/overlay066/ov66_0222DDF0.c	between
ov45_0222A330	ov66_0222E12C	src/overlay066/ov66_0222DDF0.c	called
ov45_0222A33C	ov66_0222E138	src/overlay066/ov66_0222DDF0.c	between
ov45_0222A35C	ov66_0222E158	src/overlay066/ov66_0222DDF0.c	between
ov45_0222A374	ov66_0222E170	src/overlay066/ov66_0222DDF0.c	between
ov45_0222A394	ov66_0222E190	src/overlay066/ov66_0222DDF0.c	between
ov45_0222A3A0	ov66_0222E19C	src/overlay066/ov66_0222DDF0.c	between
ov45_0222A3BC	ov66_0222E1B8	src/overlay066/ov66_0222DDF0.c	between
ov45_0222A3D4	ov66_0222E1D0	src/overlay066/ov66_0222DDF0.c	between
ov45_0222A3EC	ov66_0222E1E8	src/overlay066/ov66_0222DDF0.c	between
ov45_0222A404	ov66_0222E200	src/overlay066/ov66_0222DDF0.c	between
ov45_0222A414	ov66_0222E210	src/overlay066/ov66_0222DDF0.c	between
ov45_0222A424	ov66_0222E220	src/overlay066/ov66_0222DDF0.c	between
ov45_0222A430	ov66_0222E22C	src/overlay066/ov66_0222DDF0.c	between
ov45_0222A43C	ov66_0222E238	src/overlay066/ov66_0222DDF0.c	between
ov45_0222A450	ov66_0222E24C	src/overlay066/ov66_0222DDF0.c	between
ov45_0222A480	ov66_0222E27C	src/overlay066/ov66_0222DDF0.c	between
ov45_0222A498	ov66_0222E294	src/overlay066/ov66_0222DDF0.c	between
ov45_0222A4A8	ov66_0222E2A4	src/overlay066/ov66_0222DDF0.c	called
ov45_0222A4B8	ov66_0222E2B4	src/overlay066/ov66_0222DDF0.c	between
ov45_0222A4C8	ov66_0222E2C4	src/overlay066/ov66_0222DDF0.c	between
ov45_0222A4D0	ov66_0222E2CC	src/overlay066/ov66_0222DDF0.c	calls
ov45_0222A520	ov66_0222E31C	src/overlay066/ov66_0222DDF0.c	called
ov45_0222A53C	ov66_0222E338	src/overlay066/ov66_0222DDF0.c	called
ov45_0222A548	ov66_0222E344	src/overlay066/ov66_0222DDF0.c	between
ov45_0222A550	ov66_0222E34C	src/overlay066/ov66_0222DDF0.c	between
ov45_0222A578	ov66_0222E374	src/overlay066/ov66_0222DDF0.c	called
ov45_0222A5C0	ov66_0222E3BC	src/overlay066/ov66_0222DDF0.c	called
ov45_0222A5E8	ov66_0222E3E4	src/overlay066/ov66_0222DDF0.c	between
ov45_0222A704	ov66_0222E500	src/overlay066/ov66_0222DDF0.c	between
ov45_0222A72C	ov66_0222E528	src/overlay066/ov66_0222DDF0.c	between
ov45_0222A770	ov66_0222E56C	src/overlay066/ov66_0222DDF0.c	between
ov45_0222A7DC	ov66_0222E5D8	src/overlay066/ov66_0222DDF0.c	between
ov45_0222A844	ov66_0222E640	src/overlay066/ov66_0222DDF0.c	called
ov45_0222A920	ov66_0222E71C	src/overlay066/ov66_0222DDF0.c	between
ov45_0222A92C	ov66_0222E728	src/overlay066/ov66_0222DDF0.c	between
ov45_0222A964	ov66_0222E760	src/overlay066/ov66_0222DDF0.c	between
ov45_0222A99C	ov66_0222E798	src/overlay066/ov66_0222DDF0.c	between
ov45_0222A9A0	WiFiPlazaProfile_GetTrainerID	src/overlay066/ov66_0222DDF0.c	between
ov45_0222A9A4	ov66_0222E7A0	src/overlay066/ov66_0222DDF0.c	between
ov45_0222A9C8	ov66_0222E7C4	src/overlay066/ov66_0222DDF0.c	between
ov45_0222A9CC	WiFiPlazaProfile_GetGender	src/overlay066/ov66_0222DDF0.c	between
ov45_0222AA10	WiFiPlazaProfile_GetNormalizedLanguage	src/overlay066/ov66_0222DDF0.c	between
ov45_0222AA28	WiFiPlazaProfile_IsLanguageValid	src/overlay066/ov66_0222DDF0.c	called
ov45_0222AA54	WiFiPlazaProfile_GetLanguage	src/overlay066/ov66_0222DDF0.c	between
ov45_0222AA5C	WiFiPlazaProfile_GetTrainerAppearanceGraphicsID	src/overlay066/ov66_0222DDF0.c	between
ov45_0222AA84	ov66_0222E880	src/overlay066/ov66_0222DDF0.c	between
ov45_0222AAA8	ov66_0222E8A4	src/overlay066/ov66_0222DDF0.c	between
ov45_0222AAC8	ov66_0222E8C4	src/overlay066/ov66_0222DDF0.c	between
ov45_0222AADC	ov66_0222E8D8	src/overlay066/ov66_0222DDF0.c	between
ov45_0222AAEC	ov66_0222E8E8	src/overlay066/ov66_0222DDF0.c	called
ov45_0222AB0C	ov66_0222E908	src/overlay066/ov66_0222DDF0.c	called
ov45_0222AB1C	ov66_0222E918	src/overlay066/ov66_0222DDF0.c	order
ov45_0222AB28	ov66_0222E924	src/overlay066/ov66_0222DDF0.c	order
ov45_0222AB38	ov66_0222E934	src/overlay066/ov66_0222DDF0.c	order
ov45_0222AB48	ov66_0222E944	src/overlay066/ov66_0222DDF0.c	order
ov45_0222AB58	ov66_0222E954	src/overlay066/ov66_0222DDF0.c	order
ov45_0222AB68	ov66_0222E964	src/overlay066/ov66_0222DDF0.c	order
ov45_0222AB78	ov66_0222E974	src/overlay066/ov66_0222DDF0.c	order
ov45_0222AB94	ov66_0222E990	src/overlay066/ov66_0222DDF0.c	order
ov45_0222ABD0	ov66_0222E9CC	src/overlay066/ov66_0222DDF0.c	order
ov45_0222AC58	ov66_0222EA10	src/overlay066/ov66_0222DDF0.c	order
ov45_0222ACB8	ov66_0222EAB4	src/overlay066/ov66_0222DDF0.c	order
ov45_0222AD2C	ov66_0222EB28	src/overlay066/ov66_0222DDF0.c	order
ov45_0222AD3C	ov66_0222EB38	src/overlay066/ov66_0222DDF0.c	order
ov45_0222AD4C	ov66_0222EB48	src/overlay066/ov66_0222DDF0.c	called
ov45_0222AD58	ov66_0222EB54	src/overlay066/ov66_0222DDF0.c	called
ov45_0222AD70	ov66_0222EB6C	src/overlay066/ov66_0222DDF0.c	order
ov45_0222AD80	ov66_0222EB7C	src/overlay066/ov66_0222DDF0.c	order
ov45_0222AD90	ov66_0222EB8C	src/overlay066/ov66_0222DDF0.c	order
ov45_0222ADA0	ov66_0222EB9C	src/overlay066/ov66_0222DDF0.c	order
ov45_0222ADA8	ov66_0222EBA4	src/overlay066/ov66_0222DDF0.c	order
ov45_0222ADB8	ov66_0222EBB4	src/overlay066/ov66_0222DDF0.c	order
ov45_0222ADC8	ov66_0222EBC4	src/overlay066/ov66_0222DDF0.c	order
ov45_0222ADD8	ov66_0222EBD4	src/overlay066/ov66_0222DDF0.c	order
ov45_0222ADE8	ov66_0222EBE4	src/overlay066/ov66_0222DDF0.c	order
ov45_0222ADF8	ov66_0222EBF4	src/overlay066/ov66_0222DDF0.c	order
ov45_0222AE08	ov66_0222EC04	src/overlay066/ov66_0222DDF0.c	order
ov45_0222AE24	ov66_0222EC20	src/overlay066/ov66_0222DDF0.c	order
ov45_0222AE34	ov66_0222EC30	src/overlay066/ov66_0222DDF0.c	order
ov45_0222AE44	ov66_0222EC40	src/overlay066/ov66_0222DDF0.c	order
ov45_0222AE54	ov66_0222EC50	src/overlay066/ov66_0222DDF0.c	order
ov45_0222AE64	ov66_0222EC60	src/overlay066/ov66_0222DDF0.c	order
ov45_0222AE74	ov66_0222EC70	src/overlay066/ov66_0222DDF0.c	between
ov45_0222AED8	ov66_0222ECD4	src/overlay066/ov66_0222DDF0.c	called
ov45_0222AF80	ov66_0222ED7C	src/overlay066/ov66_0222DDF0.c	between
ov45_0222AFC4	ov66_0222EDC0	src/overlay066/ov66_0222DDF0.c	order
ov45_0222AFF8	ov66_0222EDF4	src/overlay066/ov66_0222DDF0.c	called
ov45_0222B00C	ov66_0222EE08	src/overlay066/ov66_0222DDF0.c	called
ov45_0222B020	ov66_0222EE1C	src/overlay066/ov66_0222DDF0.c	called
ov45_0222B028	ov66_0222EE30	src/overlay066/ov66_0222DDF0.c	order
ov45_0222B034	ov66_0222EE3C	src/overlay066/ov66_0222DDF0.c	order
ov45_0222B040	ov66_0222EE44	src/overlay066/ov66_0222DDF0.c	order
ov45_0222B06C	ov66_0222EE68	src/overlay066/ov66_0222DDF0.c	order
ov45_0222B094	ov66_0222EE90	src/overlay066/ov66_0222DDF0.c	order
ov45_0222B0A4	ov66_0222EEA0	src/overlay066/ov66_0222DDF0.c	order
ov45_0222B0B0	ov66_0222EEAC	src/overlay066/ov66_0222DDF0.c	order
ov45_0222B0BC	ov66_0222EEB8	src/overlay066/ov66_0222DDF0.c	order
ov45_0222B0D8	ov66_0222EED4	src/overlay066/ov66_0222DDF0.c	order
ov45_0222B0E8	ov66_0222EEE4	src/overlay066/ov66_0222DDF0.c	order
ov45_0222B118	ov66_0222F040	src/overlay066/ov66_0222DDF0.c	called
ov45_0222B134	ov66_0222F05C	src/overlay066/ov66_0222DDF0.c	order
ov45_0222B1B4	ov66_0222F0DC	src/overlay066/ov66_0222DDF0.c	order
ov45_0222B1DC	ov66_0222F104	src/overlay066/ov66_0222DDF0.c	order
ov45_0222B1EC	ov66_0222F114	src/overlay066/ov66_0222DDF0.c	order
ov45_0222B1FC	ov66_0222F124	src/overlay066/ov66_0222DDF0.c	order
ov45_0222B21C	ov66_0222F144	src/overlay066/ov66_0222DDF0.c	order
ov45_0222B244	ov66_0222F16C	src/overlay066/ov66_0222DDF0.c	order
ov45_0222B270	ov66_0222F198	src/overlay066/ov66_0222DDF0.c	order
ov45_0222B28C	ov66_0222F1B4	src/overlay066/ov66_0222DDF0.c	order
ov45_0222B2B4	ov66_0222F1DC	src/overlay066/ov66_0222DDF0.c	order
ov45_0222B470	ov66_0222F398	src/overlay066/ov66_0222DDF0.c	order
ov45_0222B530	ov66_0222F458	src/overlay066/ov66_0222DDF0.c	order
ov45_0222B5A0	ov66_0222F4C8	src/overlay066/ov66_0222DDF0.c	order
ov45_0222B75C	ov66_0222F684	src/overlay066/ov66_0222DDF0.c	order
ov45_0222B79C	ov66_0222F6C4	src/overlay066/ov66_0222DDF0.c	called
ov45_0222B840	ov66_0222F768	src/overlay066/ov66_0222DDF0.c	order
ov45_0222B8A0	ov66_0222F7C8	src/overlay066/ov66_0222DDF0.c	calls
ov45_0222BA3C	ov66_0222F964	src/overlay066/ov66_0222DDF0.c	calls
ov45_0222BAC4	ov66_0222F9EC	src/overlay066/ov66_0222DDF0.c	called
ov45_0222BADC	ov66_0222FA04	src/overlay066/ov66_0222DDF0.c	called
ov45_0222BB00	ov66_0222FA28	src/overlay066/ov66_0222DDF0.c	calls
ov45_0222BB58	ov66_0222FA80	src/overlay066/ov66_0222DDF0.c	between
ov45_0222BB60	ov66_0222FA88	src/overlay066/ov66_0222DDF0.c	between
ov45_0222BC3C	ov66_0222FB64	src/overlay066/ov66_0222DDF0.c	called
ov45_0222BC84	ov66_0222FBAC	src/overlay066/ov66_0222DDF0.c	called
ov45_0222BCA0	ov66_0222FBC8	src/overlay066/ov66_0222DDF0.c	called
ov45_0222BCA8	ov66_0222FBD0	src/overlay066/ov66_0222DDF0.c	called
ov45_0222BCB8	ov66_0222FC4C	src/overlay066/ov66_0222DDF0.c	order
ov45_0222BCC8	ov66_0222FBF0	src/overlay066/ov66_0222DDF0.c	called
ov45_0222BCD8	ov66_0222FC00	src/overlay066/ov66_0222DDF0.c	called
ov45_0222BCE4	ov66_0222FC0C	src/overlay066/ov66_0222DDF0.c	called
ov45_0222BD2C	ov66_0222FC54	src/overlay066/ov66_0222DDF0.c	called
ov45_0222BD30	ov66_0222FC58	src/overlay066/ov66_0222DDF0.c	called
ov45_0222BD40	ov66_0222FC68	src/overlay066/ov66_0222DDF0.c	called
ov45_0222BD4C	ov66_0222FC74	src/overlay066/ov66_0222DDF0.c	called
ov45_0222BD5C	ov66_0222FC84	src/overlay066/ov66_0222DDF0.c	called
ov45_0222BD74	ov66_0222FC9C	src/overlay066/ov66_0222DDF0.c	called
ov45_0222BD94	ov66_0222FCBC	src/overlay066/ov66_0222DDF0.c	called
ov45_0222BDB0	ov66_0222FCD8	src/overlay066/ov66_0222DDF0.c	called
ov45_0222BDCC	ov66_0222FCF4	src/overlay066/ov66_0222DDF0.c	called
ov45_0222BDE8	ov66_0222FD10	src/overlay066/ov66_0222DDF0.c	called
ov45_0222BE00	ov66_0222FD28	src/overlay066/ov66_0222DDF0.c	order
ov45_0222BE08	ov66_0222FD30	src/overlay066/ov66_0222DDF0.c	called
ov45_0222BE28	ov66_0222FD50	src/overlay066/ov66_0222DDF0.c	order
ov45_0222BE48	ov66_0222FD70	src/overlay066/ov66_0222DDF0.c	called
ov45_0222BE54	ov66_0222FD7C	src/overlay066/ov66_0222DDF0.c	called
ov45_0222BE5C	ov66_0222FD84	src/overlay066/ov66_0222DDF0.c	order
ov45_0222BE74	ov66_0222FD9C	src/overlay066/ov66_0222DDF0.c	called
ov45_0222BE94	ov66_0222FDBC	src/overlay066/ov66_0222DDF0.c	called
ov45_0222BE9C	ov66_0222FDC4	src/overlay066/ov66_0222DDF0.c	order
ov45_0222BF18	ov66_0222FE40	src/overlay066/ov66_0222DDF0.c	order
ov45_0222BF98	ov66_0222FEC0	src/overlay066/ov66_0222DDF0.c	order
ov45_0222C0CC	ov66_0222FFF4	src/overlay066/ov66_0222DDF0.c	order
ov45_0222C130	ov66_02230058	src/overlay066/ov66_0222DDF0.c	order
ov45_0222C1EC	ov66_02230114	src/overlay066/ov66_0222DDF0.c	order
ov45_0222C2A8	ov66_022301D0	src/overlay066/ov66_0222DDF0.c	order
ov45_0222C36C	ov66_022302D8	src/overlay066/ov66_0222DDF0.c	order
ov45_0222C370	ov66_02230298	src/overlay066/ov66_0222DDF0.c	called
ov45_0222C388	ov66_022302B0	src/overlay066/ov66_0222DDF0.c	called
ov45_0222C3A8	ov66_022302D0	src/overlay066/ov66_0222DDF0.c	called
ov45_0222C3B0	inline_ov66_0222EC04	src/overlay066/ov66_0222DDF0.c	order
ov45_0222C408	ov66_02230330	src/overlay066/ov66_0222DDF0.c	called
ov45_0222C480	ov66_022303A8	src/overlay066/ov66_0222DDF0.c	called
ov45_0222C4B4	ov66_022303DC	src/overlay066/ov66_0222DDF0.c	order
ov45_0222C4E4	ov66_0223040C	src/overlay066/ov66_0222DDF0.c	called
ov45_0222C4FC	ov66_02230424	src/overlay066/ov66_0222DDF0.c	called
ov45_0222C514	ov66_0223043C	src/overlay066/ov66_0222DDF0.c	called
ov45_0222C54C	ov66_02230474	src/overlay066/ov66_0222DDF0.c	called
ov45_0222C580	ov66_022304A8	src/overlay066/ov66_0222DDF0.c	called
ov45_0222C5B4	ov66_022304DC	src/overlay066/ov66_0222DDF0.c	called
ov45_0222C5E8	ov66_02230510	src/overlay066/ov66_0222DDF0.c	called
ov45_0222C61C	ov66_02230544	src/overlay066/ov66_0222DDF0.c	order
ov45_0222C658	ov66_02230580	src/overlay066/ov66_0222DDF0.c	called
ov45_0222C688	ov66_022305B0	src/overlay066/ov66_0222DDF0.c	order
ov45_0222C73C	ov66_02230664	src/overlay066/ov66_0222DDF0.c	order
ov45_0222C79C	ov66_022306C4	src/overlay066/ov66_0222DDF0.c	order
ov45_0222C800	ov66_02230728	src/overlay066/ov66_0222DDF0.c	order
ov45_0222C828	ov66_02230750	src/overlay066/ov66_0222DDF0.c	between
ov45_0222C83C	ov66_02230764	src/overlay066/ov66_0222DDF0.c	order
ov45_0222C858	ov66_02230780	src/overlay066/ov66_0222DDF0.c	order
ov45_0222C88C	ov66_022307B4	src/overlay066/ov66_0222DDF0.c	order
ov45_0222C8AC	ov66_022307D4	src/overlay066/ov66_0222DDF0.c	called
ov45_0222C8C8	ov66_022307F0	src/overlay066/ov66_0222DDF0.c	between
ov45_0222C900	ov66_02230828	src/overlay066/ov66_0222DDF0.c	called
ov45_0222C944	ov66_0223086C	src/overlay066/ov66_0222DDF0.c	called
ov45_0222C95C	ov66_02230884	src/overlay066/ov66_0222DDF0.c	called
ov45_0222C978	ov66_022308A0	src/overlay066/ov66_0222DDF0.c	called
ov45_0222C994	ov66_022308BC	src/overlay066/ov66_0222DDF0.c	called
ov45_0222C9A0	ov66_022308C8	src/overlay066/ov66_0222DDF0.c	called
ov45_0222C9D0	ov66_022308F8	src/overlay066/ov66_0222DDF0.c	called
ov45_0222C9EC	ov66_02230914	src/overlay066/ov66_0222DDF0.c	called
ov45_0222CA10	ov66_02230938	src/overlay066/ov66_0222DDF0.c	between
ov45_0222CA7C	ov66_022309A4	src/overlay066/ov66_0222DDF0.c	called
ov45_0222CA8C	ov66_022309B4	src/overlay066/ov66_0222DDF0.c	called
ov45_0222CAA0	ov66_022309C8	src/overlay066/ov66_0222DDF0.c	order
ov45_0222CB3C	ov66_02230A64	src/overlay066/ov66_0222DDF0.c	called
ov45_0222CB40	ov66_02230A68	src/overlay066/ov66_0222DDF0.c	called
ov45_0222CB44	ov66_02230A6C	src/overlay066/ov66_0222DDF0.c	called
ov45_0222CB74	ov66_02230A9C	src/overlay066/ov66_0222DDF0.c	between
ov45_0222CBD0	ov66_02230AF8	src/overlay066/ov66_0222DDF0.c	called
ov45_0222CC00	ov66_02230B28	src/overlay066/ov66_0222DDF0.c	order
ov45_0222CC50	ov66_02230B78	src/overlay066/ov66_0222DDF0.c	called
ov45_0222CC7C	ov66_02230BA4	src/overlay066/ov66_0222DDF0.c	called
ov45_0222CCA4	ov66_02230BCC	src/overlay066/ov66_0222DDF0.c	between
ov45_0222CCB8	ov66_02230BE0	src/overlay066/ov66_0222DDF0.c	between
ov45_0222CCDC	ov66_02230C04	src/overlay066/ov66_0222DDF0.c	between
ov45_0222CCE4	ov66_02230C0C	src/overlay066/ov66_0222DDF0.c	called
ov45_0222CD04	GetTrainerAppearanceGraphicsID	src/overlay066/ov66_0222DDF0.c	called
ov45_0222CD1C	ov66_02230C44	src/overlay066/ov66_02230C44.c	order
ov45_0222CD68	ov66_02230C90	src/overlay066/ov66_02230C44.c	order
ov45_0222CD84	ov66_02230CAC	src/overlay066/ov66_02230C44.c	order
ov45_0222CDC0	ov66_02230CE8	src/overlay066/ov66_02230C44.c	called
ov45_0222CDC4	ov66_02230CEC	src/overlay066/ov66_02230C44.c	order
ov45_0222CDE4	ov66_02230D0C	src/overlay066/ov66_02230C44.c	called
ov45_0222CE0C	ov66_02230D34	src/overlay066/ov66_02230C44.c	called
ov45_0222CE2C	ov66_02230D54	src/overlay066/ov66_02230C44.c	called
ov45_0222CE54	ov66_02230D7C	src/overlay066/ov66_02230C44.c	between
ov45_0222CE78	ov66_02230DA0	src/overlay066/ov66_02230C44.c	called
ov45_0222CE94	ov66_02230DBC	src/overlay066/ov66_02230C44.c	called
ov45_0222CEB0	ov66_02230DD8	src/overlay066/ov66_02230C44.c	order
ov45_0222CF00	ov66_02230E28	src/overlay066/ov66_02230C44.c	order
ov45_0222CF24	ov66_02230E4C	src/overlay066/ov66_02230C44.c	order
ov45_0222CF40	ov66_02230E68	src/overlay066/ov66_02230C44.c	order
ov45_0222CF68	ov66_02230E90	src/overlay066/ov66_02230C44.c	order
ov45_0222CFF4	ov66_02230F1C	src/overlay066/ov66_02230C44.c	order
ov45_0222D01C	ov66_02230F44	src/overlay066/ov66_02230C44.c	order
ov45_0222D028	ov66_02230F50	src/overlay066/ov66_02230C44.c	order
ov45_0222D054	ov66_02230F7C	src/overlay066/ov66_02230C44.c	order
ov45_0222D078	ov66_02230FA0	src/overlay066/ov66_02230C44.c	order
ov45_0222D0BC	ov66_02230FE4	src/overlay066/ov66_02230C44.c	order
ov45_0222D0C8	ov66_02230FF0	src/overlay066/ov66_02230C44.c	order
ov45_0222D0D8	ov66_02231000	src/overlay066/ov66_02230C44.c	order
ov45_0222D0FC	ov66_02231024	src/overlay066/ov66_02230C44.c	order
ov45_0222D130	ov66_02231058	src/overlay066/ov66_02230C44.c	order
ov45_0222D13C	ov66_02231064	src/overlay066/ov66_02230C44.c	order
ov45_0222D14C	ov66_02231074	src/overlay066/ov66_02230C44.c	order
ov45_0222D164	ov66_0223108C	src/overlay066/ov66_02230C44.c	order
ov45_0222D19C	ov66_022310C4	src/overlay066/ov66_02230C44.c	order
ov45_0222D1B0	ov66_022310D8	src/overlay066/ov66_02230C44.c	order
ov45_0222D1DC	ov66_02231104	src/overlay066/ov66_02230C44.c	order
ov45_0222D20C	ov66_02231134	src/overlay066/ov66_02230C44.c	order
ov45_0222D23C	ov66_02231164	src/overlay066/ov66_02230C44.c	order
ov45_0222D250	ov66_02231178	src/overlay066/ov66_02230C44.c	order
ov45_0222D27C	ov66_022311A4	src/overlay066/ov66_02230C44.c	order
ov45_0222D2AC	ov66_022311D4	src/overlay066/ov66_02230C44.c	order
ov45_0222D2E4	ov66_0223120C	src/overlay066/ov66_02230C44.c	order
ov45_0222D2F8	ov66_02231220	src/overlay066/ov66_02230C44.c	order
ov45_0222D324	ov66_0223124C	src/overlay066/ov66_02230C44.c	order
ov45_0222D354	ov66_0223127C	src/overlay066/ov66_02230C44.c	order
ov45_0222D380	ov66_022312A8	src/overlay066/ov66_02230C44.c	order
ov45_0222D38C	ov66_022312B4	src/overlay066/ov66_02230C44.c	order
ov45_0222D3B0	ov66_022312D8	src/overlay066/ov66_02230C44.c	order
ov45_0222D3C4	ov66_022312EC	src/overlay066/ov66_02230C44.c	order
ov45_0222D3D8	ov66_02231300	src/overlay066/ov66_02230C44.c	order
ov45_0222D410	ov66_02231338	src/overlay066/ov66_02230C44.c	order
ov45_0222D41C	ov66_02231344	src/overlay066/ov66_02230C44.c	order
ov45_0222D428	ov66_02231350	src/overlay066/ov66_02230C44.c	order
ov45_0222D434	ov66_0223135C	src/overlay066/ov66_02230C44.c	order
ov45_0222D448	ov66_02231370	src/overlay066/ov66_02230C44.c	order
ov45_0222D44C	ov66_02231374	src/overlay066/ov66_02230C44.c	order
ov45_0222D484	ov66_022313AC	src/overlay066/ov66_02230C44.c	order
ov45_0222D4C0	ov66_022313E8	src/overlay066/ov66_02230C44.c	order
ov45_0222D4CC	ov66_022313F4	src/overlay066/ov66_02230C44.c	order
ov45_0222D4DC	ov66_02231404	src/overlay066/ov66_02230C44.c	order
ov45_0222D500	ov66_02231428	src/overlay066/ov66_02231428.c	called
ov45_0222D524	ov66_0223144C	src/overlay066/ov66_02231428.c	between
ov45_0222D594	ov66_022314BC	src/overlay066/ov66_02231428.c	between
ov45_0222D638	ov66_02231560	src/overlay066/ov66_02231428.c	order
ov45_0222D6B0	ov66_022315D8	src/overlay066/ov66_02231428.c	between
ov45_0222D6D4	ov66_022315FC	src/overlay066/ov66_02231428.c	between
ov45_0222D6FC	ov66_02231624	src/overlay066/ov66_02231428.c	between
ov45_0222D724	ov66_0223164C	src/overlay066/ov66_02231428.c	between
ov45_0222D740	ov66_02231668	src/overlay066/ov66_02231428.c	between
ov45_0222D79C	ov66_022316C4	src/overlay066/ov66_02231428.c	called
ov45_0222D7C0	ov66_022316E8	src/overlay066/ov66_02231428.c	called
ov45_0222D7CC	ov66_022316F4	src/overlay066/ov66_02231428.c	between
ov45_0222D7FC	ov66_02231718	src/overlay066/ov66_02231428.c	between
ov45_0222D844	ov66_02231760	src/overlay066/ov66_02231428.c	called
ov45_0222D860	ov66_0223177C	src/overlay066/ov66_0223177C.c	called
ov45_0222D890	ov66_022317AC	src/overlay066/ov66_0223177C.c	called
ov45_0222D8A4	ov66_022317C0	src/overlay066/ov66_0223177C.c	between
ov45_0222D8BC	ov66_022317D8	src/overlay066/ov66_0223177C.c	called
ov45_0222D8C8	ov66_022317E4	src/overlay066/ov66_0223177C.c	called
ov45_0222D8D4	ov66_022317F0	src/overlay066/ov66_0223177C.c	called
ov45_0222D8F0	ov66_0223180C	src/overlay066/ov66_0223177C.c	called
ov45_0222D940	ov66_0223185C	src/overlay066/ov66_0223177C.c	called
ov45_0222D990	ov66_022318AC	src/overlay066/ov66_0223177C.c	called
ov45_0222D9EC	ov66_02231908	src/overlay066/ov66_0223177C.c	called
ov45_0222DA80	ov66_0223199C	src/overlay066/ov66_0223177C.c	called
ov45_0222DAE0	ov66_022319FC	src/overlay066/ov66_0223177C.c	called
ov45_0222DB3C	ov66_02231A58	src/overlay066/ov66_0223177C.c	called
ov45_0222DB98	ov66_02231AB4	src/overlay066/ov66_0223177C.c	between
ov45_0222DC08	ov66_02231B24	src/overlay066/ov66_0223177C.c	called
ov45_0222DC64	ov66_02231B80	src/overlay066/ov66_0223177C.c	called
ov45_0222DCE8	ov66_02231C04	src/overlay066/ov66_0223177C.c	between
ov45_0222DCF4	ov66_02231C10	src/overlay066/ov66_0223177C.c	between
ov45_0222DCFC	ov66_02231C18	src/overlay066/ov66_0223177C.c	between
ov45_0222DD08	ov66_02231C24	src/overlay066/ov66_0223177C.c	between
ov45_0222DD14	ov66_02231C30	src/overlay066/ov66_0223177C.c	between
ov45_0222DD20	ov66_02231C3C	src/overlay066/ov66_0223177C.c	between
ov45_0222DD2C	ov66_02231C48	src/overlay066/ov66_0223177C.c	between
ov45_0222DD38	ov66_02231C54	src/overlay066/ov66_0223177C.c	between
ov45_0222DD44	ov66_02231C60	src/overlay066/ov66_0223177C.c	between
ov45_0222DD5C	ov66_02231C78	src/overlay066/ov66_0223177C.c	between
ov45_0222DD78	ov66_02231C94	src/overlay066/ov66_0223177C.c	between
ov45_0222DDE4	ov66_02231D00	src/overlay066/ov66_0223177C.c	between
ov45_0222DE1C	ov66_02231D38	src/overlay066/ov66_0223177C.c	between
ov45_0222DE3C	ov66_02231D58	src/overlay066/ov66_0223177C.c	called
ov45_0222DE58	ov66_02231D74	src/overlay066/ov66_0223177C.c	between
ov45_0222DE74	ov66_02231D90	src/overlay066/ov66_0223177C.c	between
ov45_0222DE8C	ov66_02231DA8	src/overlay066/ov66_0223177C.c	between
ov45_0222DEA4	ov66_02231DC0	src/overlay066/ov66_0223177C.c	called
ov45_0222DEB8	ov66_02231DD4	src/overlay066/ov66_0223177C.c	called
ov45_0222DECC	ov66_02231DE8	src/overlay066/ov66_0223177C.c	called
ov45_0222DEE0	ov66_02231DFC	src/overlay066/ov66_0223177C.c	called
ov45_0222DEF4	ov66_02231E10	src/overlay066/ov66_0223177C.c	called
ov45_0222DF14	ov66_02231E30	src/overlay066/ov66_0223177C.c	called
ov45_0222DF38	ov66_02231E54	src/overlay066/ov66_0223177C.c	between
ov45_0222DF50	ov66_02231E6C	src/overlay066/ov66_0223177C.c	called
ov45_0222DF58	ov66_02231E74	src/overlay066/ov66_0223177C.c	called
ov45_0222DF78	ov66_02231E94	src/overlay066/ov66_0223177C.c	calls
ov45_0222DFD0	ov66_02231EEC	src/overlay066/ov66_0223177C.c	between
ov45_0222E000	ov66_02231F1C	src/overlay066/ov66_0223177C.c	called
ov45_0222E03C	ov66_02231F58	src/overlay066/ov66_0223177C.c	called
ov45_0222E04C	ov66_02231F68	src/overlay066/ov66_0223177C.c	called
ov45_0222E094	ov66_02231FB0	src/overlay066/ov66_0223177C.c	between
ov45_0222E0A4	ov66_02231FC0	src/overlay066/ov66_0223177C.c	called
ov45_0222E0CC	ov66_02231FE8	src/overlay066/ov66_0223177C.c	between
ov45_0222E0E0	ov66_02231FFC	src/overlay066/ov66_0223177C.c	called
ov45_0222E14C	ov66_02232068	src/overlay066/ov66_0223177C.c	between
ov45_0222E1A0	ov66_022320BC	src/overlay066/ov66_0223177C.c	between
ov45_0222E200	ov66_0223211C	src/overlay066/ov66_0223177C.c	calls
ov45_0222E33C	ov66_02232258	src/overlay066/ov66_0223177C.c	calls
ov45_0222E39C	ov66_022322B8	src/overlay066/ov66_0223177C.c	calls
ov45_0222E414	ov66_02232330	src/overlay066/ov66_0223177C.c	calls
ov45_0222E484	ov66_022323A0	src/overlay066/ov66_0223177C.c	between
ov45_0222E4A8	ov66_022323C4	src/overlay066/ov66_0223177C.c	calls
ov45_0222E540	ov66_0223245C	src/overlay066/ov66_0223177C.c	between
ov45_0222E550	ov66_0223246C	src/overlay066/ov66_0223177C.c	between
ov45_0222E560	ov66_0223247C	src/overlay066/ov66_0223177C.c	between
ov45_0222E574	ov66_02232490	src/overlay066/ov66_0223177C.c	between
ov45_0222E584	ov66_022324A0	src/overlay066/ov66_0223177C.c	between
ov45_0222E598	ov66_022324B4	src/overlay066/ov66_0223177C.c	between
ov45_0222E59C	ov66_022324B8	src/overlay066/ov66_0223177C.c	between
ov45_0222E5A0	ov66_022324BC	src/overlay066/ov66_0223177C.c	between
ov45_0222E5B4	ov66_022324D0	src/overlay066/ov66_0223177C.c	called
ov45_0222E5D4	ov66_022324F0	src/overlay066/ov66_022324F0.c	called
ov45_0222E688	ov66_02232598	src/overlay066/ov66_022324F0.c	called
ov45_0222E6C8	ov66_022325D8	src/overlay066/ov66_022324F0.c	between
ov45_0222E7CC	ov66_022326DC	src/overlay066/ov66_022324F0.c	between
ov45_0222E7FC	ov66_0223270C	src/overlay066/ov66_022324F0.c	between
ov45_0222E804	ov66_02232714	src/overlay066/ov66_022324F0.c	called
ov45_0222E810	ov66_02232720	src/overlay066/ov66_022324F0.c	between
ov45_0222E8F4	ov66_02232804	src/overlay066/ov66_022324F0.c	called
ov45_0222E91C	ov66_0223282C	src/overlay066/ov66_022324F0.c	called
ov45_0222E944	ov66_02232854	src/overlay066/ov66_022324F0.c	called
ov45_0222E96C	ov66_0223287C	src/overlay066/ov66_022324F0.c	called
ov45_0222E9BC	ov66_022328CC	src/overlay066/ov66_022324F0.c	called
ov45_0222E9E0	ov66_022328F0	src/overlay066/ov66_022324F0.c	called
ov45_0222E9F8	ov66_02232908	src/overlay066/ov66_022324F0.c	called
ov45_0222EA2C	ov66_0223293C	src/overlay066/ov66_022324F0.c	between
ov45_0222EA4C	ov66_0223295C	src/overlay066/ov66_022324F0.c	called
ov45_0222EA78	ov66_02232988	src/overlay066/ov66_022324F0.c	called
ov45_0222EAD4	ov66_022329E4	src/overlay066/ov66_022324F0.c	called
ov45_0222EB38	ov66_02232A48	src/overlay066/ov66_022324F0.c	between
ov45_0222EB74	ov66_02232A84	src/overlay066/ov66_022324F0.c	between
ov45_0222EB94	ov66_02232AA4	src/overlay066/ov66_022324F0.c	between
ov45_0222EBC4	ov66_02232AD4	src/overlay066/ov66_022324F0.c	between
ov45_0222EBF0	ov66_02232B00	src/overlay066/ov66_022324F0.c	between
ov45_0222EC10	ov66_02232B20	src/overlay066/ov66_022324F0.c	called
ov45_0222EC3C	ov66_02232B4C	src/overlay066/ov66_022324F0.c	called
ov45_0222EC68	ov66_02232B78	src/overlay066/ov66_022324F0.c	called
ov45_0222EC7C	ov66_02232B8C	src/overlay066/ov66_022324F0.c	called
ov45_0222EC90	ov66_02232BA0	src/overlay066/ov66_022324F0.c	called
ov45_0222ECA4	ov66_02232BB4	src/overlay066/ov66_022324F0.c	called
ov45_0222ECB8	ov66_02232BC8	src/overlay066/ov66_022324F0.c	between
ov45_0222ECDC	ov66_02232BEC	src/overlay066/ov66_022324F0.c	called
ov45_0222ED7C	ov66_02232C8C	src/overlay066/ov66_022324F0.c	between
ov45_0222EDA8	ov66_02232CB8	src/overlay066/ov66_022324F0.c	between
ov45_0222EDC4	ov66_02232CD4	src/overlay066/ov66_022324F0.c	between
ov45_0222EDF0	ov66_02232D00	src/overlay066/ov66_022324F0.c	between
ov45_0222EE20	ov66_02232D30	src/overlay066/ov66_022324F0.c	called
ov45_0222EE50	ov66_02232D60	src/overlay066/ov66_022324F0.c	between
ov45_0222EE80	ov66_02232D90	src/overlay066/ov66_022324F0.c	called
ov45_0222EEB8	ov66_02232DC8	src/overlay066/ov66_022324F0.c	between
ov45_0222EEF0	ov66_02232E00	src/overlay066/ov66_022324F0.c	called
ov45_0222EF4C	ov66_02232E5C	src/overlay066/ov66_022324F0.c	called
ov45_0222EFAC	ov66_02232EBC	src/overlay066/ov66_022324F0.c	between
ov45_0222F028	ov66_02232F38	src/overlay066/ov66_022324F0.c	called
ov45_0222F154	ov66_02233064	src/overlay066/ov66_022324F0.c	called
ov45_0222F1BC	ov66_022330CC	src/overlay066/ov66_022324F0.c	between
ov45_0222F218	ov66_02233128	src/overlay066/ov66_022324F0.c	between
ov45_0222F254	ov66_02233164	src/overlay066/ov66_022324F0.c	called
ov45_0222F274	ov66_02233184	src/overlay066/ov66_022324F0.c	called
ov45_0222F294	ov66_022331A4	src/overlay066/ov66_022324F0.c	between
ov45_0222F2D4	ov66_022331E4	src/overlay066/ov66_022324F0.c	between
ov45_0222F314	ov66_02233224	src/overlay066/ov66_022324F0.c	between
ov45_0222F350	ov66_02233260	src/overlay066/ov66_022324F0.c	called
ov45_0222F3E8	ov66_022332F8	src/overlay066/ov66_022324F0.c	between
ov45_0222F430	ov66_02233340	src/overlay066/ov66_022324F0.c	between
ov45_0222F464	ov66_02233374	src/overlay066/ov66_022324F0.c	called
ov45_0222F484	ov66_02233394	src/overlay066/ov66_022324F0.c	called
ov45_0222F4AC	ov66_022333BC	src/overlay066/ov66_022324F0.c	called
ov45_0222F4D4	ov66_022333E4	src/overlay066/ov66_022324F0.c	between
ov45_0222F524	ov66_02233434	src/overlay066/ov66_022324F0.c	between
ov45_0222F544	ov66_02233454	src/overlay066/ov66_022324F0.c	between
ov45_0222F628	ov66_02233538	src/overlay066/ov66_022324F0.c	between
ov45_0222F6B0	ov66_022335C0	src/overlay066/ov66_022324F0.c	between
ov45_0222F70C	ov66_0223361C	src/overlay066/ov66_022324F0.c	called
ov45_0222F74C	ov66_0223365C	src/overlay066/ov66_022324F0.c	between
ov45_0222F78C	ov66_0223369C	src/overlay066/ov66_022324F0.c	order
ov45_0222F7A8	ov66_022336B8	src/overlay066/ov66_022324F0.c	order
ov45_0222F7B0	ov66_022336C0	src/overlay066/ov66_022324F0.c	called
ov45_0222F7B4	ov66_022336C4	src/overlay066/ov66_022324F0.c	order
ov45_0222F848	ov66_02233758	src/overlay066/ov66_022324F0.c	order
ov45_0222F878	ov66_02233788	src/overlay066/ov66_022324F0.c	order
ov45_0222F88C	ov66_0223379C	src/overlay066/ov66_022324F0.c	called
ov45_0222F898	ov66_0223380C	src/overlay066/ov66_022324F0.c	order
ov45_0222F8FC	ov66_02233838	src/overlay066/ov66_022324F0.c	called
ov45_0222F954	ov66_02233864	src/overlay066/ov66_022324F0.c	order
ov45_0222F978	ov66_02233888	src/overlay066/ov66_022324F0.c	order
ov45_0222F9B8	ov66_022338C8	src/overlay066/ov66_022324F0.c	order
ov45_0222FA10	ov66_02233920	src/overlay066/ov66_022324F0.c	order
ov45_0222FA40	ov66_02233950	src/overlay066/ov66_022324F0.c	called
ov45_0222FA74	ov66_02233984	src/overlay066/ov66_022324F0.c	called
ov45_0222FAF8	ov66_022337E8	src/overlay066/ov66_022324F0.c	called
ov45_0222FB24	ov66_02233A34	src/overlay066/ov66_022324F0.c	called
ov45_0222FB5C	ov66_02233A6C	src/overlay066/ov66_022324F0.c	called
ov45_0222FB84	ov66_02233A94	src/overlay066/ov66_022324F0.c	order
ov45_0222FBD8	ov66_02233AE8	src/overlay066/ov66_022324F0.c	order
ov45_0222FCE0	ov66_02233B54	src/overlay066/ov66_022324F0.c	order
ov45_0222FD50	ov66_02233BF0	src/overlay066/ov66_022324F0.c	order
ov45_0222FDD4	ov66_02233CE4	src/overlay066/ov66_022324F0.c	order
ov45_0222FDD8	ov66_02233CE8	src/overlay066/ov66_022324F0.c	order
ov45_0222FE84	ov66_02233D94	src/overlay066/ov66_022324F0.c	calls
ov45_0222FEC4	ov66_02233DD4	src/overlay066/ov66_022324F0.c	between
ov45_0222FF40	ov66_02233E50	src/overlay066/ov66_022324F0.c	between
ov45_0222FF7C	ov66_02233E8C	src/overlay066/ov66_022324F0.c	between
ov45_02230008	ov66_02233F18	src/overlay066/ov66_022324F0.c	between
ov45_02230050	ov66_02233F60	src/overlay066/ov66_022324F0.c	between
ov45_02230064	ov66_02233F74	src/overlay066/ov66_022324F0.c	between
ov45_02230090	ov66_02233FA0	src/overlay066/ov66_022324F0.c	between
ov45_022300B0	ov66_02233FC0	src/overlay066/ov66_022324F0.c	between
ov45_022300DC	ov66_02233FEC	src/overlay066/ov66_022324F0.c	between
ov45_02230108	ov66_02234018	src/overlay066/ov66_022324F0.c	between
ov45_02230130	ov66_02234040	src/overlay066/ov66_022324F0.c	between
ov45_02230144	ov66_02234054	src/overlay066/ov66_022324F0.c	between
ov45_02230164	ov66_02234074	src/overlay066/ov66_022324F0.c	called
ov45_022301E0	ov66_022340F0	src/overlay066/ov66_022324F0.c	called
ov45_0223021C	ov66_0223412C	src/overlay066/ov66_022324F0.c	between
ov45_0223023C	ov66_0223414C	src/overlay066/ov66_022324F0.c	between
ov45_022302B0	ov66_022341C0	src/overlay066/ov66_022324F0.c	between
ov45_022302E4	ov66_022341F4	src/overlay066/ov66_022324F0.c	called
ov45_02230378	ov66_02234288	src/overlay066/ov66_022324F0.c	between
ov45_02230384	ov66_02234294	src/overlay066/ov66_022324F0.c	called
ov45_02230390	ov66_022342A0	src/overlay066/ov66_022324F0.c	between
ov45_02230394	ov66_022342A4	src/overlay066/ov66_022324F0.c	between
ov45_022303BC	ov66_022342CC	src/overlay066/ov66_022324F0.c	between
ov45_022303E4	ov66_022342F4	src/overlay066/ov66_022324F0.c	between
ov45_022303FC	ov66_0223430C	src/overlay066/ov66_022324F0.c	between
ov45_0223040C	ov66_0223431C	src/overlay066/ov66_022324F0.c	called
ov45_02230434	ov66_02234344	src/overlay066/ov66_022324F0.c	between
ov45_0223045C	ov66_0223436C	src/overlay066/ov66_022324F0.c	between
ov45_0223048C	ov66_0223439C	src/overlay066/ov66_022324F0.c	called
ov45_02230498	ov66_022343A8	src/overlay066/ov66_022343A8.c	calls
ov45_02230638	ov66_02234548	src/overlay066/ov66_022343A8.c	called
ov45_02230680	ov66_02234590	src/overlay066/ov66_022343A8.c	between
ov45_022306B4	ov66_022345C4	src/overlay066/ov66_022343A8.c	between
ov45_022306F4	ov66_02234604	src/overlay066/ov66_022343A8.c	between
ov45_02230700	ov66_02234610	src/overlay066/ov66_022343A8.c	between
ov45_0223070C	ov66_0223461C	src/overlay066/ov66_022343A8.c	between
ov45_02230884	ov66_02234798	src/overlay066/ov66_022343A8.c	called
ov45_0223089C	ov66_022347B0	src/overlay066/ov66_022343A8.c	between
ov45_022308B0	ov66_022347C4	src/overlay066/ov66_022343A8.c	between
ov45_022308B8	ov66_022347CC	src/overlay066/ov66_022343A8.c	between
ov45_022308C0	ov66_022347D4	src/overlay066/ov66_022343A8.c	between
ov45_022308E4	ov66_022347F8	src/overlay066/ov66_022343A8.c	called
ov45_02230908	ov66_0223481C	src/overlay066/ov66_022343A8.c	between
ov45_02230920	ov66_02234834	src/overlay066/ov66_022343A8.c	between
ov45_0223093C	ov66_02234850	src/overlay066/ov66_022343A8.c	between
ov45_02230968	ov66_0223487C	src/overlay066/ov66_022343A8.c	between
ov45_02230974	ov66_02234888	src/overlay066/ov66_022343A8.c	between
ov45_02230978	ov66_0223488C	src/overlay066/ov66_022343A8.c	between
ov45_02230994	ov66_022348A8	src/overlay066/ov66_022343A8.c	between
ov45_0223099C	ov66_022348B0	src/overlay066/ov66_022343A8.c	called
ov45_022309C4	ov66_022348D8	src/overlay066/ov66_022343A8.c	called
ov45_022309D0	ov66_022348E4	src/overlay066/ov66_022343A8.c	between
ov45_022309E8	ov66_022348FC	src/overlay066/ov66_022343A8.c	calls
ov45_02230A44	ov66_02234958	src/overlay066/ov66_022343A8.c	between
ov45_02230A4C	ov66_02234960	src/overlay066/ov66_022343A8.c	called
ov45_02230A58	ov66_0223496C	src/overlay066/ov66_022343A8.c	called
ov45_02230A5C	ov66_02234970	src/overlay066/ov66_022343A8.c	called
ov45_02230A6C	ov66_02234980	src/overlay066/ov66_022343A8.c	called
ov45_02230AA4	ov66_022349B8	src/overlay066/ov66_022343A8.c	called
ov45_02230AB4	ov66_022349C8	src/overlay066/ov66_022343A8.c	between
ov45_02230AC0	ov66_022349D4	src/overlay066/ov66_022343A8.c	called
ov45_02230ACC	ov66_022349E0	src/overlay066/ov66_022343A8.c	called
ov45_02230B64	ov66_02234A78	src/overlay066/ov66_022343A8.c	calls
ov45_02230B8C	ov66_02234AA0	src/overlay066/ov66_022343A8.c	between
ov45_02230BFC	ov66_02234B10	src/overlay066/ov66_022343A8.c	between
ov45_02230C40	ov66_02234B54	src/overlay066/ov66_022343A8.c	between
ov45_02230CB0	ov66_02234BC4	src/overlay066/ov66_022343A8.c	called
ov45_02230CD8	ov66_02234BEC	src/overlay066/ov66_022343A8.c	calls
ov45_02230D20	ov66_02234C34	src/overlay066/ov66_022343A8.c	between
ov45_02230D5C	ov66_02234C70	src/overlay066/ov66_022343A8.c	calls
ov45_02230DC4	ov66_02234CD8	src/overlay066/ov66_022343A8.c	between
ov45_02230DF4	ov66_02234D08	src/overlay066/ov66_022343A8.c	called
ov45_02230E28	ov66_02234D3C	src/overlay066/ov66_022343A8.c	called
ov45_02230E64	ov66_02234D78	src/overlay066/ov66_022343A8.c	between
ov45_02230E78	ov66_02234D8C	src/overlay066/ov66_022343A8.c	between
ov45_02230F94	ov66_02234EA8	src/overlay066/ov66_02234EA8.c	called
ov46_02258800	ov67_0225C700	src/overlay067/ov67_0225C700.c	calls
ov46_0225892C	ov67_0225C820	src/overlay067/ov67_0225C700.c	calls
ov46_02258C38	ov67_0225CB1C	src/overlay067/ov67_0225C700.c	between
ov46_02258CB4	ov67_0225CB8C	src/overlay067/ov67_0225C700.c	between
ov46_02258DA8	ov67_0225CC6C	src/overlay067/ov67_0225C700.c	calls
ov46_02258EFC	ov67_0225CDC0	src/overlay067/ov67_0225C700.c	order
ov46_02258F70	ov67_0225CE28	src/overlay067/ov67_0225C700.c	order
ov46_02258F78	ov67_0225CE30	src/overlay067/ov67_0225C700.c	order
ov46_022592B8	ov67_0225D154	src/overlay067/ov67_0225C700.c	called
ov46_022592E0	ov67_0225D17C	src/overlay067/ov67_0225C700.c	order
ov46_022592EC	ov67_0225D188	src/overlay067/ov67_0225C700.c	calls
ov46_02259374	ov67_0225D210	src/overlay067/ov67_0225C700.c	calls
ov46_022593F8	ov67_0225D294	src/overlay067/ov67_0225C700.c	calls
ov46_02259450	ov67_0225D2EC	src/overlay067/ov67_0225C700.c	between
ov46_02259474	ov67_0225D310	src/overlay067/ov67_0225C700.c	called
ov46_02259494	ov67_0225D330	src/overlay067/ov67_0225C700.c	calls
ov47_02258898	ov68_0225C798	src/overlay068/ov68_0225C700.c	calls
ov47_022589A8	ov68_0225C8A8	src/overlay068/ov68_0225C700.c	calls
ov47_02258A14	ov68_0225C914	src/overlay068/ov68_0225C700.c	between
ov47_02258A1C	ov68_0225C91C	src/overlay068/ov68_0225C700.c	between
ov47_02258A60	ov68_0225C960	src/overlay068/ov68_0225C700.c	between
ov47_02258A80	ov68_0225C980	src/overlay068/ov68_0225C700.c	between
ov47_02258A8C	ov68_0225C98C	src/overlay068/ov68_0225C700.c	called
ov47_02258AA0	ov68_0225C9A0	src/overlay068/ov68_0225C700.c	calls
ov47_02258B8C	ov68_0225CA8C	src/overlay068/ov68_0225C700.c	called
ov47_02258BB4	ov68_0225CAB4	src/overlay068/ov68_0225C700.c	called
ov47_02258C44	ov68_0225CB44	src/overlay068/ov68_0225C700.c	called
ov47_02258C70	ov68_0225CB70	src/overlay068/ov68_0225C700.c	calls
ov47_02258CC0	ov68_0225CBC0	src/overlay068/ov68_0225C700.c	between
ov47_02258CEC	ov68_0225CBEC	src/overlay068/ov68_0225C700.c	called
ov47_02258D18	ov68_0225CC18	src/overlay068/ov68_0225C700.c	between
ov47_02258D44	ov68_0225CC44	src/overlay068/ov68_0225C700.c	between
ov47_02258D78	ov68_0225CC78	src/overlay068/ov68_0225C700.c	calls
ov47_02258DA8	ov68_0225CCA8	src/overlay068/ov68_0225C700.c	between
ov47_02258DB4	ov68_0225CCB4	src/overlay068/ov68_0225C700.c	between
ov47_02258DC8	ov68_0225CCC8	src/overlay068/ov68_0225C700.c	between
ov47_02258DD0	ov68_0225CCD0	src/overlay068/ov68_0225C700.c	called
ov47_02258F48	ov68_0225CE48	src/overlay068/ov68_0225C700.c	called
ov47_0225912C	ov68_0225D02C	src/overlay068/ov68_0225C700.c	called
ov47_0225916C	ov68_0225D06C	src/overlay068/ov68_0225C700.c	calls
ov47_022591F8	ov68_0225D0F8	src/overlay068/ov68_0225C700.c	calls
ov47_0225921C	ov68_0225D11C	src/overlay068/ov68_0225C700.c	between
ov47_02259228	ov68_0225D128	src/overlay068/ov68_0225C700.c	between
ov47_02259278	ov68_0225D178	src/overlay068/ov68_0225C700.c	between
ov47_022592B4	ov68_0225D1B4	src/overlay068/ov68_0225C700.c	between
ov47_02259318	ov68_0225D218	src/overlay068/ov68_0225C700.c	between
ov47_02259384	ov68_0225D284	src/overlay068/ov68_0225C700.c	between
ov47_022593A0	ov68_0225D2A0	src/overlay068/ov68_0225C700.c	called
ov47_022593B4	ov68_0225D2B4	src/overlay068/ov68_0225C700.c	between
ov47_022593CC	ov68_0225D2CC	src/overlay068/ov68_0225C700.c	between
ov47_02259404	ov68_0225D304	src/overlay068/ov68_0225C700.c	between
ov47_02259430	ov68_0225D330	src/overlay068/ov68_0225C700.c	between
ov47_02259448	ov68_0225D348	src/overlay068/ov68_0225C700.c	called
ov47_0225945C	ov68_0225D35C	src/overlay068/ov68_0225C700.c	between
ov47_0225946C	ov68_0225D36C	src/overlay068/ov68_0225C700.c	between
ov47_02259480	ov68_0225D380	src/overlay068/ov68_0225C700.c	between
ov47_02259488	ov68_0225D388	src/overlay068/ov68_0225C700.c	called
ov47_02259578	ov68_0225D478	src/overlay068/ov68_0225C700.c	called
ov47_02259968	ov68_0225D868	src/overlay068/ov68_0225C700.c	called
ov47_0225999C	ov68_0225D89C	src/overlay068/ov68_0225C700.c	calls
ov47_022599F0	ov68_0225D8F0	src/overlay068/ov68_0225C700.c	calls
ov47_02259B30	ov68_0225DA30	src/overlay068/ov68_0225C700.c	calls
ov47_02259B74	ov68_0225DA74	src/overlay068/ov68_0225C700.c	between
ov47_02259C3C	ov68_0225DB3C	src/overlay068/ov68_0225C700.c	calls
ov47_02259C8C	ov68_0225DB8C	src/overlay068/ov68_0225C700.c	between
ov47_02259D24	ov68_0225DC24	src/overlay068/ov68_0225C700.c	between
ov47_02259D40	ov68_0225DC40	src/overlay068/ov68_0225C700.c	between
ov47_02259D58	ov68_0225DC58	src/overlay068/ov68_0225C700.c	called
ov47_02259D74	ov68_0225DC74	src/overlay068/ov68_0225C700.c	between
ov47_02259DA4	ov68_0225DCA4	src/overlay068/ov68_0225C700.c	called
ov47_02259DCC	ov68_0225DCCC	src/overlay068/ov68_0225C700.c	calls
ov48_02258800	ov69_0225C700	src/overlay069/ov69_0225C700.c	calls
ov48_02258920	ov69_0225C820	src/overlay069/ov69_0225C700.c	calls
ov48_022589FC	ov69_0225C8FC	src/overlay069/ov69_0225C700.c	between
ov48_02258A80	ov69_0225C980	src/overlay069/ov69_0225C700.c	between
ov48_02258B7C	ov69_0225CA7C	src/overlay069/ov69_0225C700.c	between
ov48_02258BF4	ov69_0225CAF4	src/overlay069/ov69_0225C700.c	between
ov48_02258C6C	ov69_0225CB6C	src/overlay069/ov69_0225C700.c	called
ov48_02258CE4	ov69_0225CBE4	src/overlay069/ov69_0225C700.c	between
ov48_02258D54	ov69_0225CC54	src/overlay069/ov69_0225C700.c	between
ov48_02258F0C	ov69_0225CE0C	src/overlay069/ov69_0225C700.c	between
ov48_02258F64	ov69_0225CE64	src/overlay069/ov69_0225C700.c	called
ov48_02259030	ov69_0225CF30	src/overlay069/ov69_0225C700.c	called
ov48_02259050	ov69_0225CF50	src/overlay069/ov69_0225C700.c	called
ov48_02259090	ov69_0225CF90	src/overlay069/ov69_0225C700.c	between
ov48_0225909C	ov69_0225CF9C	src/overlay069/ov69_0225C700.c	between
ov48_02259130	ov69_0225D030	src/overlay069/ov69_0225C700.c	called
ov48_02259188	ov69_0225D088	src/overlay069/ov69_0225C700.c	called
ov48_022591D8	ov69_0225D0D8	src/overlay069/ov69_0225C700.c	between
ov48_022592E0	ov69_0225D194	src/overlay069/ov69_0225C700.c	called
ov48_0225932C	ov69_0225D1E0	src/overlay069/ov69_0225C700.c	between
ov48_022593B4	ov69_0225D268	src/overlay069/ov69_0225C700.c	called
ov48_022593F4	ov69_0225D2A8	src/overlay069/ov69_0225C700.c	called
ov48_02259464	ov69_0225D318	src/overlay069/ov69_0225C700.c	called
ov48_022594A8	ov69_0225D35C	src/overlay069/ov69_0225C700.c	calls
ov48_022594D0	ov69_0225D384	src/overlay069/ov69_0225C700.c	between
ov48_022594DC	ov69_0225D390	src/overlay069/ov69_0225C700.c	called
ov48_022594F0	ov69_0225D3A4	src/overlay069/ov69_0225C700.c	calls
ov48_02259650	ov69_0225D504	src/overlay069/ov69_0225C700.c	called
ov48_02259688	ov69_0225D53C	src/overlay069/ov69_0225C700.c	between
ov48_02259724	ov69_0225D5D8	src/overlay069/ov69_0225C700.c	called
ov48_02259750	ov69_0225D604	src/overlay069/ov69_0225C700.c	between
ov48_02259788	ov69_0225D63C	src/overlay069/ov69_0225C700.c	called
ov48_02259798	ov69_0225D64C	src/overlay069/ov69_0225C700.c	between
ov48_02259824	ov69_0225D6D8	src/overlay069/ov69_0225C700.c	called
ov48_02259868	ov69_0225D71C	src/overlay069/ov69_0225C700.c	called
ov48_02259874	ov69_0225D728	src/overlay069/ov69_0225C700.c	between
ov48_022598AC	ov69_0225D760	src/overlay069/ov69_0225C700.c	between
ov48_022598BC	ov69_0225D770	src/overlay069/ov69_0225C700.c	called
ov48_022598CC	ov69_0225D780	src/overlay069/ov69_0225C700.c	called
ov48_022598DC	ov69_0225D790	src/overlay069/ov69_0225C700.c	called
ov48_022598EC	ov69_0225D7A0	src/overlay069/ov69_0225C700.c	called
ov48_02259984	ov69_0225D838	src/overlay069/ov69_0225C700.c	called
ov48_022599A0	ov69_0225D854	src/overlay069/ov69_0225C700.c	between
ov48_02259A68	ov69_0225D91C	src/overlay069/ov69_0225C700.c	called
ov48_02259AD0	ov69_0225D984	src/overlay069/ov69_0225C700.c	between
ov48_02259B10	ov69_0225D9C4	src/overlay069/ov69_0225C700.c	called
ov48_02259B3C	ov69_0225D9F0	src/overlay069/ov69_0225C700.c	called
ov48_02259B68	ov69_0225DA1C	src/overlay069/ov69_0225C700.c	called
ov48_02259B84	ov69_0225DA38	src/overlay069/ov69_0225C700.c	between
ov48_02259BA0	ov69_0225DA54	src/overlay069/ov69_0225C700.c	between
ov48_02259BBC	ov69_0225DA70	src/overlay069/ov69_0225C700.c	called
ov48_02259BC0	ov69_0225DA74	src/overlay069/ov69_0225C700.c	called
ov48_02259C38	ov69_0225DAEC	src/overlay069/ov69_0225C700.c	called
ov48_02259C44	ov69_0225DAF8	src/overlay069/ov69_0225C700.c	between
ov48_02259C4C	ov69_0225DB00	src/overlay069/ov69_0225C700.c	between
ov48_02259C78	ov69_0225DB2C	src/overlay069/ov69_0225C700.c	between
ov48_02259CFC	ov69_0225DBB0	src/overlay069/ov69_0225C700.c	called
ov48_02259D00	ov69_0225DBB4	src/overlay069/ov69_0225C700.c	called
ov48_02259D94	ov69_0225DC48	src/overlay069/ov69_0225C700.c	called
ov48_02259DA0	ov69_0225DC54	src/overlay069/ov69_0225C700.c	called
ov48_02259E5C	ov69_0225DD10	src/overlay069/ov69_0225C700.c	called
ov48_02259E78	ov69_0225DD2C	src/overlay069/ov69_0225C700.c	calls
ov48_02259E90	ov69_0225DD44	src/overlay069/ov69_0225C700.c	calls
ov48_02259EAC	ov69_0225DD60	src/overlay069/ov69_0225C700.c	called
ov48_02259F14	ov69_0225DDC8	src/overlay069/ov69_0225C700.c	called
ov48_02259F48	ov69_0225DDFC	src/overlay069/ov69_0225C700.c	between
ov48_02259F8C	ov69_0225DE40	src/overlay069/ov69_0225C700.c	calls
ov48_02259FEC	ov69_0225DEA0	src/overlay069/ov69_0225C700.c	calls
ov48_0225A00C	ov69_0225DEC0	src/overlay069/ov69_0225C700.c	called
ov48_0225A108	ov69_0225DFBC	src/overlay069/ov69_0225C700.c	called
ov48_0225A158	ov69_0225E00C	src/overlay069/ov69_0225C700.c	between
ov48_0225A1D0	ov69_0225E084	src/overlay069/ov69_0225C700.c	between
ov48_0225A1EC	ov69_0225E0A0	src/overlay069/ov69_0225C700.c	calls
ov48_0225A20C	ov69_0225E0C0	src/overlay069/ov69_0225C700.c	called
ov48_0225A244	ov69_0225E0F8	src/overlay069/ov69_0225C700.c	called
ov48_0225A288	ov69_0225E13C	src/overlay069/ov69_0225C700.c	between
ov48_0225A294	ov69_0225E148	src/overlay069/ov69_0225C700.c	between
ov48_0225A2A0	ov69_0225E154	src/overlay069/ov69_0225C700.c	between
ov48_0225A2EC	ov69_0225E1A0	src/overlay069/ov69_0225C700.c	called
ov48_0225A30C	ov69_0225E1C0	src/overlay069/ov69_0225C700.c	between
ov48_0225A338	ov69_0225E1EC	src/overlay069/ov69_0225C700.c	called
ov48_0225A354	ov69_0225E208	src/overlay069/ov69_0225C700.c	called
ov48_0225A41C	ov69_0225E2D0	src/overlay069/ov69_0225C700.c	called
ov48_0225A428	ov69_0225E2DC	src/overlay069/ov69_0225C700.c	called
ov48_0225A430	ov69_0225E2E4	src/overlay069/ov69_0225C700.c	called
ov48_0225A43C	ov69_0225E2F0	src/overlay069/ov69_0225C700.c	between
ov48_0225A4B4	ov69_0225E368	src/overlay069/ov69_0225C700.c	between
ov48_0225A4C0	ov69_0225E374	src/overlay069/ov69_0225C700.c	between
ov48_0225A57C	ov69_0225E430	src/overlay069/ov69_0225C700.c	between
ov48_0225A5C4	ov69_0225E478	src/overlay069/ov69_0225C700.c	between
ov48_0225A634	ov69_0225E4E8	src/overlay069/ov69_0225C700.c	between
ov48_0225A650	ov69_0225E504	src/overlay069/ov69_0225C700.c	between
ov48_0225A668	ov69_0225E51C	src/overlay069/ov69_0225C700.c	between
ov48_0225A680	ov69_0225E534	src/overlay069/ov69_0225C700.c	between
ov48_0225A6DC	ov69_0225E590	src/overlay069/ov69_0225C700.c	calls
ov48_0225A768	ov69_0225E61C	src/overlay069/ov69_0225C700.c	between
ov48_0225A790	ov69_0225E644	src/overlay069/ov69_0225C700.c	between
ov48_0225A834	ov69_0225E6E8	src/overlay069/ov69_0225C700.c	between
ov48_0225A858	ov69_0225E70C	src/overlay069/ov69_0225C700.c	between
ov48_0225A868	ov69_0225E71C	src/overlay069/ov69_0225C700.c	between
ov48_0225A894	ov69_0225E748	src/overlay069/ov69_0225C700.c	calls
ov48_0225A928	ov69_0225E7DC	src/overlay069/ov69_0225C700.c	order
ov48_0225AA50	ov69_0225E8EC	src/overlay069/ov69_0225C700.c	order
ov48_0225AA5C	ov69_0225E910	src/overlay069/ov69_0225C700.c	order
ov48_0225AAAC	ov69_0225E960	src/overlay069/ov69_0225C700.c	order
ov48_0225AC34	ov69_0225EAE8	src/overlay069/ov69_0225C700.c	calls
ov48_0225ACAC	ov69_0225EB60	src/overlay069/ov69_0225C700.c	between
ov48_0225ACD8	ov69_0225EB8C	src/overlay069/ov69_0225C700.c	between
ov48_0225AD38	ov69_0225EBEC	src/overlay069/ov69_0225C700.c	between
ov48_0225AD54	ov69_0225EC08	src/overlay069/ov69_0225C700.c	calls
ov48_0225ADBC	ov69_0225EC70	src/overlay069/ov69_0225C700.c	called
ov48_0225ADF8	ov69_0225ECAC	src/overlay069/ov69_0225C700.c	called
ov48_0225AE3C	ov69_0225ECF0	src/overlay069/ov69_0225C700.c	called
ov48_0225AE58	ov69_0225ED0C	src/overlay069/ov69_0225C700.c	called
ov48_0225AE5C	ov69_0225ED10	src/overlay069/ov69_0225C700.c	called
ov48_0225AE60	ov69_0225ED14	src/overlay069/ov69_0225C700.c	between
ov48_0225AEA8	ov69_0225ED5C	src/overlay069/ov69_0225C700.c	between
ov48_0225AEC4	ov69_0225ED78	src/overlay069/ov69_0225C700.c	between
ov48_0225AEDC	ov69_0225ED90	src/overlay069/ov69_0225C700.c	called
ov48_0225AFB4	ov69_0225EE68	src/overlay069/ov69_0225C700.c	called
ov48_0225B010	ov69_0225EEC4	src/overlay069/ov69_0225C700.c	between
ov48_0225B038	ov69_0225EEEC	src/overlay069/ov69_0225C700.c	between
ov48_0225B050	ov69_0225EF04	src/overlay069/ov69_0225C700.c	called
ov48_0225B068	ov69_0225EF1C	src/overlay069/ov69_0225C700.c	called
ov48_0225B0A4	ov69_0225EF54	src/overlay069/ov69_0225C700.c	called
ov48_0225B0C4	ov69_0225EF74	src/overlay069/ov69_0225C700.c	between
ov48_0225B0D4	ov69_0225EF84	src/overlay069/ov69_0225C700.c	between
ov48_0225B0E0	ov69_0225EF90	src/overlay069/ov69_0225C700.c	calls
ov48_0225B108	ov69_0225EFB8	src/overlay069/ov69_0225C700.c	calls
ov49_02258800	ov70_0225C700	src/overlay070/ov70_0225C700.c	called
ov49_02258814	ov70_0225C714	src/overlay070/ov70_0225C700.c	called
ov49_02258830	ov70_0225C730	src/overlay070/ov70_0225C700.c	calls
ov49_022588A0	ov70_0225C7A0	src/overlay070/ov70_0225C700.c	called
ov49_02258958	ov70_0225C858	src/overlay070/ov70_0225C858.c	calls
ov49_02258994	ov70_0225C894	src/overlay070/ov70_0225C858.c	between
ov49_022589A8	ov70_0225C8A8	src/overlay070/ov70_0225C858.c	between
ov49_022589AC	ov70_0225C8AC	src/overlay070/ov70_0225C858.c	between
ov49_022589B8	ov70_0225C8B8	src/overlay070/ov70_0225C858.c	between
ov49_022589C4	ov70_0225C8C4	src/overlay070/ov70_0225C858.c	between
ov49_022589D8	ov70_0225C8D8	src/overlay070/ov70_0225C858.c	between
ov49_02258A30	ov70_0225C930	src/overlay070/ov70_0225C858.c	between
ov49_02258A50	ov70_0225C950	src/overlay070/ov70_0225C858.c	between
ov49_02258A70	ov70_0225C970	src/overlay070/ov70_0225C858.c	between
ov49_02258A90	ov70_0225C990	src/overlay070/ov70_0225C858.c	between
ov49_02258AB0	ov70_0225C9B0	src/overlay070/ov70_0225C858.c	between
ov49_02258AB4	ov70_0225C9B4	src/overlay070/ov70_0225C9B4.c	calls
ov49_02258B20	ov70_0225CA20	src/overlay070/ov70_0225C9B4.c	calls
ov49_02258B44	ov70_0225CA44	src/overlay070/ov70_0225C9B4.c	between
ov49_02258B5C	ov70_0225CA5C	src/overlay070/ov70_0225C9B4.c	between
ov49_02258BD4	ov70_0225CAD4	src/overlay070/ov70_0225C9B4.c	between
ov49_02258BE0	ov70_0225CAE0	src/overlay070/ov70_0225C9B4.c	between
ov49_02258BEC	ov70_0225CAEC	src/overlay070/ov70_0225C9B4.c	between
ov49_02258C08	ov70_0225CB08	src/overlay070/ov70_0225C9B4.c	between
ov49_02258C1C	ov70_0225CB1C	src/overlay070/ov70_0225C9B4.c	between
ov49_02258C28	ov70_0225CB28	src/overlay070/ov70_0225C9B4.c	between
ov49_02258C5C	ov70_0225CB5C	src/overlay070/ov70_0225C9B4.c	between
ov49_02258CB8	ov70_0225CBB8	src/overlay070/ov70_0225C9B4.c	between
ov49_02258D54	ov70_0225CC54	src/overlay070/ov70_0225C9B4.c	calls
ov49_02258D70	ov70_0225CC70	src/overlay070/ov70_0225C9B4.c	between
ov49_02258DAC	ov70_0225CCAC	src/overlay070/ov70_0225C9B4.c	called
ov49_02258DB0	ov70_0225CCB0	src/overlay070/ov70_0225C9B4.c	between
ov49_02258DB4	ov70_0225CCB4	src/overlay070/ov70_0225C9B4.c	between
ov49_02258E04	ov70_0225CD04	src/overlay070/ov70_0225C9B4.c	between
ov49_02258E34	ov70_0225CD34	src/overlay070/ov70_0225C9B4.c	between
ov49_02258E60	ov70_0225CD60	src/overlay070/ov70_0225C9B4.c	between
ov49_02258E7C	ov70_0225CD7C	src/overlay070/ov70_0225C9B4.c	between
ov49_02258EAC	ov70_0225CDAC	src/overlay070/ov70_0225C9B4.c	between
ov49_02258EEC	ov70_0225CDEC	src/overlay070/ov70_0225C9B4.c	called
ov49_02258F38	ov70_0225CE38	src/overlay070/ov70_0225C9B4.c	between
ov49_02258F3C	ov70_0225CE3C	src/overlay070/ov70_0225C9B4.c	between
ov49_02258F40	ov70_0225CE40	src/overlay070/ov70_0225C9B4.c	between
ov49_02258F70	ov70_0225CE70	src/overlay070/ov70_0225C9B4.c	between
ov49_02258F7C	ov70_0225CE7C	src/overlay070/ov70_0225C9B4.c	between
ov49_02258FDC	ov70_0225CEDC	src/overlay070/ov70_0225C9B4.c	called
ov49_0225904C	ov70_0225CF4C	src/overlay070/ov70_0225C9B4.c	between
ov49_02259130	ov70_0225D030	src/overlay070/ov70_0225C9B4.c	between
ov49_0225913C	ov70_0225D03C	src/overlay070/ov70_0225C9B4.c	between
ov49_02259148	ov70_0225D048	src/overlay070/ov70_0225C9B4.c	between
ov49_02259154	ov70_0225D054	src/overlay070/ov70_0225C9B4.c	between
ov49_02259160	ov70_0225D060	src/overlay070/ov70_0225C9B4.c	between
ov49_0225916C	ov70_0225D06C	src/overlay070/ov70_0225C9B4.c	between
ov49_02259184	ov70_0225D084	src/overlay070/ov70_0225C9B4.c	between
ov49_0225919C	ov70_0225D09C	src/overlay070/ov70_0225C9B4.c	between
ov49_022591B4	ov70_0225D0B4	src/overlay070/ov70_0225C9B4.c	between
ov49_022591C0	ov70_0225D0C0	src/overlay070/ov70_0225C9B4.c	between
ov49_022591CC	ov70_0225D0CC	src/overlay070/ov70_0225C9B4.c	between
ov49_022591D8	ov70_0225D0D8	src/overlay070/ov70_0225C9B4.c	called
ov49_0225927C	ov70_0225D17C	src/overlay070/ov70_0225C9B4.c	between
ov49_02259294	ov70_0225D194	src/overlay070/ov70_0225C9B4.c	between
ov49_022592A8	ov70_0225D1A8	src/overlay070/ov70_0225C9B4.c	between
ov49_02259320	ov70_0225D220	src/overlay070/ov70_0225C9B4.c	between
ov49_0225932C	ov70_0225D22C	src/overlay070/ov70_0225C9B4.c	between
ov49_022593BC	ov70_0225D2BC	src/overlay070/ov70_0225C9B4.c	between
ov49_022593C0	ov70_0225D2C0	src/overlay070/ov70_0225C9B4.c	called
ov49_022593FC	ov70_0225D2FC	src/overlay070/ov70_0225C9B4.c	between
ov49_0225940C	ov70_0225D30C	src/overlay070/ov70_0225C9B4.c	between
ov49_02259410	ov70_0225D310	src/overlay070/ov70_0225C9B4.c	between
ov49_022594D8	ov70_0225D3D8	src/overlay070/ov70_0225C9B4.c	between
ov49_022595CC	ov70_0225D4CC	src/overlay070/ov70_0225C9B4.c	between
ov49_0225967C	ov70_0225D57C	src/overlay070/ov70_0225C9B4.c	between
ov49_02259734	ov70_0225D634	src/overlay070/ov70_0225C9B4.c	between
ov49_02259740	ov70_0225D640	src/overlay070/ov70_0225C9B4.c	between
ov49_0225974C	ov70_0225D64C	src/overlay070/ov70_0225C9B4.c	between
ov49_02259758	ov70_0225D658	src/overlay070/ov70_0225C9B4.c	between
ov49_02259764	ov70_0225D664	src/overlay070/ov70_0225C9B4.c	called
ov49_0225991C	ov70_0225D81C	src/overlay070/ov70_0225C9B4.c	between
ov49_022599F8	ov70_0225D8F8	src/overlay070/ov70_0225C9B4.c	between
ov49_02259A20	ov70_0225D920	src/overlay070/ov70_0225C9B4.c	called
ov49_02259A3C	ov70_0225D93C	src/overlay070/ov70_0225C9B4.c	called
ov49_02259A54	ov70_0225D954	src/overlay070/ov70_0225C9B4.c	called
ov49_02259AA4	ov70_0225D9A4	src/overlay070/ov70_0225D9A4.c	between
ov49_02259C90	ov70_0225DB90	src/overlay070/ov70_0225D9A4.c	between
ov49_02259EF8	ov70_0225DDF8	src/overlay070/ov70_0225D9A4.c	between
ov49_02259FE8	ov70_0225DEE8	src/overlay070/ov70_0225D9A4.c	between
ov49_02259FEC	ov70_0225DEEC	src/overlay070/ov70_0225D9A4.c	between
ov49_02259FF0	ov70_0225DEF0	src/overlay070/ov70_0225D9A4.c	between
ov49_02259FF8	ov70_0225DEF8	src/overlay070/ov70_0225D9A4.c	between
ov49_0225A000	ov70_0225DF00	src/overlay070/ov70_0225D9A4.c	between
ov49_0225A008	ov70_0225DF08	src/overlay070/ov70_0225D9A4.c	between
ov49_0225A010	ov70_0225DF10	src/overlay070/ov70_0225D9A4.c	between
ov49_0225A018	ov70_0225DF18	src/overlay070/ov70_0225D9A4.c	between
ov49_0225A02C	ov70_0225DF2C	src/overlay070/ov70_0225D9A4.c	between
ov49_0225A030	ov70_0225DF30	src/overlay070/ov70_0225D9A4.c	between
ov49_0225A034	ov70_0225DF34	src/overlay070/ov70_0225D9A4.c	between
ov49_0225A038	ov70_0225DF38	src/overlay070/ov70_0225D9A4.c	called
ov49_0225A03C	ov70_0225DF3C	src/overlay070/ov70_0225D9A4.c	between
ov49_0225A040	ov70_0225DF40	src/overlay070/ov70_0225D9A4.c	between
ov49_0225A044	ov70_0225DF44	src/overlay070/ov70_0225D9A4.c	between
ov49_0225A04C	ov70_0225DF4C	src/overlay070/ov70_0225D9A4.c	between
ov49_0225A064	ov70_0225DF64	src/overlay070/ov70_0225D9A4.c	between
ov49_0225A06C	ov70_0225DF6C	src/overlay070/ov70_0225D9A4.c	between
ov49_0225A084	ov70_0225DF84	src/overlay070/ov70_0225D9A4.c	between
ov49_0225A08C	ov70_0225DF8C	src/overlay070/ov70_0225D9A4.c	between
ov49_0225A09C	ov70_0225DF9C	src/overlay070/ov70_0225D9A4.c	between
ov49_0225A0AC	ov70_0225DFAC	src/overlay070/ov70_0225D9A4.c	between
ov49_0225A0BC	ov70_0225DFBC	src/overlay070/ov70_0225D9A4.c	between
ov49_0225A0CC	ov70_0225DFCC	src/overlay070/ov70_0225D9A4.c	between
ov49_0225A0DC	ov70_0225DFDC	src/overlay070/ov70_0225D9A4.c	between
ov49_0225A0EC	ov70_0225DFEC	src/overlay070/ov70_0225D9A4.c	between
ov49_0225A0FC	ov70_0225DFFC	src/overlay070/ov70_0225D9A4.c	between
ov49_0225A10C	ov70_0225E00C	src/overlay070/ov70_0225D9A4.c	between
ov49_0225A120	ov70_0225E020	src/overlay070/ov70_0225D9A4.c	between
ov49_0225A134	ov70_0225E034	src/overlay070/ov70_0225D9A4.c	between
ov49_0225A144	ov70_0225E044	src/overlay070/ov70_0225D9A4.c	between
ov49_0225A154	ov70_0225E054	src/overlay070/ov70_0225D9A4.c	between
ov49_0225A164	ov70_0225E064	src/overlay070/ov70_0225D9A4.c	between
ov49_0225A174	ov70_0225E074	src/overlay070/ov70_0225D9A4.c	between
ov49_0225A1A4	ov70_0225E0A4	src/overlay070/ov70_0225D9A4.c	between
ov49_0225A1D4	ov70_0225E0D4	src/overlay070/ov70_0225D9A4.c	between
ov49_0225A1E4	ov70_0225E0E4	src/overlay070/ov70_0225D9A4.c	between
ov49_0225A1F4	ov70_0225E0F4	src/overlay070/ov70_0225D9A4.c	between
ov49_0225A204	ov70_0225E104	src/overlay070/ov70_0225D9A4.c	between
ov49_0225A22C	ov70_0225E12C	src/overlay070/ov70_0225D9A4.c	between
ov49_0225A23C	ov70_0225E13C	src/overlay070/ov70_0225D9A4.c	between
ov49_0225A24C	ov70_0225E14C	src/overlay070/ov70_0225D9A4.c	between
ov49_0225A264	ov70_0225E164	src/overlay070/ov70_0225D9A4.c	between
ov49_0225A294	ov70_0225E194	src/overlay070/ov70_0225D9A4.c	between
ov49_0225A2C4	ov70_0225E1C4	src/overlay070/ov70_0225D9A4.c	between
ov49_0225A2F8	ov70_0225E1F8	src/overlay070/ov70_0225D9A4.c	between
ov49_0225A30C	ov70_0225E20C	src/overlay070/ov70_0225D9A4.c	between
ov49_0225A31C	ov70_0225E21C	src/overlay070/ov70_0225D9A4.c	between
ov49_0225A334	ov70_0225E234	src/overlay070/ov70_0225D9A4.c	calls
ov49_0225A37C	ov70_0225E27C	src/overlay070/ov70_0225D9A4.c	between
ov49_0225A38C	ov70_0225E28C	src/overlay070/ov70_0225D9A4.c	between
ov49_0225A39C	ov70_0225E29C	src/overlay070/ov70_0225D9A4.c	between
ov49_0225A3AC	ov70_0225E2AC	src/overlay070/ov70_0225D9A4.c	between
ov49_0225A3BC	ov70_0225E2BC	src/overlay070/ov70_0225D9A4.c	between
ov49_0225A3CC	ov70_0225E2CC	src/overlay070/ov70_0225D9A4.c	between
ov49_0225A3DC	ov70_0225E2DC	src/overlay070/ov70_0225D9A4.c	between
ov49_0225A3EC	ov70_0225E2EC	src/overlay070/ov70_0225D9A4.c	between
ov49_0225A3FC	ov70_0225E2FC	src/overlay070/ov70_0225D9A4.c	between
ov49_0225A40C	ov70_0225E30C	src/overlay070/ov70_0225D9A4.c	between
ov49_0225A428	ov70_0225E328	src/overlay070/ov70_0225D9A4.c	between
ov49_0225A478	ov70_0225E378	src/overlay070/ov70_0225D9A4.c	between
ov49_0225A490	ov70_0225E390	src/overlay070/ov70_0225D9A4.c	between
ov49_0225A4D0	ov70_0225E3D0	src/overlay070/ov70_0225D9A4.c	between
ov49_0225A4E0	ov70_0225E3E0	src/overlay070/ov70_0225D9A4.c	between
ov49_0225A4F0	ov70_0225E3F0	src/overlay070/ov70_0225D9A4.c	between
ov49_0225A500	ov70_0225E400	src/overlay070/ov70_0225D9A4.c	between
ov49_0225A510	ov70_0225E410	src/overlay070/ov70_0225D9A4.c	between
ov49_0225A520	ov70_0225E420	src/overlay070/ov70_0225D9A4.c	between
ov49_0225A530	ov70_0225E430	src/overlay070/ov70_0225D9A4.c	between
ov49_0225A53C	ov70_0225E43C	src/overlay070/ov70_0225D9A4.c	between
ov49_0225A54C	ov70_0225E44C	src/overlay070/ov70_0225D9A4.c	between
ov49_0225A55C	ov70_0225E45C	src/overlay070/ov70_0225D9A4.c	between
ov49_0225A56C	ov70_0225E46C	src/overlay070/ov70_0225D9A4.c	between
ov49_0225A5AC	ov70_0225E4AC	src/overlay070/ov70_0225D9A4.c	between
ov49_0225A5C8	ov70_0225E4C8	src/overlay070/ov70_0225D9A4.c	between
ov49_0225A5EC	ov70_0225E4EC	src/overlay070/ov70_0225D9A4.c	calls
ov49_0225A7C0	ov70_0225E6C0	src/overlay070/ov70_0225D9A4.c	between
ov49_0225A7D0	ov70_0225E6D0	src/overlay070/ov70_0225D9A4.c	calls
ov49_0225A840	ov70_0225E740	src/overlay070/ov70_0225D9A4.c	called
ov49_0225A854	ov70_0225E754	src/overlay070/ov70_0225D9A4.c	between
ov49_0225A98C	ov70_0225E88C	src/overlay070/ov70_0225D9A4.c	called
ov49_0225AA2C	ov70_0225E92C	src/overlay070/ov70_0225D9A4.c	called
ov49_0225AA70	ov70_0225E970	src/overlay070/ov70_0225D9A4.c	between
ov49_0225AAC8	ov70_0225E9C8	src/overlay070/ov70_0225D9A4.c	between
ov49_0225AB14	ov70_0225EA14	src/overlay070/ov70_0225D9A4.c	called
ov49_0225AB44	ov70_0225EA44	src/overlay070/ov70_0225D9A4.c	called
ov49_0225ABA4	ov70_0225EAA4	src/overlay070/ov70_0225D9A4.c	called
ov49_0225AC08	ov70_0225EB08	src/overlay070/ov70_0225D9A4.c	called
ov49_0225AC24	ov70_0225EB24	src/overlay070/ov70_0225D9A4.c	called
ov49_0225AC38	ov70_0225EB38	src/overlay070/ov70_0225D9A4.c	between
ov49_0225AC4C	ov70_0225EB4C	src/overlay070/ov70_0225D9A4.c	called
ov49_0225AC5C	ov70_0225EB5C	src/overlay070/ov70_0225D9A4.c	called
ov49_0225AC74	ov70_0225EB74	src/overlay070/ov70_0225D9A4.c	called
ov49_0225ACA8	ov70_0225EBA8	src/overlay070/ov70_0225D9A4.c	between
ov49_0225ACBC	ov70_0225EBBC	src/overlay070/ov70_0225D9A4.c	called
ov49_0225ACC4	ov70_0225EBC4	src/overlay070/ov70_0225D9A4.c	calls
ov49_0225AD20	ov70_0225EC20	src/overlay070/ov70_0225D9A4.c	calls
ov49_0225AE4C	ov70_0225ED4C	src/overlay070/ov70_0225D9A4.c	called
ov49_0225AEA8	ov70_0225EDA8	src/overlay070/ov70_0225D9A4.c	called
ov49_0225AEE0	ov70_0225EDE0	src/overlay070/ov70_0225D9A4.c	called
ov49_0225AEF8	ov70_0225EDF8	src/overlay070/ov70_0225D9A4.c	called
ov49_0225AF04	ov70_0225EE04	src/overlay070/ov70_0225D9A4.c	called
ov49_0225AF08	ov70_0225EE08	src/overlay070/ov70_0225D9A4.c	called
ov49_0225AF30	ov70_0225EE30	src/overlay070/ov70_0225D9A4.c	called
ov49_0225AFD8	ov70_0225EED8	src/overlay070/ov70_0225D9A4.c	calls
ov49_0225B014	ov70_0225EF14	src/overlay070/ov70_0225D9A4.c	called
ov49_0225B058	ov70_0225EF58	src/overlay070/ov70_0225D9A4.c	between
ov49_0225B06C	ov70_0225EF6C	src/overlay070/ov70_0225D9A4.c	called
ov49_0225B070	ov70_0225EF70	src/overlay070/ov70_0225D9A4.c	called
ov49_0225B0D4	ov70_0225EFD4	src/overlay070/ov70_0225D9A4.c	between
ov49_0225B0D8	ov70_0225EFD8	src/overlay070/ov70_0225D9A4.c	called
ov49_0225B0E0	ov70_0225EFE0	src/overlay070/ov70_0225D9A4.c	calls
ov49_0225B124	ov70_0225F024	src/overlay070/ov70_0225D9A4.c	called
ov49_0225B178	ov70_0225F078	src/overlay070/ov70_0225D9A4.c	called
ov49_0225B198	ov70_0225F098	src/overlay070/ov70_0225D9A4.c	order
ov49_0225B200	ov70_0225F100	src/overlay070/ov70_0225D9A4.c	called
ov49_0225B214	ov70_0225F114	src/overlay070/ov70_0225D9A4.c	order
ov49_0225B244	ov70_0225F144	src/overlay070/ov70_0225D9A4.c	called
ov49_0225B24C	ov70_0225F14C	src/overlay070/ov70_0225D9A4.c	calls
ov49_0225B284	ov70_0225F184	src/overlay070/ov70_0225D9A4.c	called
ov49_0225B2C0	ov70_0225F1C0	src/overlay070/ov70_0225D9A4.c	between
ov49_0225B2F0	ov70_0225F1F0	src/overlay070/ov70_0225D9A4.c	between
ov49_0225B308	ov70_0225F208	src/overlay070/ov70_0225D9A4.c	calls
ov49_0225B35C	ov70_0225F25C	src/overlay070/ov70_0225D9A4.c	calls
ov49_0225B388	ov70_0225F288	src/overlay070/ov70_0225D9A4.c	called
ov49_0225B3A8	ov70_0225F2A8	src/overlay070/ov70_0225D9A4.c	called
ov49_0225B3C8	ov70_0225F2C8	src/overlay070/ov70_0225D9A4.c	called
ov49_0225B3D8	ov70_0225F2D8	src/overlay070/ov70_0225D9A4.c	called
ov49_0225B3E8	ov70_0225F2E8	src/overlay070/ov70_0225D9A4.c	called
ov49_0225B3F8	ov70_0225F2F8	src/overlay070/ov70_0225D9A4.c	called
ov49_0225B408	ov70_0225F308	src/overlay070/ov70_0225D9A4.c	between
ov49_0225B418	ov70_0225F318	src/overlay070/ov70_0225D9A4.c	between
ov49_0225B42C	ov70_0225F32C	src/overlay070/ov70_0225D9A4.c	between
ov49_0225B438	ov70_0225F338	src/overlay070/ov70_0225D9A4.c	between
ov49_0225B444	ov70_0225F344	src/overlay070/ov70_0225D9A4.c	between
ov49_0225B450	ov70_0225F350	src/overlay070/ov70_0225D9A4.c	calls
ov49_0225B4E4	ov70_0225F3E4	src/overlay070/ov70_0225D9A4.c	called
ov49_0225B518	ov70_0225F418	src/overlay070/ov70_0225D9A4.c	between
ov49_0225B898	ov70_0225F798	src/overlay070/ov70_0225D9A4.c	called
ov49_0225B89C	ov70_0225F79C	src/overlay070/ov70_0225D9A4.c	called
ov49_0225B8A8	ov70_0225F7A8	src/overlay070/ov70_0225D9A4.c	called
ov49_0225B8E0	ov70_0225F7E0	src/overlay070/ov70_0225D9A4.c	called
ov49_0225B8EC	ov70_0225F7EC	src/overlay070/ov70_0225D9A4.c	called
ov49_0225B8F8	ov70_0225F7F8	src/overlay070/ov70_0225D9A4.c	called
ov49_0225B8FC	ov70_0225F7FC	src/overlay070/ov70_0225D9A4.c	called
ov49_0225B914	ov70_0225F814	src/overlay070/ov70_0225D9A4.c	called
ov49_0225B928	ov70_0225F828	src/overlay070/ov70_0225D9A4.c	called
ov49_0225B934	ov70_0225F834	src/overlay070/ov70_0225D9A4.c	called
ov49_0225B944	ov70_0225F844	src/overlay070/ov70_0225D9A4.c	between
ov49_0225B99C	ov70_0225F89C	src/overlay070/ov70_0225D9A4.c	called
ov49_0225B9AC	ov70_0225F8AC	src/overlay070/ov70_0225D9A4.c	between
ov49_0225B9F0	ov70_0225F8F0	src/overlay070/ov70_0225D9A4.c	between
ov49_0225BA20	ov70_0225F920	src/overlay070/ov70_0225D9A4.c	called
ov49_0225BA34	ov70_0225F934	src/overlay070/ov70_0225D9A4.c	called
ov49_0225BA40	ov70_0225F940	src/overlay070/ov70_0225D9A4.c	between
ov49_0225BA5C	ov70_0225F95C	src/overlay070/ov70_0225D9A4.c	between
ov49_0225BABC	ov70_0225F9BC	src/overlay070/ov70_0225D9A4.c	called
ov49_0225BB10	ov70_0225FA10	src/overlay070/ov70_0225D9A4.c	order
ov49_0225BB84	ov70_0225FA84	src/overlay070/ov70_0225D9A4.c	called
ov49_0225BBA8	ov70_0225FAA8	src/overlay070/ov70_0225D9A4.c	between
ov49_0225BBCC	ov70_0225FACC	src/overlay070/ov70_0225D9A4.c	between
ov49_0225BBD0	ov70_0225FAD0	src/overlay070/ov70_0225D9A4.c	called
ov49_0225BEA0	ov70_0225FDA0	src/overlay070/ov70_0225D9A4.c	calls
ov49_0225BF80	ov70_0225FE80	src/overlay070/ov70_0225D9A4.c	called
ov49_0225BFC4	ov70_0225FEC4	src/overlay070/ov70_0225D9A4.c	order
ov49_0225BFEC	ov70_0225FEEC	src/overlay070/ov70_0225D9A4.c	order
ov49_0225BFF0	ov70_0225FEF0	src/overlay070/ov70_0225D9A4.c	order
ov49_0225C180	ov70_02260080	src/overlay070/ov70_0225D9A4.c	order
ov49_0225C328	ov70_02260228	src/overlay070/ov70_0225D9A4.c	calls
ov49_0225C368	ov70_02260268	src/overlay070/ov70_0225D9A4.c	between
ov49_0225C3C0	ov70_022602C0	src/overlay070/ov70_0225D9A4.c	between
ov49_0225C3DC	ov70_022602DC	src/overlay070/ov70_0225D9A4.c	between
ov49_0225C414	ov70_02260314	src/overlay070/ov70_0225D9A4.c	calls
ov49_0225C460	ov70_02260360	src/overlay070/ov70_0225D9A4.c	between
ov49_0225C470	ov70_02260370	src/overlay070/ov70_0225D9A4.c	between
ov49_0225C480	ov70_02260380	src/overlay070/ov70_0225D9A4.c	between
ov49_0225C4B0	ov70_022603B0	src/overlay070/ov70_0225D9A4.c	between
ov49_0225C4CC	ov70_022603CC	src/overlay070/ov70_0225D9A4.c	between
ov49_0225C78C	ov70_0226068C	src/overlay070/ov70_0225D9A4.c	calls
ov49_0225C828	ov70_02260728	src/overlay070/ov70_0225D9A4.c	between
ov49_0225C844	ov70_02260744	src/overlay070/ov70_0225D9A4.c	called
ov49_0225C8A8	ov70_022607A8	src/overlay070/ov70_0225D9A4.c	between
ov49_0225C8D4	ov70_022607D4	src/overlay070/ov70_0225D9A4.c	between
ov49_0225C970	ov70_02260870	src/overlay070/ov70_0225D9A4.c	calls
ov49_0225CA30	ov70_02260930	src/overlay070/ov70_0225D9A4.c	called
ov49_0225CAA8	ov70_022609A8	src/overlay070/ov70_0225D9A4.c	calls
ov49_0225CAD4	ov70_022609D4	src/overlay070/ov70_0225D9A4.c	called
ov49_0225CB68	ov70_02260A68	src/overlay070/ov70_0225D9A4.c	called
ov49_0225CB70	ov70_02260A50	src/overlay070/ov70_0225D9A4.c	order
ov49_0225CB78	ov70_02260A70	src/overlay070/ov70_02260A70.c	calls
ov49_0225CBDC	ov70_02260AD4	src/overlay070/ov70_02260A70.c	calls
ov49_0225CBF4	ov70_02260AEC	src/overlay070/ov70_02260A70.c	between
ov49_0225CC20	ov70_02260B18	src/overlay070/ov70_02260A70.c	between
ov49_0225CC28	ov70_02260B20	src/overlay070/ov70_02260A70.c	between
ov49_0225CC40	ov70_02260B38	src/overlay070/ov70_02260A70.c	between
ov49_0225CC44	ov70_02260B3C	src/overlay070/ov70_02260A70.c	between
ov49_0225CC4C	ov70_02260B44	src/overlay070/ov70_02260B44.c	between
ov49_0225CCC0	ov70_02260BB8	src/overlay070/ov70_02260B44.c	between
ov49_0225CCF0	ov70_02260BE8	src/overlay070/ov70_02260B44.c	between
ov49_0225CD58	ov70_02260C50	src/overlay070/ov70_02260B44.c	between
ov49_0225CDE8	ov70_02260CE0	src/overlay070/ov70_02260B44.c	between
ov49_0225CDEC	ov70_02260CE4	src/overlay070/ov70_02260B44.c	between
ov49_0225CE88	ov70_02260D80	src/overlay070/ov70_02260B44.c	called
ov49_0225CED0	ov70_02260DC8	src/overlay070/ov70_02260B44.c	between
ov49_0225CEFC	ov70_02260DF4	src/overlay070/ov70_02260B44.c	between
ov49_0225CF28	ov70_02260E20	src/overlay070/ov70_02260B44.c	between
ov49_0225CF94	ov70_02260E8C	src/overlay070/ov70_02260B44.c	between
ov49_0225CFA8	ov70_02260EA0	src/overlay070/ov70_02260B44.c	between
ov49_0225CFEC	ov70_02260EE4	src/overlay070/ov70_02260B44.c	between
ov49_0225D030	ov70_02260F28	src/overlay070/ov70_02260B44.c	between
ov49_0225D040	ov70_02260F38	src/overlay070/ov70_02260B44.c	between
ov49_0225D04C	ov70_02260F44	src/overlay070/ov70_02260B44.c	between
ov49_0225D064	ov70_02260F5C	src/overlay070/ov70_02260B44.c	between
ov49_0225D07C	ov70_02260F74	src/overlay070/ov70_02260B44.c	between
ov49_0225D088	ov70_02260F80	src/overlay070/ov70_02260B44.c	between
ov49_0225D090	ov70_02260F88	src/overlay070/ov70_02260B44.c	between
ov49_0225D098	ov70_02260F90	src/overlay070/ov70_02260B44.c	between
ov49_0225D160	ov70_02261058	src/overlay070/ov70_02260B44.c	between
ov49_0225D1C0	ov70_022610B8	src/overlay070/ov70_02260B44.c	between
ov49_0225D1C4	ov70_022610BC	src/overlay070/ov70_02260B44.c	called
ov49_0225D1EC	ov70_022610E4	src/overlay070/ov70_02260B44.c	between
ov49_0225D214	ov70_0226110C	src/overlay070/ov70_02260B44.c	between
ov49_0225D224	ov70_0226111C	src/overlay070/ov70_02260B44.c	called
ov49_0225D328	ov70_02261220	src/overlay070/ov70_02260B44.c	between
ov49_0225D394	ov70_0226128C	src/overlay070/ov70_02260B44.c	between
ov49_0225D3BC	ov70_022612B4	src/overlay070/ov70_02260B44.c	between
ov49_0225D3F8	ov70_022612F0	src/overlay070/ov70_02260B44.c	between
ov49_0225D450	ov70_02261348	src/overlay070/ov70_02260B44.c	called
ov49_0225D470	ov70_02261368	src/overlay070/ov70_02260B44.c	between
ov49_0225D494	ov70_0226138C	src/overlay070/ov70_02260B44.c	between
ov49_0225D4A0	ov70_02261398	src/overlay070/ov70_02260B44.c	between
ov49_0225D4C8	ov70_022613C0	src/overlay070/ov70_02260B44.c	between
ov49_0225D4D0	ov70_022613C8	src/overlay070/ov70_02260B44.c	between
ov49_0225D4E8	ov70_022613E0	src/overlay070/ov70_02260B44.c	between
ov49_0225D4F0	ov70_022613E8	src/overlay070/ov70_02260B44.c	between
ov49_0225D4FC	ov70_022613F4	src/overlay070/ov70_02260B44.c	called
ov49_0225D520	ov70_02261418	src/overlay070/ov70_02260B44.c	called
ov49_0225D528	ov70_02261420	src/overlay070/ov70_02260B44.c	calls
ov49_0225D574	ov70_0226146C	src/overlay070/ov70_02260B44.c	between
ov49_0225D57C	ov70_02261474	src/overlay070/ov70_02260B44.c	between
ov49_0225D5A0	ov70_02261498	src/overlay070/ov70_02260B44.c	between
ov49_0225D5C8	ov70_022614C0	src/overlay070/ov70_02260B44.c	between
ov49_0225D5E4	ov70_022614DC	src/overlay070/ov70_02260B44.c	between
ov49_0225D5FC	ov70_022614F4	src/overlay070/ov70_02260B44.c	called
ov49_0225D6AC	ov70_022615A4	src/overlay070/ov70_02260B44.c	between
ov49_0225D6F0	ov70_022615E8	src/overlay070/ov70_02260B44.c	called
ov49_0225D76C	ov70_02261664	src/overlay070/ov70_02260B44.c	between
ov49_0225D7B8	ov70_022616B0	src/overlay070/ov70_02260B44.c	called
ov49_0225D804	ov70_022616FC	src/overlay070/ov70_02260B44.c	between
ov49_0225D820	ov70_02261718	src/overlay070/ov70_02260B44.c	between
ov49_0225D854	ov70_0226174C	src/overlay070/ov70_02260B44.c	called
ov49_0225D9D0	ov70_022618C8	src/overlay070/ov70_02260B44.c	between
ov49_0225DA70	ov70_02261968	src/overlay070/ov70_02260B44.c	called
ov49_0225DAFC	ov70_022619F4	src/overlay070/ov70_02260B44.c	between
ov49_0225DBF8	ov70_02261AF0	src/overlay070/ov70_02260B44.c	called
ov49_0225DC2C	ov70_02261B24	src/overlay070/ov70_02260B44.c	called
ov49_0225DCBC	ov70_02261BB4	src/overlay070/ov70_02260B44.c	between
ov49_0225DD0C	ov70_02261C04	src/overlay070/ov70_02260B44.c	calls
ov49_0225DD68	ov70_02261C60	src/overlay070/ov70_02260B44.c	called
ov49_0225DF18	ov70_02261E10	src/overlay070/ov70_02261E10.c	between
ov49_0225E2B4	ov70_022621AC	src/overlay070/ov70_02261E10.c	called
ov49_0225E318	ov70_02262210	src/overlay070/ov70_02261E10.c	between
ov49_0225E3A0	ov70_02262298	src/overlay070/ov70_02261E10.c	between
ov49_0225E3AC	ov70_022622A4	src/overlay070/ov70_02261E10.c	called
ov49_0225E3B8	ov70_022622B0	src/overlay070/ov70_02261E10.c	between
ov49_0225E3F4	ov70_022622EC	src/overlay070/ov70_02261E10.c	between
ov49_0225E420	ov70_02262318	src/overlay070/ov70_02261E10.c	between
ov49_0225E47C	ov70_02262374	src/overlay070/ov70_02261E10.c	between
ov49_0225E4A4	ov70_0226239C	src/overlay070/ov70_02261E10.c	between
ov49_0225E4CC	ov70_022623C4	src/overlay070/ov70_02261E10.c	between
ov49_0225E4F8	ov70_022623F0	src/overlay070/ov70_02261E10.c	between
ov49_0225E524	ov70_0226241C	src/overlay070/ov70_02261E10.c	between
ov49_0225E54C	ov70_02262444	src/overlay070/ov70_02261E10.c	between
ov49_0225E574	ov70_0226246C	src/overlay070/ov70_02261E10.c	between
ov49_0225E580	ov70_02262478	src/overlay070/ov70_02261E10.c	between
ov49_0225E58C	ov70_02262484	src/overlay070/ov70_02261E10.c	between
ov49_0225E624	ov70_0226251C	src/overlay070/ov70_02261E10.c	between
ov49_0225E6E0	ov70_022625D8	src/overlay070/ov70_02261E10.c	between
ov49_0225E714	ov70_0226260C	src/overlay070/ov70_02261E10.c	between
ov49_0225E760	ov70_02262658	src/overlay070/ov70_02261E10.c	between
ov49_0225E824	ov70_0226271C	src/overlay070/ov70_02261E10.c	between
ov49_0225E82C	ov70_02262724	src/overlay070/ov70_02261E10.c	between
ov49_0225E85C	ov70_02262754	src/overlay070/ov70_02261E10.c	called
ov49_0225E894	ov70_0226278C	src/overlay070/ov70_02261E10.c	between
ov49_0225E8C4	ov70_022627BC	src/overlay070/ov70_02261E10.c	called
ov49_0225E9D0	ov70_022628C8	src/overlay070/ov70_02261E10.c	called
ov49_0225EA10	ov70_02262908	src/overlay070/ov70_02261E10.c	between
ov49_0225EA40	ov70_02262938	src/overlay070/ov70_02261E10.c	between
ov49_0225EA70	ov70_02262968	src/overlay070/ov70_02261E10.c	called
ov49_0225EAB4	ov70_022629AC	src/overlay070/ov70_02261E10.c	called
ov49_0225EAE0	ov70_022629DC	src/overlay070/ov70_02261E10.c	between
ov49_0225EB00	ov70_022629FC	src/overlay070/ov70_02261E10.c	between
ov49_0225EB08	ov70_02262A04	src/overlay070/ov70_02261E10.c	called
ov49_0225EB54	ov70_02262A50	src/overlay070/ov70_02261E10.c	between
ov49_0225EB84	ov70_02262A80	src/overlay070/ov70_02261E10.c	between
ov49_0225EBA8	ov70_02262AA4	src/overlay070/ov70_02261E10.c	between
ov49_0225EBE4	ov70_02262AE0	src/overlay070/ov70_02261E10.c	called
ov49_0225EC28	ov70_02262B24	src/overlay070/ov70_02261E10.c	between
ov49_0225EC30	ov70_02262B2C	src/overlay070/ov70_02261E10.c	between
ov49_0225ECD4	ov70_02262BD0	src/overlay070/ov70_02261E10.c	called
ov49_0225ECF0	ov70_02262BEC	src/overlay070/ov70_02261E10.c	called
ov49_0225ED68	ov70_02262C64	src/overlay070/ov70_02261E10.c	between
ov49_0225ED98	ov70_02262C94	src/overlay070/ov70_02261E10.c	called
ov49_0225EE10	ov70_02262D0C	src/overlay070/ov70_02261E10.c	between
ov49_0225EE4C	ov70_02262D48	src/overlay070/ov70_02261E10.c	between
ov49_0225EEAC	ov70_02262DA8	src/overlay070/ov70_02262DA8.c	between
ov49_0225EEF8	ov70_02262DF4	src/overlay070/ov70_02262DA8.c	called
ov49_0225EF24	ov70_02262E20	src/overlay070/ov70_02262DA8.c	between
ov49_0225EF30	ov70_02262E2C	src/overlay070/ov70_02262DA8.c	between
ov49_0225EF3C	ov70_02262E38	src/overlay070/ov70_02262DA8.c	between
ov49_0225EF40	ov70_02262E3C	src/overlay070/ov70_02262DA8.c	between
ov49_0225EF68	ov70_02262E64	src/overlay070/ov70_02262DA8.c	between
ov49_0225EF84	ov70_02262E80	src/overlay070/ov70_02262DA8.c	between
ov49_0225EF88	ov70_02262E84	src/overlay070/ov70_02262DA8.c	between
ov49_0225EF8C	ov70_02262E88	src/overlay070/ov70_02262DA8.c	between
ov49_0225EF90	ov70_02262E8C	src/overlay070/ov70_02262DA8.c	between
ov49_0225EF98	ov70_02262E94	src/overlay070/ov70_02262DA8.c	between
ov49_0225EFC4	ov70_02262EC0	src/overlay070/ov70_02262DA8.c	between
ov49_0225EFF0	ov70_02262EEC	src/overlay070/ov70_02262DA8.c	between
ov49_0225F018	ov70_02262F14	src/overlay070/ov70_02262DA8.c	called
ov49_0225F068	ov70_02262F64	src/overlay070/ov70_02262DA8.c	called
ov49_0225F074	ov70_02262F70	src/overlay070/ov70_02262DA8.c	between
ov49_0225F098	ov70_02262F94	src/overlay070/ov70_02262DA8.c	between
ov49_0225F0D8	ov70_02262FD4	src/overlay070/ov70_02262DA8.c	between
ov49_0225F10C	ov70_02263008	src/overlay070/ov70_02262DA8.c	between
ov49_0225F110	ov70_0226300C	src/overlay070/ov70_02262DA8.c	between
ov49_0225F148	ov70_02263044	src/overlay070/ov70_02262DA8.c	between
ov49_0225F170	ov70_0226306C	src/overlay070/ov70_02262DA8.c	between
ov49_0225F180	ov70_0226307C	src/overlay070/ov70_02262DA8.c	between
ov49_0225F190	ov70_0226308C	src/overlay070/ov70_02262DA8.c	between
ov49_0225F19C	ov70_02263098	src/overlay070/ov70_02262DA8.c	between
ov49_0225F1A8	ov70_022630A4	src/overlay070/ov70_022630A4.c	between
ov49_0225F1F0	ov70_022630EC	src/overlay070/ov70_022630A4.c	between
ov49_0225F224	ov70_02263120	src/overlay070/ov70_022630A4.c	between
ov49_0225F260	ov70_0226315C	src/overlay070/ov70_022630A4.c	between
ov49_0225F2FC	ov70_022631F8	src/overlay070/ov70_022630A4.c	between
ov49_0225F334	ov70_02263230	src/overlay070/ov70_022630A4.c	between
ov49_0225F374	ov70_02263270	src/overlay070/ov70_022630A4.c	between
ov49_0225F394	ov70_02263290	src/overlay070/ov70_022630A4.c	between
ov49_0225F430	ov70_0226332C	src/overlay070/ov70_022630A4.c	between
ov49_0225F438	ov70_02263334	src/overlay070/ov70_022630A4.c	between
ov49_0225F448	ov70_02263344	src/overlay070/ov70_022630A4.c	between
ov49_0225F518	ov70_02263414	src/overlay070/ov70_022630A4.c	between
ov49_0225FA14	ov70_02263910	src/overlay070/ov70_022630A4.c	between
ov49_0225FB5C	ov70_02263A58	src/overlay070/ov70_022630A4.c	between
ov49_0225FCA8	ov70_02263BA4	src/overlay070/ov70_022630A4.c	between
ov49_0225FDCC	ov70_02263CC8	src/overlay070/ov70_022630A4.c	between
ov49_02260230	ov70_0226412C	src/overlay070/ov70_022630A4.c	between
ov49_02260254	ov70_02264150	src/overlay070/ov70_022630A4.c	between
ov49_02260428	ov70_02264324	src/overlay070/ov70_022630A4.c	between
ov49_022607C4	ov70_022646C8	src/overlay070/ov70_022630A4.c	between
ov49_02260A68	ov70_02264974	src/overlay070/ov70_022630A4.c	between
ov49_02260C58	ov70_02264B64	src/overlay070/ov70_022630A4.c	between
ov49_02260CC0	ov70_02264BCC	src/overlay070/ov70_022630A4.c	between
ov49_02260D28	ov70_02264C34	src/overlay070/ov70_022630A4.c	between
ov49_02260D90	ov70_02264C9C	src/overlay070/ov70_022630A4.c	between
ov49_02260E2C	ov70_02264D38	src/overlay070/ov70_022630A4.c	between
ov49_022611D4	ov70_022650E4	src/overlay070/ov70_022630A4.c	called
ov49_022611F4	ov70_02265104	src/overlay070/ov70_022630A4.c	between
ov49_02261234	ov70_02265144	src/overlay070/ov70_022630A4.c	called
ov49_022613AC	ov70_022652BC	src/overlay070/ov70_022630A4.c	called
ov49_02261434	ov70_02265344	src/overlay070/ov70_022630A4.c	called
ov49_02261460	ov70_02265370	src/overlay070/ov70_022630A4.c	called
ov49_022614CC	ov70_022653DC	src/overlay070/ov70_022630A4.c	called
ov49_02261540	ov70_02265450	src/overlay070/ov70_022630A4.c	called
ov49_0226154C	ov70_0226545C	src/overlay070/ov70_022630A4.c	between
ov49_02261720	ov70_02265630	src/overlay070/ov70_022630A4.c	between
ov49_022618C0	ov70_022657D0	src/overlay070/ov70_022630A4.c	between
ov49_02261930	ov70_02265840	src/overlay070/ov70_022630A4.c	between
ov49_02261B74	ov70_02265A84	src/overlay070/ov70_022630A4.c	between
ov49_02261DBC	ov70_02265CCC	src/overlay070/ov70_022630A4.c	called
ov49_02261FC0	ov70_02265ED0	src/overlay070/ov70_022630A4.c	between
ov49_02262028	ov70_02265F38	src/overlay070/ov70_02265F38.c	between
ov49_02262AC4	ov70_022669B8	src/overlay070/ov70_02265F38.c	between
ov49_02262B14	ov70_022669FC	src/overlay070/ov70_02265F38.c	between
ov49_02262BF8	ov70_02266AF0	src/overlay070/ov70_02265F38.c	between
ov49_02262C20	ov70_02266B18	src/overlay070/ov70_02265F38.c	between
ov49_02262C38	ov70_02266B30	src/overlay070/ov70_02265F38.c	between
ov49_02262CA8	ov70_02266BA0	src/overlay070/ov70_02265F38.c	between
ov49_02262CB4	ov70_02266BAC	src/overlay070/ov70_02265F38.c	between
ov49_02262D70	ov70_02266C68	src/overlay070/ov70_02265F38.c	between
ov49_02262DB8	ov70_02266CB0	src/overlay070/ov70_02265F38.c	between
ov49_02262DD4	ov70_02266CCC	src/overlay070/ov70_02265F38.c	called
ov49_02262DF8	ov70_02266CF0	src/overlay070/ov70_02265F38.c	between
ov49_02262E04	ov70_02266CFC	src/overlay070/ov70_02265F38.c	between
ov49_02262E10	ov70_02266D08	src/overlay070/ov70_02265F38.c	called
ov49_02262FB4	ov70_02266E9C	src/overlay070/ov70_02266E9C.c	between
ov49_02263B74	ov70_02267A44	src/overlay070/ov70_02266E9C.c	between
ov49_022644E8	ov70_02268390	src/overlay070/ov70_02266E9C.c	between
ov49_022649F4	ov70_0226889C	src/overlay070/ov70_02266E9C.c	between
ov49_02264B94	ov70_02268A3C	src/overlay070/ov70_02266E9C.c	between
ov49_02264C04	ov70_02268AAC	src/overlay070/ov70_02266E9C.c	between
ov49_02264C50	ov70_02268AF8	src/overlay070/ov70_02266E9C.c	between
ov49_02264CA8	ov70_02268B50	src/overlay070/ov70_02266E9C.c	between
ov49_02264CF8	ov70_02268BA0	src/overlay070/ov70_02266E9C.c	between
ov49_02264CFC	ov70_02268BA4	src/overlay070/ov70_02266E9C.c	between
ov49_02264D14	ov70_02268BBC	src/overlay070/ov70_02266E9C.c	between
ov49_02264D30	ov70_02268BD8	src/overlay070/ov70_02266E9C.c	between
ov49_02264D4C	ov70_02268BF4	src/overlay070/ov70_02266E9C.c	between
ov49_02264D9C	ov70_02268C44	src/overlay070/ov70_02266E9C.c	called
ov49_02264E20	ov70_02268CC8	src/overlay070/ov70_02266E9C.c	between
ov49_02264E90	ov70_02268D38	src/overlay070/ov70_02266E9C.c	between
ov49_02264EC8	ov70_02268D70	src/overlay070/ov70_02266E9C.c	between
ov49_02264F10	ov70_02268DB8	src/overlay070/ov70_02266E9C.c	between
ov49_02264F1C	ov70_02268DC4	src/overlay070/ov70_02266E9C.c	between
ov49_02264F24	ov70_02268DCC	src/overlay070/ov70_02266E9C.c	between
ov49_02264F60	ov70_02268E08	src/overlay070/ov70_02266E9C.c	between
ov49_02264F78	ov70_02268E20	src/overlay070/ov70_02266E9C.c	between
ov49_02264F9C	ov70_02268E44	src/overlay070/ov70_02266E9C.c	between
ov49_02265044	ov70_02268EEC	src/overlay070/ov70_02266E9C.c	between
ov49_02265110	ov70_02268FB8	src/overlay070/ov70_02266E9C.c	called
ov49_02265170	ov70_02269018	src/overlay070/ov70_02266E9C.c	called
ov49_022651E8	ov70_02269090	src/overlay070/ov70_02266E9C.c	called
ov49_02265260	ov70_02269108	src/overlay070/ov70_02266E9C.c	called
ov49_0226526C	ov70_02269114	src/overlay070/ov70_02266E9C.c	between
ov49_02265274	ov70_0226911C	src/overlay070/ov70_02266E9C.c	between
ov49_0226529C	ov70_02269144	src/overlay070/ov70_02266E9C.c	between
ov49_022652D0	ov70_02269178	src/overlay070/ov70_02266E9C.c	between
ov49_022652E0	ov70_02269188	src/overlay070/ov70_02266E9C.c	between
ov49_022652E8	ov70_02269190	src/overlay070/ov70_02269190.c	calls
ov49_0226535C	ov70_02269204	src/overlay070/ov70_02269190.c	called
ov49_02265378	ov70_02269220	src/overlay070/ov70_02269190.c	between
ov49_02265398	ov70_02269240	src/overlay070/ov70_02269190.c	between
ov49_022653C0	ov70_02269268	src/overlay070/ov70_02269190.c	between
ov49_022653F0	ov70_02269298	src/overlay070/ov70_02269190.c	between
ov49_0226540C	ov70_022692B4	src/overlay070/ov70_02269190.c	between
ov49_02265434	ov70_022692DC	src/overlay070/ov70_02269190.c	calls
ov49_022655E0	ov70_02269488	src/overlay070/ov70_02269190.c	between
ov49_022655F4	ov70_0226949C	src/overlay070/ov70_02269190.c	between
ov49_02265628	ov70_022694D0	src/overlay070/ov70_02269190.c	between
ov49_02265660	ov70_02269508	src/overlay070/ov70_02269190.c	between
ov49_02265668	ov70_02269510	src/overlay070/ov70_02269190.c	between
ov49_02265698	ov70_02269540	src/overlay070/ov70_02269190.c	called
ov49_0226571C	ov70_022695C4	src/overlay070/ov70_02269190.c	between
ov49_02265738	ov70_022695E0	src/overlay070/ov70_02269190.c	called
ov49_02265760	ov70_02269608	src/overlay070/ov70_02269190.c	between
ov49_022657B4	ov70_0226965C	src/overlay070/ov70_02269190.c	called
ov49_02265858	ov70_02269700	src/overlay070/ov70_02269190.c	order
ov49_02265890	ov70_02269738	src/overlay070/ov70_02269190.c	order
ov49_022658E4	ov70_0226978C	src/overlay070/ov70_02269190.c	called
ov49_02265920	ov70_022697C8	src/overlay070/ov70_02269190.c	called
ov49_02265948	ov70_022697F0	src/overlay070/ov70_02269190.c	order
ov49_02265958	ov70_02269800	src/overlay070/ov70_02269190.c	called
ov49_02265968	ov70_02269810	src/overlay070/ov70_02269190.c	called
ov49_02265980	ov70_02269828	src/overlay070/ov70_02269190.c	called
ov49_022659D0	ov70_02269878	src/overlay070/ov70_02269190.c	called
ov49_02265B14	ov70_022699BC	src/overlay070/ov70_02269190.c	called
ov49_02265B28	ov70_022699D0	src/overlay070/ov70_02269190.c	called
ov49_02265B3C	ov70_022699E4	src/overlay070/ov70_02269190.c	order
ov49_02265B94	ov70_02269A3C	src/overlay070/ov70_02269190.c	order
ov49_02265BE8	ov70_02269A90	src/overlay070/ov70_02269190.c	called
ov49_02265C40	ov70_02269AE8	src/overlay070/ov70_02269190.c	called
ov49_02265C68	ov70_02269B10	src/overlay070/ov70_02269190.c	order
ov49_02265C74	ov70_02269B1C	src/overlay070/ov70_02269190.c	order
ov49_02265C80	ov70_02269B28	src/overlay070/ov70_02269190.c	order
ov49_02265C8C	ov70_02269B34	src/overlay070/ov70_02269190.c	order
ov49_02265C98	ov70_02269B40	src/overlay070/ov70_02269190.c	order
ov49_02265CA4	ov70_02269B4C	src/overlay070/ov70_02269190.c	order
ov49_02265CB0	ov70_02269B58	src/overlay070/ov70_02269190.c	order
ov49_02265D10	ov70_02269BB8	src/overlay070/ov70_02269190.c	order
ov49_02265E54	ov70_02269CFC	src/overlay070/ov70_02269190.c	order
ov49_02266088	ov70_02269F30	src/overlay070/ov70_02269190.c	order
ov49_02266354	ov70_0226A1FC	src/overlay070/ov70_02269190.c	order
ov49_02266360	ov70_0226A208	src/overlay070/ov70_02269190.c	order
ov49_0226636C	ov70_0226A214	src/overlay070/ov70_02269190.c	order
ov49_02266378	ov70_0226A220	src/overlay070/ov70_02269190.c	order
ov49_02266384	ov70_0226A22C	src/overlay070/ov70_02269190.c	order
ov49_02266390	ov70_0226A238	src/overlay070/ov70_02269190.c	order
ov49_0226639C	ov70_0226A244	src/overlay070/ov70_02269190.c	order
ov49_022663EC	ov70_0226A294	src/overlay070/ov70_02269190.c	order
ov49_0226643C	ov70_0226A2E4	src/overlay070/ov70_02269190.c	order
ov49_0226648C	ov70_0226A334	src/overlay070/ov70_02269190.c	order
ov49_022664DC	ov70_0226A384	src/overlay070/ov70_02269190.c	order
ov49_0226652C	ov70_0226A3D4	src/overlay070/ov70_02269190.c	order
ov49_0226657C	ov70_0226A424	src/overlay070/ov70_02269190.c	order
ov49_022665D0	ov70_0226A478	src/overlay070/ov70_02269190.c	order
ov49_02266624	ov70_0226A4CC	src/overlay070/ov70_02269190.c	order
ov49_02266678	ov70_0226A520	src/overlay070/ov70_02269190.c	order
ov49_02266748	ov70_0226A5F0	src/overlay070/ov70_02269190.c	order
ov49_02266754	ov70_0226A5FC	src/overlay070/ov70_02269190.c	order
ov49_02266760	ov70_0226A608	src/overlay070/ov70_02269190.c	order
ov49_0226676C	ov70_0226A614	src/overlay070/ov70_02269190.c	order
ov49_02266820	ov70_0226A6C8	src/overlay070/ov70_02269190.c	order
ov49_02266978	ov70_0226A820	src/overlay070/ov70_02269190.c	order
ov49_022669B0	ov70_0226A858	src/overlay070/ov70_02269190.c	order
ov49_02266A88	ov70_0226A930	src/overlay070/ov70_02269190.c	between
ov49_02266AB0	ov70_0226A958	src/overlay070/ov70_02269190.c	order
ov49_02266AF0	ov70_0226A998	src/overlay070/ov70_02269190.c	order
ov49_02266B28	ov70_0226A9D0	src/overlay070/ov70_02269190.c	order
ov49_02266C6C	ov70_0226AB14	src/overlay070/ov70_02269190.c	order
ov49_02266D04	ov70_0226ABAC	src/overlay070/ov70_02269190.c	order
ov49_02266D60	ov70_0226AC08	src/overlay070/ov70_02269190.c	order
ov49_02266D7C	ov70_0226AC24	src/overlay070/ov70_02269190.c	order
ov49_02266E78	ov70_0226AD20	src/overlay070/ov70_02269190.c	order
ov49_02266EF8	ov70_0226ADA0	src/overlay070/ov70_02269190.c	order
ov49_02266F14	ov70_0226ADBC	src/overlay070/ov70_02269190.c	order
ov49_02267074	ov70_0226AF1C	src/overlay070/ov70_02269190.c	order
ov49_022670B8	ov70_0226AF60	src/overlay070/ov70_02269190.c	order
ov49_022670D4	ov70_0226AF7C	src/overlay070/ov70_02269190.c	order
ov49_02267328	ov70_0226B1D0	src/overlay070/ov70_02269190.c	order
ov49_0226747C	ov70_0226B324	src/overlay070/ov70_02269190.c	called
ov49_02267674	ov70_0226B51C	src/overlay070/ov70_02269190.c	called
ov49_0226786C	ov70_0226B714	src/overlay070/ov70_02269190.c	order
ov49_0226789C	ov70_0226B744	src/overlay070/ov70_02269190.c	order
ov49_02267908	ov70_0226B7B0	src/overlay070/ov70_02269190.c	order
ov49_02267A1C	ov70_0226B8C4	src/overlay070/ov70_02269190.c	order
ov49_02267A84	ov70_0226B92C	src/overlay070/ov70_02269190.c	order
ov49_02267AF0	ov70_0226B998	src/overlay070/ov70_02269190.c	called
ov49_02267C20	ov70_0226BAC8	src/overlay070/ov70_02269190.c	order
ov49_02267C8C	ov70_0226BB34	src/overlay070/ov70_02269190.c	order
ov49_02267D00	ov70_0226BBA8	src/overlay070/ov70_02269190.c	order
ov49_02267D34	ov70_0226BBDC	src/overlay070/ov70_02269190.c	order
ov49_02267D98	ov70_0226BC40	src/overlay070/ov70_02269190.c	order
ov49_02267EBC	ov70_0226BD64	src/overlay070/ov70_02269190.c	called
ov49_02267F40	ov70_0226BDE8	src/overlay070/ov70_02269190.c	order
ov49_02267F94	ov70_0226BE3C	src/overlay070/ov70_02269190.c	order
ov49_022680B4	ov70_0226BF5C	src/overlay070/ov70_02269190.c	order
ov49_0226813C	ov70_0226BFE4	src/overlay070/ov70_02269190.c	order
ov49_02268230	ov70_0226C0D8	src/overlay070/ov70_02269190.c	order
ov49_022682D4	ov70_0226C17C	src/overlay070/ov70_02269190.c	order
ov49_02268334	ov70_0226C1DC	src/overlay070/ov70_02269190.c	order
ov49_022683FC	ov70_0226C2A4	src/overlay070/ov70_02269190.c	order
ov49_02268490	ov70_0226C338	src/overlay070/ov70_0226C338.c	order
ov49_022684F4	ov70_0226C39C	src/overlay070/ov70_0226C338.c	order
ov49_022684FC	ov70_0226C3A4	src/overlay070/ov70_0226C338.c	called
ov49_02268588	ov70_0226C430	src/overlay070/ov70_0226C338.c	called
ov49_022685F8	ov70_0226C4A0	src/overlay070/ov70_0226C338.c	called
ov49_02268620	ov70_0226C4C8	src/overlay070/ov70_0226C338.c	called
ov49_02268624	ov70_0226C4CC	src/overlay070/ov70_0226C338.c	called
ov49_02268640	ov70_0226C4E8	src/overlay070/ov70_0226C338.c	called
ov49_02268664	ov70_0226C50C	src/overlay070/ov70_0226C338.c	between
ov49_022686C0	ov70_0226C568	src/overlay070/ov70_0226C338.c	order
ov49_022686E4	ov70_0226C58C	src/overlay070/ov70_0226C338.c	order
ov49_022686F0	ov70_0226C598	src/overlay070/ov70_0226C338.c	order
ov49_02268764	ov70_0226C60C	src/overlay070/ov70_0226C60C.c	order
ov49_02268850	ov70_0226C6F8	src/overlay070/ov70_0226C60C.c	called
ov49_02268870	ov70_0226C718	src/overlay070/ov70_0226C60C.c	order
ov49_02268968	ov70_0226C810	src/overlay070/ov70_0226C60C.c	called
ov49_02268974	ov70_0226C81C	src/overlay070/ov70_0226C60C.c	between
ov49_022689A0	ov70_0226C848	src/overlay070/ov70_0226C60C.c	between
ov49_022689D4	ov70_0226C87C	src/overlay070/ov70_0226C60C.c	between
ov49_02268A00	ov70_0226C8A8	src/overlay070/ov70_0226C60C.c	order
ov49_02268A0C	ov70_0226C8B4	src/overlay070/ov70_0226C8B4.c	order
ov49_02268A6C	ov70_0226C914	src/overlay070/ov70_0226C8B4.c	order
ov49_02268A7C	ov70_0226C924	src/overlay070/ov70_0226C8B4.c	order
ov49_02268ADC	ov70_0226C984	src/overlay070/ov70_0226C8B4.c	called
ov49_02268B04	ov70_0226C9AC	src/overlay070/ov70_0226C8B4.c	order
ov49_02268B08	ov70_0226C9B0	src/overlay070/ov70_0226C8B4.c	order
ov49_02268B0C	ov70_0226C9B4	src/overlay070/ov70_0226C8B4.c	order
ov49_02268B90	ov70_0226CA38	src/overlay070/ov70_0226C8B4.c	order
ov49_02268C2C	ov70_0226CAD4	src/overlay070/ov70_0226C8B4.c	order
ov49_02268C74	ov70_0226CB1C	src/overlay070/ov70_0226C8B4.c	called
ov49_02268CAC	ov70_0226CB54	src/overlay070/ov70_0226C8B4.c	order
ov49_02268CBC	ov70_0226CB64	src/overlay070/ov70_0226C8B4.c	order
ov49_02268CCC	ov70_0226CB74	src/overlay070/ov70_0226C8B4.c	order
ov49_02268CDC	ov70_0226CB84	src/overlay070/ov70_0226C8B4.c	order
ov49_02268CEC	ov70_0226CB94	src/overlay070/ov70_0226C8B4.c	order
ov49_02268D0C	ov70_0226CBB4	src/overlay070/ov70_0226C8B4.c	between
ov49_02268D94	ov70_0226CC3C	src/overlay070/ov70_0226C8B4.c	order
ov49_02268DB0	ov70_0226CC58	src/overlay070/ov70_0226C8B4.c	order
ov49_02268DCC	ov70_0226CC74	src/overlay070/ov70_0226CC74.c	order
ov49_02268FAC	ov70_0226CE54	src/overlay070/ov70_0226CE54.c	order
ov49_02269090	ov70_0226CF38	src/overlay070/ov70_0226CE54.c	order
ov49_02269098	ov70_0226CF40	src/overlay070/ov70_0226CE54.c	order
ov49_02269154	ov70_0226CFFC	src/overlay070/ov70_0226CE54.c	between
ov49_02269178	ov70_0226D020	src/overlay070/ov70_0226CE54.c	called
ov49_02269240	ov70_0226D0E8	src/overlay070/ov70_0226CE54.c	order
ov49_022693A4	ov70_0226D24C	src/overlay070/ov70_0226CE54.c	order
ov49_022693D4	ov70_0226D27C	src/overlay070/ov70_0226CE54.c	calls
ov49_022693F8	ov70_0226D2A0	src/overlay070/ov70_0226CE54.c	between
ov49_02269430	ov70_0226D2D8	src/overlay070/ov70_0226CE54.c	called
ov49_02269474	ov70_0226D31C	src/overlay070/ov70_0226CE54.c	between
ov49_02269494	ov70_0226D33C	src/overlay070/ov70_0226CE54.c	between
ov49_022694B4	ov70_0226D35C	src/overlay070/ov70_0226CE54.c	between
ov49_022695C4	ov70_0226D46C	src/overlay070/ov70_0226CE54.c	called
ov51_021E6038	FreeMessages	src/applications/poffin_case/manager.c	calls
ov51_021E6200	LoadTopScreenPalette	src/applications/scratch_off_cards/main.c	calls
ov51_021E6DA8	TrainerCase_UpdatePlayTime	src/applications/trainer_case/main.c	calls
ov51_021E6F18	TrainerCard_DrawFrontText	src/applications/trainer_case/card_text.c	order
ov51_021E7208	TrainerCard_DrawBackText	src/applications/trainer_case/card_text.c	calls
ov51_021E74D4	TrainerCard_ClearWindows	src/applications/trainer_case/card_text.c	between
ov51_021E74F4	TrainerCard_DrawNumber	src/applications/trainer_case/card_text.c	calls
ov51_021E7540	TrainerCard_DrawString	src/applications/trainer_case/card_text.c	between
ov51_021E757C	TrainerCard_DrawUpdatedTime	src/applications/trainer_case/card_text.c	between
ov51_021E7664	TrainerCard_BlinkPlaytimeColon	src/applications/trainer_case/card_text.c	calls
ov52_021E837C	SignatureApp_VBlankCallback	src/applications/signature.c	order
ov52_021E83A4	SignatureApp_SetVRAMBanks	src/applications/signature.c	order
ov52_021E83C4	SignatureApp_InitBackgrounds	src/applications/signature.c	order
ov52_021E84CC	SignatureApp_InitFields	src/applications/signature.c	order
ov52_021E8568	SignatureApp_FreeMenuAndStrings	src/applications/signature.c	order
ov52_021E85A0	SignatureApp_TeardownBgs	src/applications/signature.c	order
ov52_021E85DC	SignatureApp_DrawBackgrounds	src/applications/signature.c	order
ov52_021E86DC	SignatureApp_InitCharPlttTransferBuffers	src/applications/signature.c	order
ov52_021E870C	SignatureApp_LoadButtonSpriteResources	src/applications/signature.c	order
ov52_021E888C	SignatureApp_InitButtonSprite	src/applications/signature.c	order
ov52_021E8994	PrintPocketNameCentered	src/applications/bag/windows.c	calls
ov52_021E89D4	SignatureApp_InitWindows	src/applications/signature.c	calls
ov52_021E8B94	SignatureApp_RemoveWindows	src/applications/signature.c	between
ov52_021E8BD8	SignatureApp_Dummy	src/applications/signature.c	between
ov52_021E8BDC	SignatureApp_HandleTouchInput	src/applications/signature.c	calls
ov52_021E8CBC	SignatureApp_AnimateButtonsUnused	src/applications/signature.c	called
ov52_021E8CDC	SignatureApp_AnimateDoneButton	src/applications/signature.c	called
ov52_021E8CF4	SignatureApp_MainLoop	src/applications/signature.c	between
ov52_021E8D3C	SignatureApp_UpdateSignatureData	src/applications/signature.c	called
ov52_021E8D64	SignatureApp_OpenYesNoMenu	src/applications/signature.c	between
ov52_021E8D8C	SignatureApp_OpenConfirmDoneMenu	src/applications/signature.c	between
ov52_021E8DC4	SignatureApp_ConfirmDone	src/applications/signature.c	calls
ov52_021E8E64	SignatureApp_ConfirmReset	src/applications/signature.c	calls
ov52_021E8EDC	SignatureApp_PrintResetPrompt	src/applications/signature.c	calls
ov52_021E8EFC	SignatureApp_OpenConfirmResetMenu	src/applications/signature.c	between
ov52_021E8F2C	SignatureApp_BlitBitmapRect	src/applications/signature.c	between
ov52_021E8FAC	SignatureApp_DrawLine	src/applications/signature.c	between
ov52_021E9124	SignatureApp_UpdatePreviousTouchData	src/applications/signature.c	between
ov52_021E9158	SignatureApp_DrawSignature	src/applications/signature.c	between
ov52_021E9218	SignatureApp_Dummy2	src/applications/signature.c	between
ov52_021E921C	SignatureApp_GlowEffectUnused	src/applications/signature.c	between
ov52_021E925C	SignatureApp_Dummy3	src/applications/signature.c	between
ov52_021E9260	SignatureApp_CopyTouchData	src/applications/signature.c	between
ov52_021E927C	SignatureApp_PrintMessage	src/applications/signature.c	called
ov52_021E92E8	SignatureApp_IsPrinterDone	src/applications/signature.c	called
ov52_021E9300	SignatureApp_ConvertSignature4BppTo1Bpp	src/applications/signature.c	between
ov52_021E9364	SignatureApp_HandleDrawingSoundEffects	src/applications/signature.c	called
ov52_021E9424	SignatureApp_PlayDrawingSoundEffect	src/applications/signature.c	calls
ov56_021E5D44	HandleTouchScreenInput	src/applications/town_map/graphics.c	calls
ov56_021E63C0	MailViewer_VBlankCallback	src/applications/mail_viewer.c	calls
ov56_021E63FC	MailViewer_SelectedGlowEffectTask	src/applications/mail_viewer.c	between
ov56_021E647C	MailViewer_InitGraphics	src/applications/mail_viewer.c	between
ov56_021E64C8	MailViewer_FreeResources	src/applications/mail_viewer.c	between
ov56_021E64F4	MailViewer_SetVRAMBanks	src/applications/mail_viewer.c	between
ov56_021E6514	MailViewer_InitBackgrounds	src/applications/mail_viewer.c	called
ov56_021E660C	MailViewer_TeardownBgs	src/applications/mail_viewer.c	called
ov56_021E6650	MailViewer_DrawMail	src/applications/mail_viewer.c	called
ov56_021E692C	MailViewer_FreeAssets	src/applications/mail_viewer.c	calls
ov56_021E696C	MailViewer_AddWindows	src/applications/mail_viewer.c	calls
ov56_021E6A7C	MailViewer_RemoveWindows	src/applications/mail_viewer.c	called
ov56_021E6AA4	MailViewer_PrintText	src/applications/mail_viewer.c	calls
ov56_021E6BB4	MailViewer_InitSprites	src/applications/mail_viewer.c	calls
ov56_021E6D90	MailViewer_FreeSprites	src/applications/mail_viewer.c	calls
ov57_022378DC	CapsuleMenu_Init	src/applications/capsule_menu/main.c	calls
ov57_02237AF8	CapsuleMenu_Main	src/applications/capsule_menu/main.c	calls
ov57_02237B20	CapsuleMenu_Exit	src/applications/capsule_menu/main.c	calls
ov57_02237CA8	SealCase_GetCapsuleById	src/ball_seal_info.c	called
ov57_02237CDC	CapsuleManager_Deinit	src/applications/capsule_menu/manager.c	calls
ov57_02237CEC	CapsuleGraphics_AllocTexPlttVram	src/applications/capsule_menu/graphics.c	called
ov57_02237E88	CapsuleManager_UpdateStates	src/applications/capsule_menu/manager.c	called
ov57_02237E90	SealPlacement_SealTouchRange	src/applications/capsule_menu/placement.c	called
ov57_02237EA8	SealPlacement_ScreenRect	src/applications/capsule_menu/placement.c	called
ov57_02237EB8	SealPlacement_UpdateSealTouchRect	src/applications/capsule_menu/placement.c	calls
ov57_02237F14	SealPlacement_OffsetSeals	src/applications/capsule_menu/placement.c	between
ov57_02237F3C	SealPlacement_UpdateSealsFromCapsule	src/applications/capsule_menu/placement.c	between
ov57_02237FAC	SealPlacement_GetTouchedSeal	src/applications/capsule_menu/placement.c	between
ov57_02238028	SealPlacement_NotMaxSeals	src/applications/capsule_menu/placement.c	between
ov57_02238044	SealPlacement_SetSealRenderPriorities	src/applications/capsule_menu/placement.c	called
ov57_0223809C	SealPlacement_LoadSeal	src/applications/capsule_menu/placement.c	calls
ov57_02238134	SealPlacement_UpdateSeals	src/applications/capsule_menu/placement.c	called
ov57_02238260	SealPlacement_InitSeal	src/applications/capsule_menu/placement.c	called
ov57_022382F8	SealPlacement_HandleTouchscreen	src/applications/capsule_menu/placement.c	order
ov57_022383AC	SealPlacement_FreeInactiveSeals	src/applications/capsule_menu/placement.c	order
ov57_022383D0	SealPlacement_DrawActiveSeals	src/applications/capsule_menu/placement.c	order
ov57_02238438	SealPlacement_FreeSeal	src/applications/capsule_menu/placement.c	calls
ov57_022384C0	SealPlacement_AnySealsChanged	src/applications/capsule_menu/placement.c	order
ov57_02238508	SealPlacement_UpdateSealXY	src/applications/capsule_menu/placement.c	order
ov57_0223853C	SealPlacement_LoadCapsuleSeals	src/applications/capsule_menu/placement.c	order
ov57_0223857C	SealPlacement_GetCapsuleSeals	src/applications/capsule_menu/placement.c	order
ov57_022385A4	CapsuleGraphics_OffsetSprite	src/applications/capsule_menu/graphics.c	called
ov57_022386F0	CapsuleGraphics_InitFontOAMManager	src/applications/capsule_menu/graphics.c	order
ov57_02238714	CapsuleGraphics_FreeFonts	src/applications/capsule_menu/graphics.c	calls
ov57_02238758	CapsuleGraphics_LoadPaletteBuffer	src/applications/capsule_menu/graphics.c	between
ov57_02238794	ov76_0223B940	src/applications/capsule_menu/graphics.c	between
ov57_022387C0	CapsuleGraphics_SetFontOAMDrawFlag	src/applications/capsule_menu/graphics.c	between
ov57_022387E0	ov76_0223B98C	src/applications/capsule_menu/graphics.c	called
ov57_022388E4	CapsuleGraphics_PopulateSealPage	src/applications/capsule_menu/graphics.c	between
ov57_02238958	CapsuleGraphics_LoadPageSprites	src/applications/capsule_menu/graphics.c	calls
ov57_02238A00	CapsuleGraphics_InitPageSprites	src/applications/capsule_menu/graphics.c	calls
ov57_02238AC0	CapsuleGraphics_FreePageSprites	src/applications/capsule_menu/graphics.c	order
ov57_02238C0C	CapsuleGraphics_SwapBuffers	src/applications/capsule_menu/graphics.c	order
ov57_02238C30	CapsuleGraphics_OpenCapsuleSelectionMenu	src/applications/capsule_menu/graphics.c	order
ov57_02238DAC	CapsuleGraphics_GetCapsuleGridLocation	src/applications/capsule_menu/graphics.c	called
ov57_02238E48	CapsuleGraphics_InitPokemonIcons	src/applications/capsule_menu/graphics.c	calls
ov57_02238F48	CapsuleGraphics_SetPokemonSpritesPosition	src/applications/capsule_menu/graphics.c	calls
ov57_02238FC4	CapsuleGraphics_TickPokemonSprites	src/applications/capsule_menu/graphics.c	between
ov57_02238FEC	CapsuleGraphics_FreePokemonSprites	src/applications/capsule_menu/graphics.c	between
ov57_02239014	CapsuleGraphics_AssignCapsules	src/applications/capsule_menu/graphics.c	called
ov57_022390F4	CapsuleGraphics_FreeSpriteSystem	src/applications/capsule_menu/graphics.c	order
ov57_02239114	CapsuleGraphics_LoadSelectionResources	src/applications/capsule_menu/graphics.c	order
ov57_02239184	CapsuleGraphics_InitSelectionIndicator	src/applications/capsule_menu/graphics.c	calls
ov57_0223921C	CapsuleGraphics_TickSelectionIndicator	src/applications/capsule_menu/graphics.c	between
ov57_02239240	CapsuleGraphics_SetSelectionIndicatorDrawFlags	src/applications/capsule_menu/graphics.c	between
ov57_02239260	CapsuleGraphics_FreeSelectionIndicator	src/applications/capsule_menu/graphics.c	between
ov57_0223927C	CapsuleGraphics_LoadCapsuleSprites	src/applications/capsule_menu/graphics.c	called
ov57_022392F4	CapsuleGraphics_InitCapsuleSprites	src/applications/capsule_menu/graphics.c	calls
ov57_022394AC	CapsuleGraphics_SetCapsuleSpriteAnim	src/applications/capsule_menu/graphics.c	calls
ov57_022394D8	CapsuleGraphics_SwapCapsules	src/applications/capsule_menu/graphics.c	between
ov57_02239558	CapsuleGraphics_TickCursor	src/applications/capsule_menu/graphics.c	calls
ov57_02239588	CapsuleGraphics_FreeCapsuleSprites	src/applications/capsule_menu/graphics.c	order
ov57_022395B8	CapsuleGraphics_LoadSubWindow	src/applications/capsule_menu/graphics.c	called
ov57_02239670	CapsuleGraphics_InitSpriteManager	src/applications/capsule_menu/graphics.c	called
ov57_02239728	CapsuleGraphics_PrintMessage	src/applications/capsule_menu/graphics.c	order
ov57_022397B0	CapsuleGraphics_InitMessageWindow	src/applications/capsule_menu/graphics.c	order
ov57_02239868	CapsuleGraphics_InitWindow	src/applications/capsule_menu/graphics.c	called
ov57_022398C4	CapsuleGraphics_InitWindows	src/applications/capsule_menu/graphics.c	order
ov57_022399F8	CapsuleGraphics_UpdateAllSealCountText	src/applications/capsule_menu/graphics.c	order
ov57_02239A8C	CapsuleGraphics_UpdateSealCountText	src/applications/capsule_menu/graphics.c	order
ov57_02239B0C	CapsuleGraphics_FreeSealCountWindows	src/applications/capsule_menu/graphics.c	between
ov57_02239B2C	CapsuleGraphics_UpdateSealNameText	src/applications/capsule_menu/graphics.c	order
ov57_02239B94	CapsuleGraphics_StartDisplay	src/applications/capsule_menu/graphics.c	calls
ov57_02239BAC	CapsuleGraphics_FadeIn	src/applications/capsule_menu/graphics.c	between
ov57_02239BCC	CapsuleGraphics_FadeOut	src/applications/capsule_menu/graphics.c	between
ov57_02239BEC	CapsuleGraphics_LoadBgLayer2Tilemap	src/applications/capsule_menu/graphics.c	between
ov57_02239C88	CapsuleGraphics_LoadBgLayer5Tilemap	src/applications/capsule_menu/graphics.c	between
ov57_02239CE8	CapsuleGraphics_LoadBgLayer7Tilemap	src/applications/capsule_menu/graphics.c	between
ov57_02239D48	CapsuleGraphics_LoadCapsuleUI	src/applications/capsule_menu/graphics.c	calls
ov57_02239EB4	CapsuleGraphics_InitCapsuleUI	src/applications/capsule_menu/graphics.c	calls
ov57_0223A034	CapsuleGraphics_SetPageSpritesDrawFlag	src/applications/capsule_menu/graphics.c	order
ov57_0223A058	CapsuleGraphics_Dummy	src/applications/capsule_menu/graphics.c	order
ov57_0223A05C	CapsuleGraphics_FreeUISprites	src/applications/capsule_menu/graphics.c	order
ov57_0223AEA8	CapsuleManager_HandleSpritePress	src/applications/capsule_menu/manager.c	calls
ov57_0223B714	ov76_0223D50C	src/applications/capsule_menu/manager.c	calls
ov57_0223B75C	CapsuleManager_CopyToActiveCapsule	src/applications/capsule_menu/manager.c	order
ov57_0223B774	CapsuleManager_CopyFromActiveCapsule	src/applications/capsule_menu/manager.c	order
ov57_0223B78C	CapsuleManager_GetSealCounts	src/applications/capsule_menu/manager.c	order
ov57_0223B7A8	CapsuleManager_SetSealCounts	src/applications/capsule_menu/manager.c	order
ov57_0223B7C4	CapsuleManager_LoadLeadingPokemon	src/applications/capsule_menu/manager.c	order
ov57_0223B828	CapsuleManager_HandleCapsulePadMovement	src/applications/capsule_menu/manager.c	order
ov57_0223B890	CapsuleManager_OffsetFontOAM	src/applications/capsule_menu/manager.c	calls
ov57_0223B8B8	CapsuleManager_CapsuleUIPressTask	src/applications/capsule_menu/manager.c	calls
ov57_0223B90C	CapsuleManager_PressCapsuleUI	src/applications/capsule_menu/manager.c	order
ov57_0223B940	CapsuleManager_GetGraphicsTaskResult	src/applications/capsule_menu/manager.c	order
ov57_0223B948	CapsuleManager_SetSelectedCapsule	src/applications/capsule_menu/manager.c	order
ov57_0223B950	CapsuleManager_LoadThrownMonSprite	src/applications/capsule_menu/manager.c	calls
ov57_0223B9C8	CapsuleManager_LoadThrownMonAnim	src/applications/capsule_menu/manager.c	calls
ov59_02238FB4	ov83_0223F7DC	src/overlay083/ov83_0223D6A8.c	calls
ov59_0223C054	UndergroundTalk_Start	src/underground/player_talk.c	calls
ov59_0223C5B0	ov5_021DF224	src/overlay005/encounter_effect.c	calls
ov59_0223C5C4	BerryTag_SetupCamera	src/applications/berry_tag.c	calls
ov64_021E6118	sub_020731A4	src/unk_020722AC.c	calls
ov65_0221BFBC	TradeRoom_LoadPartyIconGraphics	src/applications/trade_room/application.c	between
ov65_0221BFEC	TradeRoom_PrintHeaderLabels	src/applications/trade_room/application.c	calls
ov65_0221C08C	TradeRoom_RestoreScreenAfterSummary	src/applications/trade_room/application.c	calls
ov65_0221C1C4	TradeRoom_DisplayPartyNicknames	src/applications/trade_room/application.c	called
ov65_0221C3DC	TradeRoom_SetPartyNicknames	src/applications/trade_room/application.c	between
ov65_0221C414	TradeRoom_PrintPartyNicknames	src/applications/trade_room/application.c	calls
ov65_0221C46C	TradeRoom_LoadPartyIconSprites	src/applications/trade_room/application.c	called
ov65_0221C5E0	TradeRoom_ConnectAndSyncParties	src/applications/trade_room/application.c	called
ov65_0221C9D8	TradeRoom_CachePokemonDisplayData	src/applications/trade_room/application.c	calls
ov65_0221CADC	TradeRoom_ShowPartnerMonDetails	src/applications/trade_room/application.c	order
ov65_0221CB5C	TradeRoom_RefreshFocusedMonDetails	src/applications/trade_room/application.c	called
ov65_0221CC0C	TradeRoom_UpdateMainLoop	src/applications/trade_room/application.c	called
ov65_0221CCB0	TradeRoom_FreePartyIconGraphics	src/applications/trade_room/application.c	called
ov65_0221CE1C	TradeRoom_VBlankCallback	src/applications/trade_room/application.c	between
ov65_0221CE98	TradeRoom_ConfigureVRAMBanks	src/applications/trade_room/application.c	called
ov65_0221CEB8	TradeRoom_InitBackgrounds	src/applications/trade_room/application.c	called
ov65_0221D0EC	TradeRoom_InitState	src/applications/trade_room/application.c	order
ov65_0221D1C8	TradeRoom_FreeSpriteRendering	src/applications/trade_room/application.c	called
ov65_0221D204	TradeRoom_LoadTilemapMember	src/applications/trade_room/application.c	calls
ov65_0221D25C	ov19_021DB24C	src/applications/pc_boxes/ov19_021DA92C.c	calls
ov65_0221D280	TradeRoom_LoadBgGraphics	src/applications/trade_room/application.c	called
ov65_0221D3B8	TradeRoom_InitTransferSystems	src/applications/trade_room/application.c	called
ov65_0221D3E8	TradeRoom_InitSpriteRendering	src/applications/trade_room/application.c	called
ov65_0221D57C	TradeRoom_LoadMonPreviewSprite	src/applications/trade_room/application.c	calls
ov65_0221D5FC	TradeRoom_PrintMonNickname	src/applications/trade_room/application.c	calls
ov65_0221D648	TradeRoom_ResolveGenderIconState	src/applications/trade_room/application.c	calls
ov65_0221D674	TradeRoom_ShowMonDetailCard	src/applications/trade_room/application.c	calls
ov65_0221D8C4	TradeRoom_HideMonDetailCard	src/applications/trade_room/application.c	calls
ov65_0221D930	TradeRoom_CreateSprites	src/applications/trade_room/application.c	called
ov65_0221DBF4	TradeRoom_PollDPadDirection	src/applications/trade_room/application.c	between
ov65_0221DC34	TradeRoom_PlayTouchedMonCry	src/applications/trade_room/application.c	calls
ov65_0221DCBC	TradeRoom_UpdateCursorGlowColor	src/applications/trade_room/application.c	between
ov65_0221DCFC	TradeRoom_ResolveCursorMoveTarget	src/applications/trade_room/application.c	called
ov65_0221DD34	TradeRoom_MoveCursorSprite	src/applications/trade_room/application.c	called
ov65_0221DDC0	TradeRoom_UpdateCursor	src/applications/trade_room/application.c	calls
ov65_0221DE10	TradeRoom_SendCommByte	src/applications/trade_room/application.c	order
ov65_0221DE24	TradeRoom_SyncValueToPartner	src/applications/trade_room/application.c	order
ov65_0221DE58	TradeRoom_OffsetPartyPtr	src/applications/trade_room/application.c	order
ov65_0221DE64	sub_020963C0	src/unk_020961E8.c	calls
ov65_0221DE8C	TradeRoom_SendRibbonData	src/applications/trade_room/application.c	order
ov65_0221DEA0	TradeRoom_CreateNetworkObject	src/applications/trade_room/application.c	calls
ov65_0221DF0C	TradeRoom_SendChatotCry	src/applications/trade_room/application.c	between
ov65_0221DF1C	TradeRoom_HandleBrowseInput	src/applications/trade_room/application.c	calls
ov65_0221E06C	TradeRoom_OpenMonSummary	src/applications/trade_room/application.c	called
ov65_0221E144	TradeRoom_PromptQuitConfirm	src/applications/trade_room/application.c	between
ov65_0221E194	TradeRoom_HandleQuitConfirm	src/applications/trade_room/application.c	between
ov65_0221E270	TradeRoom_ShowNotification	src/applications/trade_room/application.c	between
ov65_0221E2C0	TradeRoom_WaitForNotificationDismiss	src/applications/trade_room/application.c	between
ov65_0221E330	TradeRoom_PrintPalPadMessage	src/applications/trade_room/application.c	called
ov65_0221E354	TradeRoom_HandleAbandonRegistrationConfirm	src/applications/trade_room/application.c	between
ov65_0221E3BC	TradeRoom_HandleDeleteFriendConfirm	src/applications/trade_room/application.c	calls
ov65_0221E474	TradeRoom_HandleFriendListMenuInput	src/applications/trade_room/application.c	calls
ov65_0221E558	TradeRoom_BuildFriendListMenu	src/applications/trade_room/application.c	calls
ov65_0221E600	TradeRoom_HandleRosterFullConfirm	src/applications/trade_room/application.c	calls
ov65_0221E684	TradeRoom_HandleRegisterFriendConfirm	src/applications/trade_room/application.c	calls
ov65_0221E72C	TradeRoom_WaitForCancelSync	src/applications/trade_room/application.c	between
ov65_0221E740	TradeRoom_ProcessPendingFriendRegistration	src/applications/trade_room/application.c	calls
ov65_0221E858	TradeRoom_CheckForFriendRegistration	src/applications/trade_room/application.c	calls
ov65_0221E8EC	TradeRoom_HandleMutualQuitSync	src/applications/trade_room/application.c	order
ov65_0221E9A8	TradeRoom_ShowMonActionMenu	src/applications/trade_room/application.c	order
ov65_0221EA74	TradeRoom_HandleMonActionInput	src/applications/trade_room/application.c	between
ov65_0221EB9C	TradeRoom_AnnounceTradeChoice	src/applications/trade_room/application.c	order
ov65_0221EBF8	TradeRoom_HandleMutualTradeSync	src/applications/trade_room/application.c	order
ov65_0221EC34	TradeRoom_PrepareMonSlideAnimation	src/applications/trade_room/application.c	calls
ov65_0221ED80	TradeRoom_SetSlideAnimPath	src/applications/trade_room/application.c	called
ov65_0221EE18	TradeRoom_UpdateSlideAnimation	src/applications/trade_room/application.c	order
ov65_0221EF0C	TradeRoom_RestoreFullPartyGrid	src/applications/trade_room/application.c	calls
ov65_0221F028	TradeRoom_PromptTradeConfirm	src/applications/trade_room/application.c	between
ov65_0221F0C4	TradeRoom_AnnounceTradeConfirmed	src/applications/trade_room/application.c	between
ov65_0221F0D8	TradeRoom_ClearAndPrintMessage	src/applications/trade_room/application.c	between
ov65_0221F120	TradeRoom_HandleTradeConfirm	src/applications/trade_room/application.c	between
ov65_0221F258	TradeRoom_WarnBallCapsuleDetach	src/applications/trade_room/application.c	between
ov65_0221F2A8	TradeRoom_HandleBallCapsuleWarningConfirm	src/applications/trade_room/application.c	between
ov65_0221F354	TradeRoom_HandleMutualTradeConfirmSync	src/applications/trade_room/application.c	between
ov65_0221F3B0	TradeRoom_CompleteTrade	src/applications/trade_room/application.c	between
ov65_0221F3F4	TradeRoom_ShowPartnerMonActionMenu	src/applications/trade_room/application.c	between
ov65_0221F4B0	TradeRoom_HandleShowPartnerMonConfirm	src/applications/trade_room/application.c	between
ov65_0221F5A0	TradeRoom_ExecuteTrade	src/applications/trade_room/application.c	called
ov65_0221F714	TradeRoom_ScrollBackground	src/applications/trade_room/application.c	called
ov65_0221F748	TradeRoom_SetSpritePosition	src/applications/trade_room/application.c	called
ov65_0221F760	TradeRoom_AddWaitDialHandle	src/applications/trade_room/application.c	between
ov65_0221F780	TradeRoom_HideWaitDial	src/applications/trade_room/application.c	between
ov65_0221F79C	TradeRoom_HasUsablePartyAfterTrade	src/applications/trade_room/application.c	called
ov65_0221F7E0	TradeRoom_ValidatePartyChecksums	src/applications/trade_room/application.c	calls
ov65_0221F850	TradeRoom_ArmConnectionTimeout	src/applications/trade_room/application.c	order
ov65_0221F864	TradeRoom_CheckConnectionTimeout	src/applications/trade_room/application.c	order
ov65_0221F8D0	TradeRoom_InitWindows	src/applications/trade_room/helpers.c	calls
ov65_0221FAE0	TradeRoom_FreeWindows	src/applications/trade_room/helpers.c	between
ov65_0221FB4C	TradeRoom_PrintStringInWindow	src/applications/trade_room/helpers.c	called
ov65_0221FC54	TradeRoom_ProcessYesNoChoice	src/applications/trade_room/helpers.c	called
ov65_0221FCA0	TradeRoom_NewFriendListMenu	src/applications/trade_room/helpers.c	called
ov67_021E5900	BattleTowerRecordsApp_Init	src/applications/frontier/tower_records.c	calls
ov67_021E5968	BattleTowerRecordsApp_Free	src/applications/frontier/tower_records.c	between
ov67_021E5984	BattleTowerRecordsApp_Main	src/applications/frontier/tower_records.c	calls
ov67_021E5BE0	CheckIfAOrBPressed	src/applications/frontier/tower_records.c	order
ov67_021E5C44	ProcessRankScreenInput	src/applications/frontier/tower_records.c	order
ov67_021E60B4	sub_02073130	src/unk_020722AC.c	calls
ov67_021E60F4	UndergroundTextPrinter_Free	src/underground/text_printer.c	calls
ov67_021E63E8	LoadWifiTrainersInfo	src/applications/frontier/tower_records.c	calls
ov68_021E5A58	MoveReminder_Setup	src/applications/move_reminder.c	between
ov68_021E5B14	MoveReminder_Free	src/applications/move_reminder.c	called
ov68_021E5BA0	MoveReminder_SetGXBanks	src/applications/move_reminder.c	order
ov68_021E5BC0	MoveReminder_InitBgs	src/applications/move_reminder.c	between
ov68_021E5CD8	MoveReminder_FreeBgs	src/applications/move_reminder.c	order
ov68_021E5EBC	MoveReminder_InitText	src/applications/move_reminder.c	order
ov68_021E5F18	MoveReminder_FreeText	src/applications/move_reminder.c	order
ov68_021E5F50	MoveReminder_State_Init	src/applications/move_reminder.c	order
ov68_021E5F68	MoveReminder_State_ProcessMainInput	src/applications/move_reminder.c	between
ov68_021E6058	MoveReminder_State_PrintMessageBoxText	src/applications/move_reminder.c	order
ov68_021E6078	MoveReminder_State_DrawYesNoMenu	src/applications/move_reminder.c	between
ov68_021E60D8	MoveReminder_State_ProcessYesNoInput	src/applications/move_reminder.c	between
ov68_021E614C	MoveReminder_State_ReplaceOldMove	src/applications/move_reminder.c	between
ov68_021E61A0	MoveReminder_State_PlayFanfare	src/applications/move_reminder.c	order
ov68_021E61B8	MoveReminder_State_ConfirmSelection	src/applications/move_reminder.c	calls
ov68_021E61EC	MoveReminder_State_FadeToExit	src/applications/move_reminder.c	between
ov68_021E6204	MoveReminder_DrawMovesInfo	src/applications/move_reminder.c	between
ov68_021E6234	MoveReminder_DrawText	src/applications/move_reminder.c	calls
ov68_021E62D4	MoveReminder_FormatNumber	src/applications/move_reminder.c	calls
ov68_021E6320	MoveReminder_DrawLabelText	src/applications/move_reminder.c	between
ov68_021E6678	MoveReminder_GetNumMoves	src/applications/move_reminder.c	order
ov68_021E66A0	ov64_02230D50	src/overlay064/ov64_0222DCE0.c	calls
ov68_021E6820	MoveReminder_InitListMenu	src/applications/move_reminder.c	order
ov68_021E68C4	MoveReminder_FreeListMenu	src/applications/move_reminder.c	order
ov68_021E68D4	MoveReminder_DrawBattleMovesText	src/applications/move_reminder.c	calls
ov68_021E6A2C	MoveReminder_SetStringTemplate	src/applications/move_reminder.c	order
ov68_021E6BEC	MoveReminder_GetSelectedMove	src/applications/move_reminder.c	order
ov68_021E6BFC	MoveReminder_GetForgottenMove	src/applications/move_reminder.c	order
ov68_021E6C14	MoveReminder_SetMessageBoxText	src/applications/move_reminder.c	called
ov68_021E6C8C	MoveReminder_TextPrinterCallback	src/applications/move_reminder.c	order
ov68_021E6CD8	MoveReminder_GetEmptyMoveSlot	src/applications/move_reminder.c	called
ov68_021E6D00	MoveReminder_ShouldTeachMove_Yes	src/applications/move_reminder.c	order
ov68_021E6D20	MoveReminder_ShouldTeachMove_No	src/applications/move_reminder.c	between
ov68_021E6D40	MoveReminder_GiveUpTeachingMon_Yes	src/applications/move_reminder.c	order
ov68_021E6D4C	MoveReminder_GiveUpTeachingMon_No	src/applications/move_reminder.c	between
ov68_021E6D58	MoveReminder_MoreThanFourMovesDelete_Yes	src/applications/move_reminder.c	order
ov68_021E6D64	MoveReminder_MoreThanFourMovesDelete_No	src/applications/move_reminder.c	order
ov68_021E6D80	MoveReminder_StopTryingToTeachMove_Yes	src/applications/move_reminder.c	order
ov68_021E6D9C	MoveReminder_StopTryingToTeachMove_No	src/applications/move_reminder.c	order
ov68_021E6DB8	MoveReminder_ForgetThisMove_Yes	src/applications/move_reminder.c	order
ov68_021E6DD0	MoveReminder_ForgetThisMove_No	src/applications/move_reminder.c	order
ov68_021E6DDC	MoveReminder_InitSpriteSystem	src/applications/move_reminder.c	order
ov68_021E6E84	MoveReminder_FreeSpriteSystem	src/applications/move_reminder.c	order
ov68_021E6EB8	MoveReminder_LoadSpriteResources	src/applications/move_reminder.c	calls
ov68_021E7028	MoveReminder_DrawTypeIcon	src/applications/move_reminder.c	called
ov68_021E70BC	MoveReminder_DrawTypeIcons	src/applications/move_reminder.c	calls
ov68_021E7124	MoveReminder_DrawCategoryIcon	src/applications/move_reminder.c	order
ov68_021E7178	MoveReminder_InitSprites	src/applications/move_reminder.c	calls
ov68_021E7388	PoffinCutsceneMonSprite_Free	src/applications/poffin_case/cutscene_sprite.c	calls
ov68_021E74C0	MoveReminder_State_FadeToSummaryScreen	src/applications/move_reminder.c	order
ov68_021E74D8	MoveReminder_State_RunSummaryScreen	src/applications/move_reminder.c	order
ov68_021E7568	MoveReminder_State_ProcessSummaryScreenInput	src/applications/move_reminder.c	calls
ov69_021E60F8	ov92_021D14F0	src/overlay092/ov92_021D0D80.c	between
ov69_021E6118	ov92_021D1510	src/overlay092/ov92_021D0D80.c	between
ov69_021E6138	ov92_021D1530	src/overlay092/ov92_021D0D80.c	between
ov69_021E623C	ov92_021D1634	src/overlay092/ov92_021D0D80.c	between
ov69_021E62B0	ov92_021D16A8	src/overlay092/ov92_021D0D80.c	between
ov69_021E6300	ov92_021D16F8	src/overlay092/ov92_021D0D80.c	called
ov69_021E6308	ov92_021D1700	src/overlay092/ov92_021D0D80.c	order
ov69_021E645C	ov92_021D1818	src/overlay092/ov92_021D0D80.c	order
ov69_021E64CC	ov92_021D1888	src/overlay092/ov92_021D0D80.c	order
ov69_021E67B8	ov92_021D1B24	src/overlay092/ov92_021D0D80.c	order
ov69_021E68D8	ov92_021D1C38	src/overlay092/ov92_021D0D80.c	order
ov69_021E68EC	ov92_021D1C4C	src/overlay092/ov92_021D0D80.c	calls
ov69_021E6994	ov92_021D1CF4	src/overlay092/ov92_021D0D80.c	calls
ov69_021E6A54	ov92_021D1DB4	src/overlay092/ov92_021D0D80.c	between
ov69_021E6A8C	ov92_021D1DEC	src/overlay092/ov92_021D0D80.c	calls
ov69_021E6B5C	ov92_021D1EBC	src/overlay092/ov92_021D0D80.c	order
ov69_021E6C14	ov92_021D1F74	src/overlay092/ov92_021D0D80.c	order
ov69_021E6D5C	ov92_021D1F90	src/overlay092/ov92_021D0D80.c	order
ov69_021E6E88	ov92_021D2150	src/overlay092/ov92_021D0D80.c	calls
ov69_021E6F48	ov92_021D2210	src/overlay092/ov92_021D0D80.c	between
ov69_021E6F8C	ov92_021D2254	src/overlay092/ov92_021D0D80.c	between
ov69_021E6FE8	ov92_021D22B0	src/overlay092/ov92_021D0D80.c	calls
ov69_021E706C	ov92_021D2334	src/overlay092/ov92_021D0D80.c	between
ov69_021E70A8	ov92_021D2370	src/overlay092/ov92_021D0D80.c	called
ov69_021E7120	ov92_021D23E8	src/overlay092/ov92_021D0D80.c	called
ov69_021E7198	ov92_021D2460	src/overlay092/ov92_021D0D80.c	between
ov69_021E737C	ov92_021D2644	src/overlay092/ov92_021D0D80.c	called
ov69_021E7408	ov92_021D26D0	src/overlay092/ov92_021D0D80.c	calls
ov69_021E7520	ov92_021D27E8	src/overlay092/ov92_021D0D80.c	calls
ov69_021E758C	ov92_021D2854	src/overlay092/ov92_021D0D80.c	between
ov69_021E75A0	ov92_021D2868	src/overlay092/ov92_021D0D80.c	between
ov69_021E75F8	ov92_021D28C0	src/overlay092/ov92_021D0D80.c	calls
ov70_022378DC	GTSNetworking_ProcessCurrentRequest	src/gts_application/networking.c	called
ov70_02237F2C	GTSNetworking_Reset	src/gts_application/networking.c	called
ov70_02237F38	GTSNetworking_RequestComplete	src/gts_application/networking.c	called
ov70_02237F58	GTSNetworking_GetErrorCode	src/gts_application/networking.c	called
ov70_02237F64	GTSNetworking_Post	src/gts_application/networking.c	between
ov70_02237FB4	GTSNetworking_PostFinish	src/gts_application/networking.c	between
ov70_02238008	GTSNetworking_GetListedPokemon	src/gts_application/networking.c	between
ov70_02238058	GTSNetworking_GetListingStatus	src/gts_application/networking.c	between
ov70_022380A8	GTSNetworking_Delete	src/gts_application/networking.c	between
ov70_022380EC	GTSNetworking_Return	src/gts_application/networking.c	between
ov70_02238130	GTSNetworking_SearchGlobal	src/gts_application/networking.c	called
ov70_022381A4	GTSNetworking_SearchByCountry	src/gts_application/networking.c	called
ov70_02238208	GTSNetworking_Exchange	src/gts_application/networking.c	between
ov70_0223826C	GTSNetworking_ExchangeFinish	src/gts_application/networking.c	between
ov70_022382C0	GTSNetworking_InitConnection	src/gts_application/networking.c	between
ov70_02238304	GTSNetworking_SetProfile	src/gts_application/networking.c	between
ov70_02238360	GTSNetworking_PrepareRequest	src/gts_application/networking.c	called
ov70_02238398	GTSNetworking_GetPublicErrorCode	src/gts_application/networking.c	between
ov70_02238430	GTSApplication_Init	src/gts_application/application.c	between
ov70_022385C0	GTSApplication_Main	src/gts_application/application.c	between
ov70_022386F4	GTSApplication_VBlankCallback	src/gts_application/application.c	between
ov70_022387AC	Mining_VBlankCallback	src/underground/mining.c	calls
ov70_022387F8	GTSApplication_SetVRAMBanks	src/gts_application/application.c	called
ov70_02238818	GTSApplication_InitPlayerData	src/gts_application/application.c	order
ov70_02238880	GTSApplication_Noop	src/gts_application/application.c	order
ov70_022388D0	GTSApplication_InitCharTransfer	src/gts_application/application.c	called
ov70_02238900	GTSApplication_InitGraphics	src/gts_application/application.c	calls
ov70_02238B54	GTSApplication_InitAffineTemplate	src/gts_application/application.c	between
ov70_02238B80	GTSApplication_InitSpriteHeaders	src/gts_application/application.c	calls
ov70_02238C14	GTSApplication_CreateYesNoMenu	src/gts_application/application.c	called
ov70_02238D84	GTSApplication_SetCurrentAndNextScreenInstruction	src/gts_application/application.c	called
ov70_02238D8C	GTSApplication_SetSpritePosition	src/gts_application/application.c	between
ov70_02238DF8	GTSApplication_DWCAlloc	src/gts_application/application.c	order
ov70_02238E20	sub_02017704	src/unk_02017498.c	calls
ov70_02238E44	GTSApplication_GetNetworkStrength	src/gts_application/application.c	order
ov70_02238E50	GTSApplication_SetNextScreenWithArgument	src/gts_application/application.c	called
ov70_02238E58	GTSApplication_MoveToNextScreen	src/gts_application/application.c	between
ov70_02238E64	GTSApplication_GetTextFrameDelay	src/gts_application/application.c	between
ov70_02238E70	GTSApplication_InitRenderingSystem	src/gts_application/application.c	calls
ov70_02238E98	GTSApplication_CleanupGraphics	src/gts_application/application.c	calls
ov70_02238F04	GTSApplication_DecrementNetworkTimer	src/gts_application/application.c	between
ov70_02238F10	GTSApplication_StartCountingBoxPokemon	src/gts_application/application.c	between
ov70_02238F24	GTSApplication_CountBoxPokemon	src/gts_application/application.c	between
ov70_02238F64	GTSApplication_AddWaitDial	src/gts_application/application.c	between
ov70_02238F80	GTSApplication_DestroyWaitDial	src/gts_application/application.c	called
ov70_02238FE0	UpdateBgRotationWithVal	src/bg_window.c	order
ov70_02238FF4	GTSApplication_MainMenu_Init	src/gts_application/screens/main_menu.c	order
ov70_022390DC	Bg_ScheduleAffineScale	src/bg_window.c	order
ov70_022390FC	GTSApplication_MainMenu_Exit	src/gts_application/screens/main_menu.c	order
ov70_022391F0	GFXBoxTest_MakeBox	src/gfx_box_test.c	order
ov70_022392BC	GTSMainMenu_FreeBgLayers	src/gts_application/screens/main_menu.c	order
ov70_02239304	GTSMainMenu_HideLayersAndCursor	src/gts_application/screens/main_menu.c	calls
ov70_02239330	GTSMainMenu_InitGraphics	src/gts_application/screens/main_menu.c	between
ov70_02239414	GTSMainMenu_InitCursor	src/gts_application/screens/main_menu.c	between
ov70_022394A8	GTSMainMenu_DeleteCursor	src/gts_application/screens/main_menu.c	between
ov70_022394B8	GTSMainMenu_InitMenu	src/gts_application/screens/main_menu.c	between
ov70_022395C4	GTSMainMenu_RemoveWindows	src/gts_application/screens/main_menu.c	between
ov70_02239614	GTSMainMenu_LoadTitle	src/gts_application/screens/main_menu.c	calls
ov70_0223963C	GTSMainMenu_CleanupStrings	src/gts_application/screens/main_menu.c	between
ov70_02239658	GTSMainMenu_WaitUntilFinishedMoving	src/gts_application/screens/main_menu.c	calls
ov70_02239698	GTSMainMenu_QueueFadeIn	src/gts_application/screens/main_menu.c	order
ov70_022396A8	GTSMainMenu_BeginFadeIn	src/gts_application/screens/main_menu.c	order
ov70_022396CC	GTSMainMenu_WaitFadeIn1	src/gts_application/screens/main_menu.c	order
ov70_022396E0	GTSMainMenu_WaitFadeIn2	src/gts_application/screens/main_menu.c	order
ov70_022396F4	GTSMainMenu_SetupBottomWindowQuestion	src/gts_application/screens/main_menu.c	order
ov70_02239740	GTSMainMenu_HandleInput	src/gts_application/screens/main_menu.c	order
ov70_02239954	GTSMainMenu_BeginLogoutAnimation	src/gts_application/screens/main_menu.c	order
ov70_0223997C	GTSMainMenu_WaitLogoutAnimation	src/gts_application/screens/main_menu.c	order
ov70_02239990	GTSMainMenu_FadeAndExit	src/gts_application/screens/main_menu.c	order
ov70_022399D8	GTSMainMenu_ShowConfirmationMenu	src/gts_application/screens/main_menu.c	order
ov70_02239A10	GTSMainMenu_HandleConfirmationMenu	src/gts_application/screens/main_menu.c	between
ov70_02239AAC	GTSMainMenu_WaitForTextPrinter	src/gts_application/screens/main_menu.c	order
ov70_02239ACC	GTSMainMenu_WaitForMessageWithDelay	src/gts_application/screens/main_menu.c	order
ov70_02239B00	GTSMainMenu_RenderMenuButtons	src/gts_application/screens/main_menu.c	order
ov70_02239B84	GTSMainMenu_SetBottomWindowText	src/gts_application/screens/main_menu.c	order
ov70_02239BDC	GTSMainMenu_ShowConfirmationWindow	src/gts_application/screens/main_menu.c	order
ov70_02239C34	GTSApplication_MainMenu_RenderButton	src/gts_application/screens/main_menu.c	order
ov70_02239CF8	GTS_LoadSubScreenGraphics	src/gts_application/screens/main_menu.c	called
ov70_02239D8C	GTSApplication_Listing_Init	src/gts_application/screens/listing.c	order
ov70_02239E68	GTSApplication_Listing_Main	src/gts_application/screens/listing.c	between
ov70_02239E7C	GTSApplication_Listing_Exit	src/gts_application/screens/listing.c	order
ov70_02239EAC	GTSListing_InitBgLayers	src/gts_application/screens/listing.c	called
ov70_02239F78	GTSListing_FreeBgLayers	src/gts_application/screens/listing.c	order
ov70_02239FA4	GTSListing_LoadGraphics	src/gts_application/screens/listing.c	order
ov70_0223A06C	GTSListing_InitSprites	src/gts_application/screens/listing.c	order
ov70_0223A0C4	GTSListing_FreeSprites	src/gts_application/screens/listing.c	order
ov70_0223A0D4	GTSListing_InitWindows	src/gts_application/screens/listing.c	order
ov70_0223A1A0	GTSListing_RemoveWindows	src/gts_application/screens/listing.c	between
ov70_0223A1E4	GTSListing_AllocState	src/gts_application/screens/listing.c	calls
ov70_0223A224	GTSListing_FreeState	src/gts_application/screens/listing.c	between
ov70_0223A258	GTSListing_WaitFadeIn	src/gts_application/screens/listing.c	between
ov70_0223A260	GTSListing_HandleInput	src/gts_application/screens/listing.c	calls
ov70_0223A2D0	GTSListing_BeginExit	src/gts_application/screens/listing.c	between
ov70_0223A2F8	GTSListing_ShowConfirmationMenu	src/gts_application/screens/listing.c	between
ov70_0223A324	GTSListing_HandleConfirmationMenu	src/gts_application/screens/listing.c	between
ov70_0223A384	GTSListing_ShowActionMenu	src/gts_application/screens/listing.c	between
ov70_0223A3DC	GTSListing_HandleActionMenu	src/gts_application/screens/listing.c	calls
ov70_0223A4A0	GTSListing_WaitForMessage	src/gts_application/screens/listing.c	between
ov70_0223A4C0	GTSListing_WaitForMessageWithDelay	src/gts_application/screens/listing.c	between
ov70_0223A4F4	GTSListing_ShowBottomMessage	src/gts_application/screens/listing.c	called
ov70_0223A578	GTS_DrawOfferedPokemonInfo	src/gts_application/screens/listing.c	calls
ov70_0223A72C	GTS_DrawTrainerInfo	src/gts_application/screens/listing.c	calls
ov70_0223A7E4	GTS_LoadListingPokemonSprite	src/gts_application/screens/listing.c	calls
ov70_0223A874	GTSListing_DrawWantedCriteria	src/gts_application/screens/listing.c	between
ov70_0223A8BC	GTSApplication_SearchListing_Init	src/gts_application/screens/search_listing.c	between
ov70_0223AA90	GTSApplication_SearchListing_Main	src/gts_application/screens/search_listing.c	between
ov70_0223AB00	GTSApplication_SearchListing_Exit	src/gts_application/screens/search_listing.c	between
ov70_0223AB3C	GTSSearchListing_InitBgLayers	src/gts_application/screens/search_listing.c	between
ov70_0223ABD8	GTSSearchListing_FreeBgLayers	src/gts_application/screens/search_listing.c	between
ov70_0223ABF4	GTSSearchListing_InitGraphics	src/gts_application/screens/search_listing.c	between
ov70_0223AC98	GTSSearchListing_InitSprites	src/gts_application/screens/search_listing.c	between
ov70_0223ACE4	GTSSearchListing_FreeSprites	src/gts_application/screens/search_listing.c	between
ov70_0223ACF4	GTSSearchListing_InitWindows	src/gts_application/screens/search_listing.c	between
ov70_0223AE40	GTSSearchListing_RemoveWindows	src/gts_application/screens/search_listing.c	between
ov70_0223AE98	GTSSearchListing_InitStrings	src/gts_application/screens/search_listing.c	calls
ov70_0223AF30	GTSSearchListing_FreeStrings	src/gts_application/screens/search_listing.c	order
ov70_0223B12C	GTSSearchListing_FadeAndExit	src/gts_application/screens/search_listing.c	order
ov70_0223B188	GTSSearchListing_ShowConfirmationMenu	src/gts_application/screens/search_listing.c	between
ov70_0223B1B8	GTSSearchListing_HandleConfirmationMenu	src/gts_application/screens/search_listing.c	between
ov70_0223B258	GTSSearchListing_RefreshInfoPanel	src/gts_application/screens/search_listing.c	called
ov70_0223B2C0	GTSSearchListing_UpdateInfoPanel	src/gts_application/screens/search_listing.c	order
ov70_0223B344	GTSSearchListing_WaitForText	src/gts_application/screens/search_listing.c	order
ov70_0223B364	GTSSearchListing_ShowMessage	src/gts_application/screens/search_listing.c	order
ov70_0223B3EC	GTSSearchListing_DrawTabHeaders	src/gts_application/screens/search_listing.c	order
ov70_0223B41C	GTSSearchListing_DrawRequirementsInfo	src/gts_application/screens/search_listing.c	order
ov70_0223B484	GTSSearchListing_DrawTrainerLocationText	src/gts_application/screens/search_listing.c	order
ov70_0223B55C	GTSApplication_Search_Init	src/gts_application/screens/search.c	order
ov70_0223B6EC	GTSApplication_Search_Main	src/gts_application/screens/search.c	between
ov70_0223B788	GTSApplication_Search_Exit	src/gts_application/screens/search.c	between
ov70_0223B7CC	GTSSearch_InitBgLayers	src/gts_application/screens/search.c	order
ov70_0223B8B4	GTSSearch_FreeBgLayers	src/gts_application/screens/search.c	order
ov70_0223B8E0	GTSSearch_LoadGraphics	src/gts_application/screens/search.c	order
ov70_0223BAAC	ov21_021D695C	src/applications/pokedex/ov21_021D5AEC.c	calls
ov70_0223BAE0	GTSSearch_InitWindows	src/gts_application/screens/search.c	order
ov70_0223BC2C	GTSSearch_RemoveWindows	src/gts_application/screens/search.c	between
ov70_0223BC7C	GTSSearch_AllocState	src/gts_application/screens/search.c	order
ov70_0223BCD0	GTSSearch_FreeState	src/gts_application/screens/search.c	order
ov70_0223BD04	GTSSearch_ShowPrompt	src/gts_application/screens/search.c	order
ov70_0223BD90	GTSSearch_HandleInput	src/gts_application/screens/search.c	order
ov70_0223BF00	GTSSearch_SubmitSearch	src/gts_application/screens/search.c	calls
ov70_0223BFA8	GTS_IsTradeTimestampRecent	src/gts_application/screens/search.c	calls
ov70_0223C008	GTSSearch_SendSearchRequest	src/gts_application/screens/search.c	calls
ov70_0223C0C8	GTSSearch_WaitForSearchResults	src/gts_application/screens/search.c	between
ov70_0223C19C	GTSSearch_ShowResultsMessage	src/gts_application/screens/search.c	calls
ov70_0223C1F8	GTSSearch_WaitForResultsReveal	src/gts_application/screens/search.c	between
ov70_0223C23C	GTSSearch_ShowInvalidSearchMessage	src/gts_application/screens/search.c	between
ov70_0223C274	GTSSearch_ShowServerMaintenanceMessage	src/gts_application/screens/search.c	between
ov70_0223C2B0	GTSSearch_DisconnectAndExit	src/gts_application/screens/search.c	calls
ov70_0223C2EC	GTSSearch_GetRequirementsCursorIndex	src/gts_application/screens/search.c	order
ov70_0223C304	GTSSearch_HandleRequirementsCursorInput	src/gts_application/screens/search.c	order
ov70_0223C4B0	GTSSearch_FadeAndExit	src/gts_application/screens/search.c	order
ov70_0223C4E4	GTSSearch_ShowSpeciesSearchPrompt	src/gts_application/screens/search.c	order
ov70_0223C50C	GTSSearch_CreateSpeciesMenu	src/gts_application/screens/search.c	order
ov70_0223C52C	GTSSearch_HandleSpeciesMenuInput	src/gts_application/screens/search.c	order
ov70_0223C618	GTSSearch_ShowGenderSearchPrompt	src/gts_application/screens/search.c	order
ov70_0223C640	GTSSearch_CreateGenderMenu	src/gts_application/screens/search.c	order
ov70_0223C660	GTSSearch_HandleGenderMenuInput	src/gts_application/screens/search.c	between
ov70_0223C6F0	GTSSearch_ShowLevelSearchPrompt	src/gts_application/screens/search.c	order
ov70_0223C718	GTSSearch_CreateLevelMenu	src/gts_application/screens/search.c	order
ov70_0223C744	GTSSearch_HandleLevelMenuInput	src/gts_application/screens/search.c	between
ov70_0223C7C4	GTSSearch_ShowCountrySearchPrompt	src/gts_application/screens/search.c	order
ov70_0223C7EC	GTSSearch_CreateCountryMenu	src/gts_application/screens/search.c	order
ov70_0223C818	GTSSearch_HandleCountryMenuInput	src/gts_application/screens/search.c	between
ov70_0223C8B0	GTSSearch_CreateExitConfirmMenu	src/gts_application/screens/search.c	order
ov70_0223C8DC	GTSSearch_HandleExitConfirm	src/gts_application/screens/search.c	order
ov70_0223C928	GTSSearch_Idle	src/gts_application/screens/search.c	order
ov70_0223C930	GTSSearch_ShowSearchPromptAgain	src/gts_application/screens/search.c	order
ov70_0223C958	GTSSearch_WaitForText	src/gts_application/screens/search.c	order
ov70_0223C978	GTSSearch_WaitForTextWithDelay	src/gts_application/screens/search.c	order
ov70_0223CAC4	GTSSearch_ShowMessage	src/gts_application/screens/search.c	called
ov70_0223CB1C	GTSSearch_DrawCriteriaLabels	src/gts_application/screens/search.c	order
ov70_0223CC68	GTSSearch_RequirementsMatch	src/gts_application/screens/search.c	called
ov70_0223CD28	FindAvailableTransferSlot	src/pltt_transfer.c	order
ov70_0223CD44	GTSApplication_SelectMon_Init	src/gts_application/screens/select_pokemon.c	calls
ov70_0223CDD8	GTSApplication_SelectMon_Main	src/gts_application/screens/select_pokemon.c	between
ov70_0223CDF8	GTSApplication_SelectMon_Exit	src/gts_application/screens/select_pokemon.c	order
ov70_0223CE44	GTSSelectMon_InitBgLayers	src/gts_application/screens/select_pokemon.c	order
ov70_0223CF48	GTSSelectMon_FreeBgLayers	src/gts_application/screens/select_pokemon.c	order
ov70_0223CF74	GTSSelectMon_LoadGraphics	src/gts_application/screens/select_pokemon.c	order
ov70_0223D058	GTSSelectMon_InitSprites	src/gts_application/screens/select_pokemon.c	between
ov70_0223D208	GTSSelectMon_FreeSprites	src/gts_application/screens/select_pokemon.c	order
ov70_0223D26C	GTSSelectMon_InitWindows	src/gts_application/screens/select_pokemon.c	order
ov70_0223D378	GTSSelectMon_RemoveWindows	src/gts_application/screens/select_pokemon.c	between
ov70_0223D3BC	GTSSelectMon_AllocState	src/gts_application/screens/select_pokemon.c	order
ov70_0223D414	GTSSelectMon_FreeState	src/gts_application/screens/select_pokemon.c	order
ov70_0223D44C	GTSDeposit_WaitFadeIn	src/gts_application/screens/deposit.c	calls
ov70_0223D808	GTSSelectMon_HandleCursorInput	src/gts_application/screens/select_pokemon.c	order
ov70_0223D8E8	Sprite_SetExplicitPriority	src/sprite.c	called
ov70_0223D924	GTSSelectMon_CycleBoxId	src/gts_application/screens/select_pokemon.c	order
ov70_0223D934	GTSSelectMon_CreatePokemonMenu	src/gts_application/screens/select_pokemon.c	order
ov70_0223D998	GTSSelectMon_HandlePokemonMenuInput	src/gts_application/screens/select_pokemon.c	order
ov70_0223DB30	GTSSelectMon_CreateTradeMenu	src/gts_application/screens/select_pokemon.c	order
ov70_0223DB94	GTSSelectMon_HandleTradeMenuInput	src/gts_application/screens/select_pokemon.c	order
ov70_0223DD0C	GTSSelectMon_FadeAndExit	src/gts_application/screens/select_pokemon.c	order
ov70_0223DD68	GTSSelectMon_CreateExitConfirmMenu	src/gts_application/screens/select_pokemon.c	order
ov70_0223DD94	GTSSelectMon_HandleExitConfirm	src/gts_application/screens/select_pokemon.c	between
ov70_0223DDD0	GTSDeposit_ShowConfirmationPrompt	src/gts_application/screens/deposit.c	calls
ov70_0223DDFC	GTSSelectMon_CreateTradeConfirmMenu	src/gts_application/screens/select_pokemon.c	order
ov70_0223DE28	GTSSelectMon_HandleTradeConfirm	src/gts_application/screens/select_pokemon.c	between
ov70_0223DE6C	GTSSelectMon_InitiateTrade	src/gts_application/screens/select_pokemon.c	order
ov70_0223DF14	GTSSelectMon_ShowBallCapsuleDepositPrompt	src/gts_application/screens/select_pokemon.c	order
ov70_0223DF40	GTSSelectMon_CreateBallCapsuleTradeConfirmMenu	src/gts_application/screens/select_pokemon.c	order
ov70_0223DF6C	GTSSelectMon_HandleBallCapsuleTradeConfirm	src/gts_application/screens/select_pokemon.c	between
ov70_0223DFD0	GTSSelectMon_WaitForText	src/gts_application/screens/select_pokemon.c	order
ov70_0223DFF0	GTSSelectMon_WaitForTextAndEraseBox	src/gts_application/screens/select_pokemon.c	calls
ov70_0223E01C	GTSDeposit_ShowBottomMessage	src/gts_application/screens/deposit.c	called
ov70_0223E094	NARC_AllocAndUnpackBGCharacterData	src/gts_application/screens/select_pokemon.c	calls
ov70_0223E0BC	GTSSelectMon_LoadPokemonIcon	src/gts_application/screens/select_pokemon.c	called
ov70_0223E114	GTSSelectMon_SetLevelCriteria	src/gts_application/screens/select_pokemon.c	between
ov70_0223E120	GTSSelectMon_UploadMonIconsCallback	src/gts_application/screens/select_pokemon.c	calls
ov70_0223E170	GTSSelectMon_SetupSlot	src/gts_application/screens/select_pokemon.c	calls
ov70_0223E264	GTSSelectMon_LoadBoxDisplay	src/gts_application/screens/select_pokemon.c	calls
ov70_0223E490	GTSApplication_IsBoxIDParty	src/gts_application/screens/select_pokemon.c	called
ov70_0223E49C	GTSApplication_GetSelectedBoxMon	src/gts_application/screens/select_pokemon.c	calls
ov70_0223E4DC	GTSSelectMon_CanOfferPokemon	src/gts_application/screens/select_pokemon.c	calls
ov70_0223E4FC	BoxPokemon_HeldItemNotInDP	src/gts_application/screens/select_pokemon.c	calls
ov70_0223E5C8	GTSSelectMon_GetSlotStatus	src/gts_application/screens/select_pokemon.c	calls
ov70_0223E5FC	GTSApplication_SelectMon_MatchesRequirements	src/gts_application/screens/select_pokemon.c	called
ov70_0223E658	GTSSelectMon_BoxMonMatchesRequirements	src/gts_application/screens/select_pokemon.c	calls
ov70_0223E690	GTSSelectMon_FillTradeListing	src/gts_application/screens/select_pokemon.c	calls
ov70_0223E738	GTSApplication_SelectMon_DarkenNonMatchingMons	src/gts_application/screens/select_pokemon.c	order
ov70_0223E76C	Pokemon_IsHoldingMail	src/gts_application/screens/select_pokemon.c	called
ov70_0223E78C	GTSApplication_Deposit_Init	src/gts_application/screens/deposit.c	order
ov70_0223E884	GTSApplication_Deposit_Main	src/gts_application/screens/deposit.c	between
ov70_0223E8A4	GTSApplication_Deposit_Exit	src/gts_application/screens/deposit.c	order
ov70_0223EA40	GTSDeposit_FreeBgLayers	src/gts_application/screens/deposit.c	order
ov70_0223EA6C	GTSDeposit_LoadGraphics	src/gts_application/screens/deposit.c	order
ov70_0223EB34	GTSDeposit_InitWindows	src/gts_application/screens/deposit.c	order
ov70_0223ECCC	GTSDeposit_AllocState	src/gts_application/screens/deposit.c	order
ov70_0223ED24	GTSDeposit_FreeState	src/gts_application/screens/deposit.c	order
ov70_0223ED58	GTSSelectMon_ShowBallCapsuleTradePrompt	src/gts_application/screens/select_pokemon.c	calls
ov70_0223ED8C	GTSDeposit_SetupCharpadWindows	src/gts_application/screens/deposit.c	between
ov70_0223EDB0	GTSDeposit_ShowCharpadMenu	src/gts_application/screens/deposit.c	between
ov70_0223EDCC	GTSDeposit_HandleCharpadInput	src/gts_application/screens/deposit.c	between
ov70_0223EDD8	GTSDeposit_ShowSpeciesMenu	src/gts_application/screens/deposit.c	between
ov70_0223EDE4	GTSDeposit_TryAutoSetGender	src/gts_application/screens/deposit.c	between
ov70_0223EE10	GTSDeposit_HandleSpeciesInput	src/gts_application/screens/deposit.c	between
ov70_0223EEE8	GTSDeposit_ShowGenderPrompt	src/gts_application/screens/deposit.c	between
ov70_0223EF10	GTSDeposit_ShowGenderMenu	src/gts_application/screens/deposit.c	between
ov70_0223EF38	GTSDeposit_HandleGenderInput	src/gts_application/screens/deposit.c	between
ov70_0223EFB8	GTSDeposit_ShowLevelPrompt	src/gts_application/screens/deposit.c	between
ov70_0223EFE0	GTSDeposit_ShowLevelMenu	src/gts_application/screens/deposit.c	order
ov70_0223F008	JournalEntry_GetOnlineEventTrade	src/journal.c	order
ov70_0223F0B4	JournalEntry_GetGymTooTough	src/journal.c	order
ov70_0223F0DC	GTSDeposit_ShowConfirmationMenu	src/gts_application/screens/deposit.c	order
ov70_0223F108	GTSDeposit_HandleConfirmationInput	src/gts_application/screens/deposit.c	between
ov70_0223F164	GTSDeposit_BeginExit	src/gts_application/screens/deposit.c	order
ov70_0223F1B8	GTSDeposit_WaitForText	src/gts_application/screens/deposit.c	order
ov70_0223F1D8	GTSDeposit_DrawSpeciesText	src/gts_application/screens/deposit.c	order
ov70_0223F244	GTSDeposit_DrawCountryText	src/gts_application/screens/deposit.c	calls
ov70_0223F2A0	GTSDeposit_GetGenderTextColor	src/gts_application/screens/deposit.c	between
ov70_0223F2BC	GTSDeposit_DrawGenderText	src/gts_application/screens/deposit.c	calls
ov70_0223F370	GTSDeposit_DrawLevelTextAtOrigin	src/gts_application/screens/deposit.c	order
ov70_0223F38C	GTSDeposit_DrawLevelText	src/gts_application/screens/deposit.c	called
ov70_0223F3D8	GTSDeposit_DrawWantedCriteria	src/gts_application/screens/deposit.c	order
ov70_0223F470	GTS_FindLevelMessageIndex	src/gts_application/screens/deposit.c	called
ov70_0223F508	GTSDeposit_DrawOfferedPokemon	src/gts_application/screens/deposit.c	calls
ov70_0223F658	GTS_LoadAlphabeticalPokedex	src/gts_application/screens/deposit.c	order
ov70_0223F684	GTS_LoadNationalDexLookup	src/gts_application/screens/deposit.c	order
ov70_0223F6E4	GTS_FillListing	src/gts_application/screens/deposit.c	called
ov70_0223F7A4	GTSDeposit_FillDepositListing	src/gts_application/screens/deposit.c	order
ov70_0223F7E4	GTS_CreateCharpadMenu	src/gts_application/screens/deposit.c	order
ov70_0223F864	GTS_DrawWantedCriteria	src/gts_application/screens/deposit.c	called
ov70_0223F8A8	SpecialEncounter_GetHoneyTree	src/special_encounter.c	order
ov70_0223F8D0	SpecialEncounter_GetRoamer	src/special_encounter.c	order
ov70_0223F904	GTS_CreateGenderMenu	src/gts_application/screens/deposit.c	order
ov70_0223F948	GTS_InitTabScrollState	src/gts_application/screens/deposit.c	order
ov70_0223F960	GTS_SaveTabScrollState	src/gts_application/screens/deposit.c	order
ov70_0223F96C	GTSApplication_NetworkHandler_Init	src/gts_application/screens/network_handler.c	order
ov70_0223F9B4	GTSApplication_NetworkHandler_Main	src/gts_application/screens/network_handler.c	between
ov70_0223F9D4	GTSApplication_NetworkHandler_Exit	src/gts_application/screens/network_handler.c	order
ov70_0223FA08	GTSNetworkHandler_InitBgLayers	src/gts_application/screens/network_handler.c	order
ov70_0223FB34	GTSNetworkHandler_FreeBgLayers	src/gts_application/screens/network_handler.c	order
ov70_0223FB60	GTSNetworkHandler_InitGraphics	src/gts_application/screens/network_handler.c	calls
ov70_0223FBF4	GTSNetworkHandler_InitWindows	src/gts_application/screens/network_handler.c	between
ov70_0223FC30	GTSNetworkHandler_RemoveWindows	src/gts_application/screens/network_handler.c	between
ov70_0223FC40	GTSNetworkHandler_InitStrings	src/gts_application/screens/network_handler.c	between
ov70_0223FC58	GTSNetworkHandler_CleanupStrings	src/gts_application/screens/network_handler.c	between
ov70_0223FC68	GTSNetworkHandler_ParseScreenArgument	src/gts_application/screens/network_handler.c	between
ov70_0223FD64	GTSNetworkHandler_BeginPostListing	src/gts_application/screens/network_handler.c	between
ov70_0223FD98	GTSNetworkHandler_WaitForPostResponse	src/gts_application/screens/network_handler.c	calls
ov70_0223FE40	GTSNetworkHandler_FinishPost	src/gts_application/screens/network_handler.c	between
ov70_0223FE60	GTSNetworkHandler_PostFinishResponse	src/gts_application/screens/network_handler.c	between
ov70_0223FEE4	GTSNetworkHandler_GetListedPokemonRequest	src/gts_application/screens/network_handler.c	between
ov70_0223FF10	GTSNetworkHandler_GetListedPokemonResponse	src/gts_application/screens/network_handler.c	calls
ov70_0223FFCC	GTSNetworkHandler_ReturnRequest	src/gts_application/screens/network_handler.c	between
ov70_0223FFE8	GTSNetworkHandler_ReturnResponse	src/gts_application/screens/network_handler.c	between
ov70_0224006C	GTSNetworkHandler_ExchangeRequest	src/gts_application/screens/network_handler.c	between
ov70_022400BC	GTSNetworkHandler_ExchangeResponse	src/gts_application/screens/network_handler.c	calls
ov70_02240180	GTSNetworkHandler_ExchangeFinishRequest	src/gts_application/screens/network_handler.c	between
ov70_0224019C	GTSNetworkHandler_ExchangeFinishResponse	src/gts_application/screens/network_handler.c	between
ov70_02240220	GTSNetworkHandler_GetListingStatusRequest	src/gts_application/screens/network_handler.c	between
ov70_02240240	GTSNetworkHandler_GetListingStatusResponse	src/gts_application/screens/network_handler.c	calls
ov70_022403FC	GTSNetworkHandler_ReturnToMainMenu	src/gts_application/screens/network_handler.c	between
ov70_02240410	GTSNetworkHandler_GetListedPokemonRequest2	src/gts_application/screens/network_handler.c	between
ov70_02240430	GTSNetworkHandler_GetListedPokemonResponse2	src/gts_application/screens/network_handler.c	calls
ov70_022404D4	GTSNetworkHandler_ReturnToPreviousScreen	src/gts_application/screens/network_handler.c	called
ov70_02240540	GTSNetworkHandler_PerformDepositTrade	src/gts_application/screens/network_handler.c	order
ov70_02240598	GTSNetworkHandler_DeleteReceivedPokemonRequest	src/gts_application/screens/network_handler.c	order
ov70_022405B4	GTSNetworkHandler_DeleteReceivedPokemonResponse	src/gts_application/screens/network_handler.c	order
ov70_0224063C	GTSNetworkHandler_Idle	src/gts_application/screens/network_handler.c	order
ov70_02240640	GTSNetworkHandler_TradeDeposit	src/gts_application/screens/network_handler.c	order
ov70_02240658	GTSNetworkHandler_TradeTakeBack	src/gts_application/screens/network_handler.c	order
ov70_02240670	GTSNetworkHandler_GoToTradeDeposit	src/gts_application/screens/network_handler.c	order
ov70_02240684	GTSNetworkHandler_GoToTradeTakeBack	src/gts_application/screens/network_handler.c	order
ov70_0224069C	GTSNetworkHandler_DeleteDesyncedPokemonRequest	src/gts_application/screens/network_handler.c	order
ov70_022406B8	GTSNetworkHandler_DeleteDesyncedPokemonResponse	src/gts_application/screens/network_handler.c	calls
ov70_02240748	GTSNetworkHandler_ShowAlreadyTradedError	src/gts_application/screens/network_handler.c	calls
ov70_0224078C	GTSNetworkHandler_ShowCommsError	src/gts_application/screens/network_handler.c	called
ov70_022407E4	GTSNetworkHandler_ShowCommsErrorAndDisconnect	src/gts_application/screens/network_handler.c	calls
ov70_0224080C	GTSNetworkHandler_ShowCommsErrorAndReturnToMenu	src/gts_application/screens/network_handler.c	calls
ov70_02240838	GTSNetworkHandler_BeginSaveSequence	src/gts_application/screens/network_handler.c	between
ov70_02240854	GTSNetworkHandler_PrepareFullSave	src/gts_application/screens/network_handler.c	between
ov70_02240884	GTSNetworkHandler_WaitForFrameDelay	src/gts_application/screens/network_handler.c	between
ov70_0224089C	GTSNetworkHandler_WaitForSaveProceed	src/gts_application/screens/network_handler.c	between
ov70_022408BC	GTSNetworkHandler_WaitForSaveComplete	src/gts_application/screens/network_handler.c	between
ov70_022408E0	GTSNetworkHandler_FullSave	src/gts_application/screens/network_handler.c	between
ov70_022408FC	GTSNetworkHandler_WaitForSuccessfulSave	src/gts_application/screens/network_handler.c	calls
ov70_02240948	GTSNetworkHandler_FadeAndExit	src/gts_application/screens/network_handler.c	calls
ov70_022409A0	GTSNetworkHandler_WaitForText	src/gts_application/screens/network_handler.c	between
ov70_022409C0	GTSNetworkHandler_MoveSelectedPokemonToGlobalTrade	src/gts_application/screens/network_handler.c	called
ov70_02240A7C	GlobalTrade_GetUnusedInt	src/global_trade.c	called
ov70_02240B9C	GTSNetworkHandler_StorePokemonFromSearching	src/gts_application/screens/network_handler.c	order
ov70_02240CA0	GTSNetworkHandler_SetTradedTimestamp	src/gts_application/screens/network_handler.c	order
ov70_02240CE4	GTSNetworkHandler_FlagGeonetCommunicatedWith	src/gts_application/screens/network_handler.c	order
ov70_02240D00	GTSNetworkHandler_HaveSpaceForPokemon	src/gts_application/screens/network_handler.c	called
ov70_02240D44	GTSNetworkHandler_SetSaveInstructions	src/gts_application/screens/network_handler.c	called
ov70_02240D54	GTSNetworkHandler_IsListingDesynced	src/gts_application/screens/network_handler.c	called
ov70_02240D74	GTSAvatar_Init	src/gts_application/avatar.c	called
ov70_02240EF4	GTSAvatar_BeginLoginAnimation	src/gts_application/avatar.c	calls
ov70_02240F3C	GTSAvatar_SetPlayerAnimation	src/gts_application/avatar.c	called
ov70_02240F58	GTSAvatar_LoginAnimTask	src/gts_application/avatar.c	calls
ov70_02241004	GTSAvatar_BeginLogoutAnimation	src/gts_application/avatar.c	between
ov70_02241048	GTSAvatar_LogoutAnimTask	src/gts_application/avatar.c	calls
ov70_022410F0	GTSAvatar_SetSpritePosition	src/gts_application/avatar.c	called
ov70_02241164	GTSAvatar_GetTouchedSearchResult	src/gts_application/avatar.c	between
ov70_02241184	GTSAvatar_ShowSearchResults	src/gts_application/avatar.c	calls
ov70_0224122C	GTSAvatar_GetSlotBaseAnim	src/gts_application/avatar.c	between
ov70_02241234	GTSAvatar_HighlightSearchResults	src/gts_application/avatar.c	called
ov70_0224127C	GTSAvatar_LoadGraphics	src/gts_application/avatar.c	between
ov70_022412C8	GTSAvatar_LoadTrainerSprite	src/gts_application/avatar.c	called
ov70_02241308	GTSAvatar_FreeGraphics	src/gts_application/avatar.c	called
ov70_022413AC	GTSApplication_PokemonSummary_Init	src/gts_application/screens/pokemon_summary.c	order
ov70_02241468	GTSApplication_PokemonSummary_Main	src/gts_application/screens/pokemon_summary.c	calls
ov70_02241494	GTSApplication_PokemonSummary_Exit	src/gts_application/screens/pokemon_summary.c	between
ov70_022414A0	GTSApplication_Trade_Init	src/gts_application/screens/trade.c	calls
ov70_02241648	GTSApplication_Trade_Main	src/gts_application/screens/trade.c	calls
ov70_02241808	GTSApplication_Trade_Exit	src/gts_application/screens/trade.c	between
ov70_0224182C	GTSPokemonListing_GetTrainerInfo	src/gts_application/screens/trade.c	called
ov70_02241868	GTSApplication_Trade_GetTradedPokemon	src/gts_application/screens/trade.c	called
ov70_022418A4	GTSApplication_Trade_StoreTradedPokemon	src/gts_application/screens/trade.c	order
ov70_022420C4	GTS_CreateLevelMenu	src/gts_application/screens/deposit.c	called
ov70_02242FC4	ColoredArrow_Print	src/colored_arrow.c	calls
ov70_02243D28	ov21_021D6ED0	src/applications/pokedex/ov21_021D5AEC.c	calls
ov70_02244038	GTSApplication_WFC_Init	src/gts_application/screens/wfc_init.c	order
ov70_02244124	GTSApplication_WFCInit_Main	src/gts_application/screens/wfc_init.c	order
ov70_02244154	GTSApplication_WFCInit_Exit	src/gts_application/screens/wfc_init.c	order
ov70_022441A4	GTSWFCInit_InitBackground	src/gts_application/screens/wfc_init.c	order
ov70_02244290	GTSWFCInit_CleanupBackground	src/gts_application/screens/wfc_init.c	order
ov70_022442B4	GTSWFCInit_InitGraphics	src/gts_application/screens/wfc_init.c	order
ov70_0224458C	GTSWFCInit_InitText	src/gts_application/screens/wfc_init.c	order
ov70_02244644	GTSWFCInit_CleanupWindows	src/gts_application/screens/wfc_init.c	between
ov70_02244670	GTSWFCInit_InitTitle	src/gts_application/screens/wfc_init.c	calls
ov70_022446A8	GTSWFCInit_CleanupStrings	src/gts_application/screens/wfc_init.c	between
ov70_022446D0	GTSWFCInit_AskToSetupConnection	src/gts_application/screens/wfc_init.c	between
ov70_02244708	GTSWFCInit_ProcessSetupConfirmation	src/gts_application/screens/wfc_init.c	between
ov70_02244774	GTSWFCInit_AskToDisconnect	src/gts_application/screens/wfc_init.c	between
ov70_022447A0	GTSWFCInit_RestartOrExit	src/gts_application/screens/wfc_init.c	between
ov70_02244804	GTSWFCInit_ShowDisconnectingMessage	src/gts_application/screens/wfc_init.c	between
ov70_02244834	GTSWFCInit_CleanupNetworking	src/gts_application/screens/wfc_init.c	between
ov70_02244854	GTSWFCInit_ShowDisconnectedMessage	src/gts_application/screens/wfc_init.c	between
ov70_02244888	GTSWFCInit_Connect	src/gts_application/screens/wfc_init.c	between
ov70_022448C0	GTSWFCInit_CheckConnection	src/gts_application/screens/wfc_init.c	between
ov70_02244944	GTSWFCInit_Authenticate	src/gts_application/screens/wfc_init.c	between
ov70_02244954	GTSWFCInit_CheckAuthentication	src/gts_application/screens/wfc_init.c	between
ov70_02244A04	GTSWFCInit_GetDWCKey	src/gts_application/screens/wfc_init.c	between
ov70_02244A4C	GTSWFCInit_ConnectToRemoteServer	src/gts_application/screens/wfc_init.c	between
ov70_02244A68	GTSWFCInit_WaitForServerResponse	src/gts_application/screens/wfc_init.c	calls
ov70_02244B20	GTSWFCInit_SetProfileRequest	src/gts_application/screens/wfc_init.c	between
ov70_02244B54	GTSWFCInit_SetProfileResponse	src/gts_application/screens/wfc_init.c	calls
ov70_02244CA8	GTSWFCInit_ShowNetworkError	src/gts_application/screens/wfc_init.c	between
ov70_02244CCC	GTSWFCInit_RestartConnection	src/gts_application/screens/wfc_init.c	between
ov70_02244D08	GTSWFCInit_ExitScreen	src/gts_application/screens/wfc_init.c	calls
ov70_02244D44	GTSWFCInit_HandleRetryMenuInput	src/gts_application/screens/wfc_init.c	between
ov70_02244D80	GTSWFCInit_FatalError	src/gts_application/screens/wfc_init.c	between
ov70_02244E44	GTSWFCInit_FatalErrorDisconnectMessage	src/gts_application/screens/wfc_init.c	calls
ov70_02244F14	GTSWFCInit_WaitForText	src/gts_application/screens/wfc_init.c	between
ov70_02244F34	GTSWFCInit_WaitForTextDelayed	src/gts_application/screens/wfc_init.c	between
ov70_02244F68	GTSWFCInit_WaitForTextThenYesNoMenu	src/gts_application/screens/wfc_init.c	between
ov70_02244FA4	GTSApplication_DisplayStatusMessage	src/gts_application/screens/wfc_init.c	called
ov70_02245018	Text_CalcAlignedX	src/gts_application/screens/wfc_init.c	between
ov70_02245050	Window_DrawAlignedMessageText	src/gts_application/screens/wfc_init.c	between
ov70_02245084	Window_DrawAlignedSystemText	src/gts_application/screens/wfc_init.c	called
ov70_02245124	GTSApplication_InitNetworkIcon	src/gts_application/screens/wfc_init.c	order
ov70_0224512C	GTSWFCInit_DisplayNetworkError	src/gts_application/screens/wfc_init.c	order
ov70_022451A8	GTSWFCInit_DisplayErrorCode	src/gts_application/screens/wfc_init.c	called
ov71_02246B28	DoesMonSpeciesFlipsSprite	src/cutscenes/trade_sequence/main.c	calls
ov71_02246C48	TradeSequence_VBlankCallback	src/cutscenes/trade_sequence/main.c	between
ov71_02246C6C	PaletteShimmerEffect_New	src/cutscenes/trade_sequence/main.c	between
ov71_02246D40	PaletteShimmerEffect_Stop	src/cutscenes/trade_sequence/main.c	between
ov71_02246D54	PaletteShimmerEffect_Free	src/cutscenes/trade_sequence/main.c	between
ov71_02246D9C	PaletteShimmerEffect_VBlankTask	src/cutscenes/trade_sequence/main.c	calls
ov71_02246E84	PaletteShimmerEffect_SetEntry	src/cutscenes/trade_sequence/main.c	between
ov71_02246EAC	PaletteShimmerEffect_SpawnSpark	src/cutscenes/trade_sequence/main.c	called
ov71_02246F60	PaletteShimmerEffect_FreeSpark	src/cutscenes/trade_sequence/main.c	called
ov71_02246F90	PaletteShimmerEffect_SparkTask	src/cutscenes/trade_sequence/main.c	between
ov71_02247000	BgScaleAnimation_New	src/cutscenes/trade_sequence/main.c	called
ov71_02247068	BgScaleAnimation_Task	src/cutscenes/trade_sequence/main.c	between
ov71_022470DC	BgScaleAnimation_Apply	src/cutscenes/trade_sequence/main.c	calls
ov71_02247124	TradeSequence_LoadPokemonBGTiles	src/cutscenes/trade_sequence/main.c	calls
ov71_02247230	TradeSequence_LoadPokemonPlatform	src/cutscenes/trade_sequence/main.c	calls
ov71_022472C4	SpriteAnimResources_Load	src/cutscenes/trade_sequence/main.c	between
ov71_022472FC	SpriteAnimResources_Free	src/cutscenes/trade_sequence/main.c	between
ov71_02247320	SpriteResourcesHeader_InitFromAnimResources	src/cutscenes/trade_sequence/main.c	between
ov71_02247340	TradeSequence_AddSprite	src/cutscenes/trade_sequence/main.c	between
ov71_02247384	TradeSequence_GetBgConfig	src/cutscenes/trade_sequence/main.c	called
ov71_02247388	TradeSequence_GetStrTemplate	src/cutscenes/trade_sequence/main.c	between
ov71_0224738C	TradeSequence_GetMsgLoader	src/cutscenes/trade_sequence/main.c	between
ov71_02247390	TradeSequence_GetSendingPokemon	src/cutscenes/trade_sequence/main.c	between
ov71_02247398	TradeSequence_GetReceivingPokemon	src/cutscenes/trade_sequence/main.c	between
ov71_022473A0	TradeSequence_GetBackground	src/cutscenes/trade_sequence/main.c	between
ov71_022473A8	TradeSequence_GetSendingSpecies	src/cutscenes/trade_sequence/main.c	between
ov71_022473B0	TradeSequence_GetSendingForm	src/cutscenes/trade_sequence/main.c	between
ov71_022473BC	TradeSequence_GetReceivingSpecies	src/cutscenes/trade_sequence/main.c	between
ov71_022473C4	TradeSequence_GetReceivingForm	src/cutscenes/trade_sequence/main.c	between
ov71_022473D0	TradeSequence_GetOptionsFrame	src/cutscenes/trade_sequence/main.c	between
ov71_022473DC	TradeSequence_GetTradeType	src/cutscenes/trade_sequence/main.c	between
ov71_022473E4	DeferredFree_Init	src/cutscenes/trade_sequence/main.c	between
ov71_022473F0	DeferredFree_Flush	src/cutscenes/trade_sequence/main.c	between
ov71_02247424	DeferredFree_Enqueue	src/cutscenes/trade_sequence/main.c	called
ov71_0224744C	Trade3DScene_New	src/cutscenes/trade_sequence/3d_scene.c	between
ov71_02247498	Trade3DScene_Free	src/cutscenes/trade_sequence/3d_scene.c	between
ov71_022474CC	Trade3DScene_Render	src/cutscenes/trade_sequence/3d_scene.c	called
ov71_02247514	Trade3DModel_Render	src/cutscenes/trade_sequence/3d_scene.c	order
ov71_022475C4	Trade3DModel_Init	src/cutscenes/trade_sequence/3d_scene.c	called
ov71_022475F8	Trade3DModel_Unload	src/cutscenes/trade_sequence/3d_scene.c	called
ov71_02247610	Trade3DModel_Load	src/cutscenes/trade_sequence/3d_scene.c	calls
ov71_022476B4	Trade3DModel_GetPosition	src/cutscenes/trade_sequence/3d_scene.c	called
ov71_022476C4	Trade3DModel_SetPosition	src/cutscenes/trade_sequence/3d_scene.c	between
ov71_022476D4	Trade3DModel_GetRotation	src/cutscenes/trade_sequence/3d_scene.c	called
ov71_022476EC	Trade3DModel_SetRotation	src/cutscenes/trade_sequence/3d_scene.c	called
ov71_02247704	Trade3DModel_SetEnabled	src/cutscenes/trade_sequence/3d_scene.c	called
ov71_02247708	Trade3DModel_SetAlpha	src/cutscenes/trade_sequence/3d_scene.c	called
ov71_02247730	Trade3DModel_SetScale	src/cutscenes/trade_sequence/3d_scene.c	between
ov71_02247738	Trade3DModel_IsInView	src/cutscenes/trade_sequence/3d_scene.c	between
ov71_022477EC	Trade3DScene_GetCameraPosition	src/cutscenes/trade_sequence/3d_scene.c	between
ov71_0224780C	Trade3DScene_SetCameraAngle	src/cutscenes/trade_sequence/3d_scene.c	between
ov71_0224781C	Trade3DScene_AdjustCameraAngle	src/cutscenes/trade_sequence/3d_scene.c	between
ov71_0224782C	Trade3DScene_ComputeProjection	src/cutscenes/trade_sequence/3d_scene.c	between
ov71_0224783C	Trade3DScene_SetFOV	src/cutscenes/trade_sequence/3d_scene.c	between
ov71_0224784C	Trade3DScene_InitCamera	src/cutscenes/trade_sequence/3d_scene.c	called
ov71_022478B8	Trade3DScene_DestroyCamera	src/cutscenes/trade_sequence/3d_scene.c	calls
ov71_022478C8	TradeSendPhase_New	src/cutscenes/trade_sequence/send_phase.c	between
ov71_02247924	TradeSendPhase_Free	src/cutscenes/trade_sequence/send_phase.c	between
ov71_02247990	TradeSendPhase_Run	src/cutscenes/trade_sequence/send_phase.c	between
ov71_022479C8	TradeSendPhase_Tick	src/cutscenes/trade_sequence/send_phase.c	called
ov71_02247A10	TradeSendPhase_InitGraphics	src/cutscenes/trade_sequence/send_phase.c	between
ov71_02247C34	TradeSendPhase_RevealSprite	src/cutscenes/trade_sequence/send_phase.c	between
ov71_02247C60	TradeSendPhase_ShowPokemonInfo	src/cutscenes/trade_sequence/send_phase.c	between
ov71_02247DEC	TradeSendPhase_ThrowBall	src/cutscenes/trade_sequence/send_phase.c	calls
ov71_02247ED0	TradeSendPhase_Init3DScene	src/cutscenes/trade_sequence/send_phase.c	between
ov71_02247F9C	TradeSendPhase_CreatePokemonSprite	src/cutscenes/trade_sequence/send_phase.c	between
ov71_02247FF8	TradeSendPhase_CreateBallSprites	src/cutscenes/trade_sequence/send_phase.c	between
ov71_0224809C	TradeSendPhase_DeleteBallSprites	src/cutscenes/trade_sequence/send_phase.c	called
ov71_022480C0	BrightnessAnimState_Start	src/cutscenes/trade_sequence/send_phase.c	called
ov71_02248110	TradeSendPhase_IsBrightnessAnimDone	src/cutscenes/trade_sequence/send_phase.c	called
ov71_02248120	TradeSendPhase_FreeBrightnessAnimState	src/cutscenes/trade_sequence/send_phase.c	called
ov71_02248140	BrightnessAnimState_Task	src/cutscenes/trade_sequence/send_phase.c	between
ov71_0224817C	BallBounceState_Start	src/cutscenes/trade_sequence/send_phase.c	called
ov71_022481C8	TradeSendPhase_IsBallBounceDone	src/cutscenes/trade_sequence/send_phase.c	called
ov71_022481D8	TradeSendPhase_GetBounceCount	src/cutscenes/trade_sequence/send_phase.c	called
ov71_022481EC	BallBounceState_Free	src/cutscenes/trade_sequence/send_phase.c	called
ov71_0224820C	BallBounceState_Task	src/cutscenes/trade_sequence/send_phase.c	between
ov71_022482EC	TradeTubePhase_New	src/cutscenes/trade_sequence/tube_phase.c	calls
ov71_02248358	TradeTubePhase_Free	src/cutscenes/trade_sequence/tube_phase.c	calls
ov71_022483AC	TradeTubePhase_Run	src/cutscenes/trade_sequence/tube_phase.c	between
ov71_022483E4	TradeTubePhase_Tick	src/cutscenes/trade_sequence/tube_phase.c	called
ov71_02248408	TradeTubePhase_Setup	src/cutscenes/trade_sequence/tube_phase.c	between
ov71_0224843C	TradeTubePhase_WaitForAnimation	src/cutscenes/trade_sequence/tube_phase.c	between
ov71_02248484	TradeTubePhase_AnimateBall	src/cutscenes/trade_sequence/tube_phase.c	between
ov71_02248530	TradeTubePhase_Exit	src/cutscenes/trade_sequence/tube_phase.c	between
ov71_02248604	TradeTubePhase_InitGraphics	src/cutscenes/trade_sequence/tube_phase.c	called
ov71_0224889C	TradeTubePhase_FreeGraphics	src/cutscenes/trade_sequence/tube_phase.c	called
ov71_022488E4	TradeTubePhase_Init3DScene	src/cutscenes/trade_sequence/tube_phase.c	called
ov71_022489F8	TradeTubePhase_Free3DScene	src/cutscenes/trade_sequence/tube_phase.c	called
ov71_02248A08	TradeTubePhase_CreateSprites	src/cutscenes/trade_sequence/tube_phase.c	calls
ov71_02248B24	TradeTubePhase_DeleteSprites	src/cutscenes/trade_sequence/tube_phase.c	called
ov71_02248B54	TradeTubePhase_RequestScreenSwap	src/cutscenes/trade_sequence/tube_phase.c	called
ov71_02248B60	TradeTubePhase_ScreenSwapTask	src/cutscenes/trade_sequence/tube_phase.c	calls
ov71_02248BBC	TubeParticleScrollState_Start	src/cutscenes/trade_sequence/tube_phase.c	called
ov71_02248C24	TubeParticleScrollState_Task	src/cutscenes/trade_sequence/tube_phase.c	calls
ov71_02248CF4	TubeParticleScrollState_Stop	src/cutscenes/trade_sequence/tube_phase.c	order
ov71_02248D80	TubeBgScrollState_Task	src/cutscenes/trade_sequence/tube_phase.c	calls
ov71_02248E04	TubeBgScrollState_Stop	src/cutscenes/trade_sequence/tube_phase.c	called
ov71_02248E30	ModelFadeState_Start	src/cutscenes/trade_sequence/tube_phase.c	called
ov71_02248E78	ModelFadeState_Task	src/cutscenes/trade_sequence/tube_phase.c	between
ov71_02248EB4	BallPathState_Start	src/cutscenes/trade_sequence/tube_phase.c	called
ov71_02248F8C	BallPathState_SetRotationSpeed	src/cutscenes/trade_sequence/tube_phase.c	between
ov71_02248FC8	BallPathState_SetOrbitRadius	src/cutscenes/trade_sequence/tube_phase.c	between
ov71_02249004	BallPathState_SetAxisRotStep	src/cutscenes/trade_sequence/tube_phase.c	between
ov71_0224903C	BallPathState_Tick	src/cutscenes/trade_sequence/tube_phase.c	between
ov71_02249184	BallPathState_EntryTask	src/cutscenes/trade_sequence/tube_phase.c	between
ov71_02249208	BallPathState_ExitTask	src/cutscenes/trade_sequence/tube_phase.c	between
ov71_02249254	BallPathState_IsDone	src/cutscenes/trade_sequence/tube_phase.c	called
ov71_02249260	BallPathState_IsAtMidpoint	src/cutscenes/trade_sequence/tube_phase.c	called
ov71_0224926C	BallPathState_StartReturn	src/cutscenes/trade_sequence/tube_phase.c	called
ov71_022492FC	BallPathState_ReturnApproachTask	src/cutscenes/trade_sequence/tube_phase.c	between
ov71_02249358	BallPathState_ReturnCoastTask	src/cutscenes/trade_sequence/tube_phase.c	between
ov71_022493B8	BallPathState_ReturnFinalApproachTask	src/cutscenes/trade_sequence/tube_phase.c	between
ov71_02249414	BallPathState_ReturnCoast2Task	src/cutscenes/trade_sequence/tube_phase.c	between
ov71_02249460	BallPathState_ReturnExitTask	src/cutscenes/trade_sequence/tube_phase.c	between
ov71_022494A0	TradeBallFlybyPhase_New	src/cutscenes/trade_sequence/ball_flyby_phase.c	calls
ov71_022494D0	TradeBallFlybyPhase_Free	src/cutscenes/trade_sequence/ball_flyby_phase.c	between
ov71_02249500	TradeBallFlybyPhase_Run	src/cutscenes/trade_sequence/ball_flyby_phase.c	between
ov71_02249538	TradeBallFlybyPhase_Tick	src/cutscenes/trade_sequence/ball_flyby_phase.c	called
ov71_02249558	TradeBallFlybyPhase_Setup	src/cutscenes/trade_sequence/ball_flyby_phase.c	calls
ov71_022495A0	TradeBallFlybyPhase_Animate	src/cutscenes/trade_sequence/ball_flyby_phase.c	calls
ov71_02249670	TradeBallFlybyPhase_InitGraphics	src/cutscenes/trade_sequence/ball_flyby_phase.c	called
ov71_022497C8	TradeBallFlybyPhase_FreeGraphics	src/cutscenes/trade_sequence/ball_flyby_phase.c	called
ov71_022497E0	TradeBallFlybyPhase_Init3DScene	src/cutscenes/trade_sequence/ball_flyby_phase.c	called
ov71_022498E0	TradeBallFlybyPhase_Free3DScene	src/cutscenes/trade_sequence/ball_flyby_phase.c	called
ov71_022498F0	TradeBallFlybyPhase_CreateSprite	src/cutscenes/trade_sequence/ball_flyby_phase.c	called
ov71_02249970	TradeBallFlybyPhase_DeleteSprite	src/cutscenes/trade_sequence/ball_flyby_phase.c	called
ov71_02249988	BallOrbitState_Init	src/cutscenes/trade_sequence/ball_flyby_phase.c	called
ov71_02249990	BallOrbitState_Stop	src/cutscenes/trade_sequence/ball_flyby_phase.c	called
ov71_022499A4	BallOrbitState_Start	src/cutscenes/trade_sequence/ball_flyby_phase.c	called
ov71_02249A50	BallOrbitState_IsDone	src/cutscenes/trade_sequence/ball_flyby_phase.c	called
ov71_02249A60	BallOrbitState_SetOrbitRadius	src/cutscenes/trade_sequence/ball_flyby_phase.c	between
ov71_02249A98	BallOrbitState_Tick	src/cutscenes/trade_sequence/ball_flyby_phase.c	between
ov71_02249B64	BallOrbitState_Task	src/cutscenes/trade_sequence/ball_flyby_phase.c	between
ov71_02249C90	TradeBallFlybyPhase_OnBallExited	src/cutscenes/trade_sequence/ball_flyby_phase.c	called
ov71_02249C98	TradeBallFlybyPhase_ScreenSwapTask	src/cutscenes/trade_sequence/ball_flyby_phase.c	between
ov71_02249CF0	TradeWormholePhase_New	src/cutscenes/trade_sequence/wormhole_phase.c	between
ov71_02249D14	TradeWormholePhase_Free	src/cutscenes/trade_sequence/wormhole_phase.c	between
ov71_02249D28	TradeWormholePhase_Run	src/cutscenes/trade_sequence/wormhole_phase.c	between
ov71_02249D58	TradeWormholePhase_Setup	src/cutscenes/trade_sequence/wormhole_phase.c	between
ov71_02249D80	TradeWormholePhase_Animate	src/cutscenes/trade_sequence/wormhole_phase.c	calls
ov71_02249E24	TradeWormholePhase_ScrollTask	src/cutscenes/trade_sequence/wormhole_phase.c	between
ov71_02249E6C	TradeWormholePhase_InitGraphics	src/cutscenes/trade_sequence/wormhole_phase.c	called
ov71_0224A080	TradeWormholePhase_FreeGraphics	src/cutscenes/trade_sequence/wormhole_phase.c	called
ov71_0224A0B8	TradeWormholePhase_SetBgScroll	src/cutscenes/trade_sequence/wormhole_phase.c	calls
ov71_0224A0F0	ReceiveBall_New	src/cutscenes/trade_sequence/receive_ball_phase.c	calls
ov71_0224A12C	ReceiveBall_Free	src/cutscenes/trade_sequence/receive_ball_phase.c	between
ov71_0224A15C	ReceiveBall_Run	src/cutscenes/trade_sequence/receive_ball_phase.c	between
ov71_0224A18C	ReceiveBall_Setup	src/cutscenes/trade_sequence/receive_ball_phase.c	between
ov71_0224A1C4	ReceiveBall_Animate	src/cutscenes/trade_sequence/receive_ball_phase.c	calls
ov71_0224A278	ReceiveBall_InitGraphics	src/cutscenes/trade_sequence/receive_ball_phase.c	calls
ov71_0224A3D8	ReceiveBall_FreeGraphics	src/cutscenes/trade_sequence/receive_ball_phase.c	called
ov71_0224A3F0	ReceiveBall_Init3DScene	src/cutscenes/trade_sequence/receive_ball_phase.c	called
ov71_0224A500	ReceiveBall_Free3DScene	src/cutscenes/trade_sequence/receive_ball_phase.c	called
ov71_0224A510	ReceiveBall_CreateSprite	src/cutscenes/trade_sequence/receive_ball_phase.c	called
ov71_0224A590	ReceiveBall_DeleteSprite	src/cutscenes/trade_sequence/receive_ball_phase.c	called
ov71_0224A5A8	BallArrivalPathState_Init	src/cutscenes/trade_sequence/receive_ball_phase.c	called
ov71_0224A5B0	BallArrivalPathState_Stop	src/cutscenes/trade_sequence/receive_ball_phase.c	called
ov71_0224A5C4	BallArrivalPathState_Start	src/cutscenes/trade_sequence/receive_ball_phase.c	called
ov71_0224A684	BallArrivalPathState_IsDone	src/cutscenes/trade_sequence/receive_ball_phase.c	called
ov71_0224A694	BallArrivalPathState_BeginTransition	src/cutscenes/trade_sequence/receive_ball_phase.c	between
ov71_0224A6D8	BallArrivalPathState_Tick	src/cutscenes/trade_sequence/receive_ball_phase.c	between
ov71_0224A7D0	BallArrivalPathState_Task	src/cutscenes/trade_sequence/receive_ball_phase.c	between
ov71_0224A8A8	ReceiveBall_ScreenSwapPending	src/cutscenes/trade_sequence/receive_ball_phase.c	called
ov71_0224A8B0	ReceiveBall_VBlankCallback	src/cutscenes/trade_sequence/receive_ball_phase.c	calls
ov71_0224A920	TradePokemonRevealPhase_New	src/cutscenes/trade_sequence/pokemon_reveal_phase.c	between
ov71_0224A954	TradePokemonRevealPhase_Free	src/cutscenes/trade_sequence/pokemon_reveal_phase.c	between
ov71_0224A98C	TradePokemonRevealPhase_Run	src/cutscenes/trade_sequence/pokemon_reveal_phase.c	between
ov71_0224A9C4	TradePokemonRevealPhase_Tick	src/cutscenes/trade_sequence/pokemon_reveal_phase.c	calls
ov71_0224AA28	TradePokemonRevealPhase_Animate	src/cutscenes/trade_sequence/pokemon_reveal_phase.c	order
ov71_0224AAF8	TradePokemonRevealPhase_Exit	src/cutscenes/trade_sequence/pokemon_reveal_phase.c	calls
ov71_0224AB7C	TradePokemonRevealPhase_InitGraphics	src/cutscenes/trade_sequence/pokemon_reveal_phase.c	between
ov71_0224ADB0	TradePokemonRevealPhase_FreeGraphics	src/cutscenes/trade_sequence/pokemon_reveal_phase.c	called
ov71_0224ADE4	TradePokemonRevealPhase_Init3DScene	src/cutscenes/trade_sequence/pokemon_reveal_phase.c	between
ov71_0224AEF4	TradePokemonRevealPhase_Free3DScene	src/cutscenes/trade_sequence/pokemon_reveal_phase.c	called
ov71_0224AF08	BgSlideState_Start	src/cutscenes/trade_sequence/pokemon_reveal_phase.c	calls
ov71_0224AF58	BgSlideState_Task	src/cutscenes/trade_sequence/pokemon_reveal_phase.c	calls
ov71_0224AFB8	BgSlideState_Free	src/cutscenes/trade_sequence/pokemon_reveal_phase.c	called
ov71_0224AFD4	ModelSlideState_Start	src/cutscenes/trade_sequence/pokemon_reveal_phase.c	called
ov71_0224B028	ModelSlideState_Task	src/cutscenes/trade_sequence/pokemon_reveal_phase.c	order
ov71_0224B068	ModelSlideState_Free	src/cutscenes/trade_sequence/pokemon_reveal_phase.c	called
ov71_0224B11C	ModelFadeState_Free	src/cutscenes/trade_sequence/pokemon_reveal_phase.c	called
ov71_0224B138	TradeReceivePhase_New	src/cutscenes/trade_sequence/receive_phase.c	order
ov71_0224B198	TradeReceivePhase_Free	src/cutscenes/trade_sequence/receive_phase.c	order
ov71_0224B1FC	TradeReceivePhase_Run	src/cutscenes/trade_sequence/receive_phase.c	order
ov71_0224B234	TradeReceivePhase_Tick	src/cutscenes/trade_sequence/receive_phase.c	order
ov71_0224B280	TradeReceivePhase_InitGraphics	src/cutscenes/trade_sequence/receive_phase.c	order
ov71_0224B450	TradeReceivePhase_Animate	src/cutscenes/trade_sequence/receive_phase.c	order
ov71_0224B47C	TradeReceivePhase_RevealPokemon	src/cutscenes/trade_sequence/receive_phase.c	order
ov71_0224B57C	TradeReceivePhase_ShowMessage	src/cutscenes/trade_sequence/receive_phase.c	order
ov71_0224B6F0	TradeReceivePhase_IsTimerAndFanfareDone	src/cutscenes/trade_sequence/receive_phase.c	order
ov71_0224B720	TradeReceivePhase_Init3DScene	src/cutscenes/trade_sequence/receive_phase.c	between
ov71_0224B7EC	TradeReceivePhase_CreatePokemonSprite	src/cutscenes/trade_sequence/receive_phase.c	order
ov71_0224B848	TradeReceivePhase_CreateBallSprites	src/cutscenes/trade_sequence/receive_phase.c	order
ov71_0224B8EC	TradeReceivePhase_DeleteBallSprites	src/cutscenes/trade_sequence/receive_phase.c	order
ov71_0224B960	TradeReceivePhase_IsBrightnessAnimDone	src/cutscenes/trade_sequence/receive_phase.c	order
ov71_0224B970	TradeReceivePhase_FreeBrightnessAnimState	src/cutscenes/trade_sequence/receive_phase.c	order
ov71_0224B9CC	BallOpenState_Start	src/cutscenes/trade_sequence/receive_phase.c	calls
ov71_0224BA48	BallOpenState_Free	src/cutscenes/trade_sequence/receive_phase.c	called
ov71_0224BA64	BallOpenState_UpdateRotation	src/cutscenes/trade_sequence/receive_phase.c	called
ov71_0224BAA0	BallOpenState_SetRotationTarget	src/cutscenes/trade_sequence/receive_phase.c	called
ov71_0224BABC	BallOpenState_Task	src/cutscenes/trade_sequence/receive_phase.c	calls
ov72_022378DC	BattleTowerHttp_Update	src/wifi_battle_tower/http.c	calls
ov72_02237B54	BattleTowerHttp_IsDone	src/wifi_battle_tower/http.c	called
ov72_02237B74	BattleTowerHttp_GetResult	src/wifi_battle_tower/http.c	called
ov72_02237B80	BattleTowerHttp_RequestRoomCount	src/wifi_battle_tower/http.c	called
ov72_02237BD0	BattleTowerHttp_RequestDownload	src/wifi_battle_tower/http.c	called
ov72_02237C30	BattleTowerHttp_RequestUpload	src/wifi_battle_tower/http.c	called
ov72_02237CB0	BattleTowerHttp_RequestInfo	src/wifi_battle_tower/http.c	called
ov72_02237CF4	WorldExchange_SetProfile	src/wifi_battle_tower/http.c	called
ov72_02237D50	BattleTowerNetworking_PrepareRequest	src/wifi_battle_tower/http.c	order
ov72_02237D88	BattleTowerHttp_GetPublicErrorCode	src/wifi_battle_tower/http.c	order
ov72_022380FC	WifiBattleTower_OnVBlank	src/wifi_battle_tower/application.c	between
ov72_02238124	WifiBattleTower_SetupVramBanks	src/wifi_battle_tower/application.c	between
ov72_02238144	WifiBattleTower_InitAppState	src/wifi_battle_tower/application.c	between
ov72_02238160	Dummy_0223B99C	src/wifi_battle_tower/application.c	between
ov72_02238164	WifiBattleTower_InitTransferSystems	src/wifi_battle_tower/application.c	between
ov72_02238194	WifiBattleTower_InitSpriteResources	src/wifi_battle_tower/application.c	between
ov72_022383DC	WifiBattleTower_BuildAffineSpriteTemplate	src/wifi_battle_tower/application.c	between
ov72_02238408	WifiBattleTower_CreateSelectionArrows	src/wifi_battle_tower/application.c	between
ov72_02238668	WifiBattleTower_CreateYesNoMenu	src/wifi_battle_tower/application.c	between
ov72_02238680	WifiBattleTower_SetState	src/wifi_battle_tower/application.c	called
ov72_02238778	sub_020176DC	src/unk_02017498.c	calls
ov72_022387C4	WifiBattleTower_GetSignalStrength	src/wifi_battle_tower/application.c	order
ov72_022387D0	WifiBattleTower_SetExitMode	src/wifi_battle_tower/application.c	called
ov72_022387D8	WifiBattleTower_InitGraphics	src/wifi_battle_tower/application.c	order
ov72_02238800	WifiBattleTower_FreeGraphics	src/wifi_battle_tower/application.c	order
ov72_0223886C	WifiBattleTower_ScreenInit	src/wifi_battle_tower/screen.c	order
ov72_0223894C	WifiBattleTower_ScreenMain	src/wifi_battle_tower/screen.c	order
ov72_0223897C	WifiBattleTower_ScreenExit	src/wifi_battle_tower/screen.c	order
ov72_022389C8	WifiBattleTower_SetupBgLayers	src/wifi_battle_tower/screen.c	order
ov72_02238AEC	WifiBattleTower_FreeBgLayers	src/wifi_battle_tower/screen.c	order
ov72_02238BEC	WifiBattleTower_LoadGraphics	src/wifi_battle_tower/screen.c	order
ov72_02238EE4	WifiBattleTower_CreateWindows	src/wifi_battle_tower/screen.c	calls
ov72_02238FFC	WifiBattleTower_RemoveWindows	src/wifi_battle_tower/screen.c	between
ov72_02239040	WifiBattleTower_InitStrings	src/wifi_battle_tower/screen.c	calls
ov72_02239098	WifiBattleTower_FreeStrings	src/wifi_battle_tower/screen.c	between
ov72_022390D8	WifiBattleTower_State_InitialPrompt	src/wifi_battle_tower/screen.c	between
ov72_02239108	WifiBattleTower_State_InitialYesNoMenu	src/wifi_battle_tower/screen.c	between
ov72_02239168	WifiBattleTower_State_ConnectedPrompt	src/wifi_battle_tower/screen.c	between
ov72_02239198	WifiBattleTower_State_ConnectedYesNoMenu	src/wifi_battle_tower/screen.c	between
ov72_022391E8	WifiBattleTower_State_InitInet	src/wifi_battle_tower/screen.c	between
ov72_02239220	WifiBattleTower_State_WaitInetConnect	src/wifi_battle_tower/screen.c	between
ov72_022392AC	WifiBattleTower_State_InitNasLogin	src/wifi_battle_tower/screen.c	between
ov72_022392BC	WifiBattleTower_State_WaitNasLogin	src/wifi_battle_tower/screen.c	between
ov72_02239370	WifiBattleTower_State_InitHttp	src/wifi_battle_tower/screen.c	between
ov72_022393B0	WifiBattleTower_State_RequestInfo	src/wifi_battle_tower/screen.c	between
ov72_022393CC	WifiBattleTower_State_WaitInfo	src/wifi_battle_tower/screen.c	between
ov72_022394A4	WifiBattleTower_State_SetProfile	src/wifi_battle_tower/screen.c	between
ov72_022394D8	WifiBattleTower_State_WaitSetProfile	src/wifi_battle_tower/screen.c	between
ov72_02239614	WifiBattleTower_State_RequestRoomCount	src/wifi_battle_tower/screen.c	between
ov72_02239638	WifiBattleTower_State_WaitRoomCount	src/wifi_battle_tower/screen.c	between
ov72_022396E8	WifiBattleTower_State_SelectOpponentPrompt	src/wifi_battle_tower/screen.c	between
ov72_02239760	WifiBattleTower_State_DrawOpponentSelect	src/wifi_battle_tower/screen.c	between
ov72_02239784	WifiBattleTower_State_SelectOpponent	src/wifi_battle_tower/screen.c	between
ov72_022397E8	WifiBattleTower_State_DownloadPrompt	src/wifi_battle_tower/screen.c	between
ov72_0223985C	WifiBattleTower_State_AlreadyChallengedPrompt	src/wifi_battle_tower/screen.c	between
ov72_0223988C	WifiBattleTower_State_RequestDownload	src/wifi_battle_tower/screen.c	between
ov72_022398BC	WifiBattleTower_State_WaitDownload	src/wifi_battle_tower/screen.c	between
ov72_022399CC	WifiBattleTower_State_DownloadCompletePrompt	src/wifi_battle_tower/screen.c	between
ov72_02239A08	WifiBattleTower_State_UploadPrompt	src/wifi_battle_tower/screen.c	between
ov72_02239A3C	WifiBattleTower_State_RequestUpload	src/wifi_battle_tower/screen.c	between
ov72_02239A88	WifiBattleTower_State_WaitUpload	src/wifi_battle_tower/screen.c	between
ov72_02239B5C	WifiBattleTower_State_UploadCompletePrompt	src/wifi_battle_tower/screen.c	between
ov72_02239B98	WifiBattleTower_State_SelectRankPrompt	src/wifi_battle_tower/screen.c	between
ov72_02239BC8	WifiBattleTower_State_DrawRankSelect	src/wifi_battle_tower/screen.c	between
ov72_02239BEC	WifiBattleTower_State_SelectRank	src/wifi_battle_tower/screen.c	between
ov72_02239C14	WifiBattleTower_State_MatchListSelectPrompt	src/wifi_battle_tower/screen.c	between
ov72_02239C8C	WifiBattleTower_State_DrawMatchListSelect	src/wifi_battle_tower/screen.c	between
ov72_02239CB4	WifiBattleTower_State_SelectMatchList	src/wifi_battle_tower/screen.c	between
ov72_02239CD8	WifiBattleTower_State_DownloadMatchListPrompt	src/wifi_battle_tower/screen.c	calls
ov72_02239D3C	WifiBattleTower_State_RequestMatchList	src/wifi_battle_tower/screen.c	between
ov72_02239D6C	WifiBattleTower_State_WaitMatchList	src/wifi_battle_tower/screen.c	between
ov72_02239E58	WifiBattleTower_State_MatchListCompletePrompt	src/wifi_battle_tower/screen.c	between
ov72_02239E94	WifiBattleTower_State_DisconnectEntry	src/wifi_battle_tower/screen.c	between
ov72_02239E9C	WifiBattleTower_State_InitSave	src/wifi_battle_tower/screen.c	between
ov72_02239EB4	WifiBattleTower_State_WaitSave	src/wifi_battle_tower/screen.c	between
ov72_02239ED4	WifiBattleTower_State_ExitPrompt	src/wifi_battle_tower/screen.c	between
ov72_02239F04	WifiBattleTower_State_ExitYesNo	src/wifi_battle_tower/screen.c	between
ov72_02239F30	WifiBattleTower_State_ExitMatchListPrompt	src/wifi_battle_tower/screen.c	between
ov72_02239F60	WifiBattleTower_State_ExitMatchListYesNo	src/wifi_battle_tower/screen.c	between
ov72_02239F8C	WifiBattleTower_State_GoodbyePrompt	src/wifi_battle_tower/screen.c	between
ov72_02239FBC	WifiBattleTower_State_CleanupInet	src/wifi_battle_tower/screen.c	between
ov72_02239FD8	WifiBattleTower_State_DisconnectingPrompt	src/wifi_battle_tower/screen.c	between
ov72_0223A010	WifiBattleTower_State_Idle	src/wifi_battle_tower/screen.c	between
ov72_0223A014	WifiBattleTower_State_EndSession	src/wifi_battle_tower/screen.c	calls
ov72_0223A044	WifiBattleTower_State_DisconnectYesNo	src/wifi_battle_tower/screen.c	between
ov72_0223A06C	WifiBattleTower_State_ShowError	src/wifi_battle_tower/screen.c	between
ov72_0223A0E0	WifiBattleTower_State_ErrorCleanup	src/wifi_battle_tower/screen.c	calls
ov72_0223A1AC	WifiBattleTower_State_WaitText	src/wifi_battle_tower/screen.c	between
ov72_0223A1CC	WifiBattleTower_State_WaitTextTimed	src/wifi_battle_tower/screen.c	between
ov72_0223A200	WifiBattleTower_State_WaitTextYesNo	src/wifi_battle_tower/screen.c	between
ov72_0223A280	WifiBattleTower_DisplayFormattedMessage	src/wifi_battle_tower/screen.c	called
ov72_0223A2E8	WifiBattleTower_State_ShowDwcError	src/wifi_battle_tower/screen.c	between
ov72_0223A314	WifiBattleTower_State_DwcErrorAck	src/wifi_battle_tower/screen.c	between
ov72_0223A350	WifiBattleTower_DisplayMessage	src/wifi_battle_tower/screen.c	called
ov72_0223A3A8	Window_CalcAlignedTextX	src/wifi_battle_tower/screen.c	called
ov72_0223A3E0	Window_DrawSystemTextAligned	src/wifi_battle_tower/screen.c	order
ov72_0223A414	WifiBattleTower_InitNetworkIcon	src/wifi_battle_tower/screen.c	order
ov72_0223A41C	WifiBattleTower_SetSelectionArrowsVisible	src/wifi_battle_tower/screen.c	between
ov72_0223A420	WifiBattleTower_ShowWaitDial	src/wifi_battle_tower/screen.c	called
ov72_0223A444	WifiBattleTower_HideWaitDial	src/wifi_battle_tower/screen.c	called
ov72_0223A460	WifiBattleTower_ShowPopupMessage	src/wifi_battle_tower/screen.c	between
ov72_0223A4DC	WifiBattleTower_ShowDwcErrorPopup	src/wifi_battle_tower/screen.c	called
ov72_0223AC2C	TradePokemonRevealPhase_Setup	src/cutscenes/trade_sequence/pokemon_reveal_phase.c	calls
ov73_021E5AB8	ov59_021D0F00	src/overlay059/ov59_021D0D80.c	calls
ov73_021E5BAC	ov59_021D0FF4	src/overlay059/ov59_021D0D80.c	calls
ov73_021E5C74	ov59_021D109C	src/overlay059/ov59_021D0D80.c	order
ov73_021E5CD8	ov59_021D1100	src/overlay059/ov59_021D0D80.c	order
ov73_021E5D00	ov59_021D1128	src/overlay059/ov59_021D0D80.c	order
ov73_021E5D20	ov59_021D1148	src/overlay059/ov59_021D0D80.c	order
ov73_021E5E0C	ov59_021D1250	src/overlay059/ov59_021D0D80.c	order
ov73_021E5ED4	ov59_021D131C	src/overlay059/ov59_021D0D80.c	order
ov73_021E5F0C	ov59_021D1354	src/overlay059/ov59_021D0D80.c	order
ov73_021E6060	ov59_021D1474	src/overlay059/ov59_021D0D80.c	order
ov73_021E6090	ov59_021D14A4	src/overlay059/ov59_021D0D80.c	order
ov73_021E6184	ov59_021D1598	src/overlay059/ov59_021D0D80.c	calls
ov73_021E629C	ov59_021D16A0	src/overlay059/ov59_021D0D80.c	between
ov73_021E63BC	ov59_021D1784	src/overlay059/ov59_021D0D80.c	called
ov73_021E6400	ov59_021D17C8	src/overlay059/ov59_021D0D80.c	between
ov73_021E6444	ov59_021D17F8	src/overlay059/ov59_021D0D80.c	order
ov73_021E6484	ov59_021D1838	src/overlay059/ov59_021D0D80.c	order
ov73_021E6508	ov59_021D1864	src/overlay059/ov59_021D0D80.c	order
ov73_021E66F0	ov59_021D1994	src/overlay059/ov59_021D0D80.c	called
ov73_021E66F4	ov59_021D1998	src/overlay059/ov59_021D0D80.c	between
ov73_021E670C	ov59_021D19B0	src/overlay059/ov59_021D0D80.c	called
ov73_021E671C	ov59_021D19C0	src/overlay059/ov59_021D0D80.c	between
ov73_021E6778	ov59_021D19E4	src/overlay059/ov59_021D0D80.c	calls
ov73_021E6890	ov59_021D1A14	src/overlay059/ov59_021D0D80.c	order
ov73_021E68AC	ov59_021D1A44	src/overlay059/ov59_021D0D80.c	order
ov73_021E69D0	ov59_021D1B74	src/overlay059/ov59_021D0D80.c	order
ov73_021E69E8	ov59_021D1B8C	src/overlay059/ov59_021D0D80.c	calls
ov73_021E6A70	ov59_021D1C14	src/overlay059/ov59_021D0D80.c	between
ov73_021E6A90	ov59_021D1C34	src/overlay059/ov59_021D0D80.c	between
ov73_021E6AAC	ov59_021D1C64	src/overlay059/ov59_021D0D80.c	between
ov73_021E6B6C	ov59_021D1D14	src/overlay059/ov59_021D0D80.c	between
ov73_021E6B98	ov59_021D1D40	src/overlay059/ov59_021D0D80.c	calls
ov73_021E6BC8	ov59_021D1D70	src/overlay059/ov59_021D0D80.c	between
ov73_021E6BF8	ov59_021D1DA0	src/overlay059/ov59_021D0D80.c	between
ov73_021E6C20	ov59_021D1DC8	src/overlay059/ov59_021D0D80.c	between
ov73_021E6C50	ov59_021D1E0C	src/overlay059/ov59_021D0D80.c	between
ov73_021E6CC0	ov59_021D1E7C	src/overlay059/ov59_021D0D80.c	between
ov73_021E6CDC	ov59_021D1E98	src/overlay059/ov59_021D0D80.c	between
ov73_021E6CFC	ov59_021D1EB8	src/overlay059/ov59_021D0D80.c	calls
ov73_021E6D38	ov59_021D1EF4	src/overlay059/ov59_021D0D80.c	between
ov73_021E6D54	ov59_021D1F24	src/overlay059/ov59_021D0D80.c	between
ov73_021E6DF8	ov59_021D1FD0	src/overlay059/ov59_021D0D80.c	calls
ov73_021E6E48	ov59_021D2020	src/overlay059/ov59_021D0D80.c	between
ov73_021E6E6C	ov59_021D2044	src/overlay059/ov59_021D0D80.c	calls
ov73_021E6E8C	ov59_021D2064	src/overlay059/ov59_021D0D80.c	between
ov73_021E6ECC	ov59_021D20A4	src/overlay059/ov59_021D0D80.c	calls
ov73_021E6EF8	ov59_021D20D0	src/overlay059/ov59_021D0D80.c	between
ov73_021E6F1C	ov59_021D20F4	src/overlay059/ov59_021D0D80.c	between
ov73_021E6FAC	ov59_021D2154	src/overlay059/ov59_021D0D80.c	calls
ov73_021E6FE8	ov59_021D2190	src/overlay059/ov59_021D0D80.c	calls
ov73_021E705C	ov59_021D2204	src/overlay059/ov59_021D0D80.c	called
ov73_021E7120	ov59_021D22EC	src/overlay059/ov59_021D0D80.c	called
ov73_021E72F4	ov59_021D23B0	src/overlay059/ov59_021D0D80.c	called
ov73_021E7340	ov59_021D23FC	src/overlay059/ov59_021D0D80.c	called
ov73_021E735C	ov59_021D2418	src/overlay059/ov59_021D0D80.c	order
ov73_021E7468	ov59_021D2524	src/overlay059/ov59_021D0D80.c	called
ov73_021E746C	ov59_021D2528	src/overlay059/ov59_021D0D80.c	called
ov73_021E7488	ov59_021D2544	src/overlay059/ov59_021D0D80.c	called
ov73_021E7490	ov59_021D254C	src/overlay059/ov59_021D0D80.c	between
ov73_021E756C	ov59_021D2628	src/overlay059/ov59_021D0D80.c	called
ov73_021E75FC	ov59_021D26B8	src/overlay059/ov59_021D0D80.c	called
ov73_021E761C	ov59_021D26D8	src/overlay059/ov59_021D0D80.c	between
ov73_021E762C	ov59_021D26E8	src/overlay059/ov59_021D0D80.c	between
ov73_021E7740	ov59_021D27FC	src/overlay059/ov59_021D0D80.c	called
ov73_021E77A4	ov59_021D2860	src/overlay059/ov59_021D0D80.c	between
ov73_021E77E8	ov59_021D28A4	src/overlay059/ov59_021D0D80.c	called
ov73_021E7818	ov59_021D28D4	src/overlay059/ov59_021D0D80.c	between
ov73_021E781C	ov59_021D28D8	src/overlay059/ov59_021D0D80.c	called
ov73_021E7870	ov59_021D292C	src/overlay059/ov59_021D0D80.c	calls
ov73_021E795C	ov59_021D2A2C	src/overlay059/ov59_021D2A2C.c	between
ov73_021E7960	ov59_021D2A30	src/overlay059/ov59_021D2A2C.c	between
ov73_021E7964	ov59_021D2A34	src/overlay059/ov59_021D2A2C.c	between
ov73_021E79A8	ov59_021D2A78	src/overlay059/ov59_021D2A2C.c	between
ov73_021E79F4	ov59_021D2AC4	src/overlay059/ov59_021D2A2C.c	between
ov73_021E7A74	ov59_021D2B44	src/overlay059/ov59_021D2B44.c	between
ov73_021E7A7C	ov59_021D2B4C	src/overlay059/ov59_021D2B44.c	between
ov73_021E7A84	ov59_021D2B54	src/overlay059/ov59_021D2B44.c	between
ov73_021E7A8C	ov59_021D2B5C	src/overlay059/ov59_021D2B44.c	between
ov73_021E7AC0	ov59_021D2B90	src/overlay059/ov59_021D2B44.c	between
ov73_021E7B3C	ov59_021D2C28	src/overlay059/ov59_021D2B44.c	between
ov73_021E7B84	ov59_021D2C70	src/overlay059/ov59_021D2B44.c	between
ov73_021E7BC8	ov59_021D2CB4	src/overlay059/ov59_021D2B44.c	between
ov73_021E7C0C	ov59_021D2CF8	src/overlay059/ov59_021D2B44.c	between
ov73_021E7C50	ov59_021D2D3C	src/overlay059/ov59_021D2B44.c	between
ov73_021E7C94	ov59_021D2D80	src/overlay059/ov59_021D2B44.c	between
ov73_021E7CD8	ov59_021D2DC4	src/overlay059/ov59_021D2B44.c	between
ov73_021E7D54	ov59_021D2E40	src/overlay059/ov59_021D2B44.c	calls
ov73_021E7E24	ov59_021D2F60	src/overlay059/ov59_021D2B44.c	called
ov73_021E7E4C	WifiBattleTower_AppInit	src/wifi_battle_tower/application.c	calls
ov73_021E808C	GTSApplication_Exit	src/gts_application/application.c	calls
ov73_021E8168	TrainerCaseApp_InitCharPlttTransferBuffers	src/applications/trainer_case/sprites.c	calls
ov73_021E83D4	ov59_021D2E60	src/overlay059/ov59_021D2B44.c	called
ov73_021E8B64	PCMonPreview_Init	src/applications/pc_boxes/box_app_manager.c	calls
ov73_021E9C04	ov59_021D2F10	src/overlay059/ov59_021D2B44.c	order
ov73_021E9C60	ov59_021D2F38	src/overlay059/ov59_021D2B44.c	order
ov73_021EA0F0	Window_DrawNumber	src/wifi_battle_tower/screen.c	calls
ov73_021EA25C	ov59_021D2F88	src/overlay059/ov59_021D2F88.c	order
ov73_021EA268	ov59_021D2F94	src/overlay059/ov59_021D2F88.c	order
ov73_021EA290	ov59_021D2FBC	src/overlay059/ov59_021D2F88.c	order
ov73_021EA2A8	ov59_021D2FD4	src/overlay059/ov59_021D2F88.c	between
ov73_021EA2B4	ov59_021D2FE0	src/overlay059/ov59_021D2F88.c	order
ov73_021EA2E0	ov59_021D300C	src/overlay059/ov59_021D2F88.c	order
ov73_021EA2FC	ov59_021D3068	src/overlay059/ov59_021D2F88.c	order
ov73_021EA31C	ov59_021D3088	src/overlay059/ov59_021D2F88.c	order
ov73_021EA324	ov59_021D3090	src/overlay059/ov59_021D2F88.c	calls
ov73_021EA348	ov59_021D30B4	src/overlay059/ov59_021D2F88.c	between
ov73_021EA370	ov59_021D30DC	src/overlay059/ov59_021D2F88.c	between
ov73_021EA374	ov59_021D30E0	src/overlay059/ov59_021D2F88.c	between
ov73_021EA3D0	ov59_021D313C	src/overlay059/ov59_021D2F88.c	called
ov74_02228C84	ConvertPlatinumCharcodeToRanger	src/main_menu/ranger_link.c	called
ov74_02228D20	TrainerInfoToRangerStrings	src/main_menu/ranger_link.c	calls
ov74_02228D64	InitAndLoadGraphics	src/main_menu/ranger_link.c	between
ov74_02228E98	LoadBottomScreenBGGraphics	src/main_menu/ranger_link.c	between
ov74_02228F14	ShowDexRequiredAlert	src/main_menu/ranger_link.c	between
ov74_02228F8C	ShowWindowsAndDownloadArrow	src/main_menu/ranger_link.c	between
ov74_02229084	ShowPlayerCommsDetails	src/main_menu/ranger_link.c	calls
ov74_02229200	RangerLink_Init	src/main_menu/ranger_link.c	calls
ov74_02229294	RangerLink_Main	src/main_menu/ranger_link.c	between
ov74_02229450	RangerLink_Exit	src/main_menu/ranger_link.c	calls
ov74_0222947C	CreateManaphyEggMysteryGift	src/main_menu/ranger_link.c	calls
ov74_022295C8	SetTimeout	src/main_menu/ranger_link.c	order
ov74_022295D0	CheckCommunicationInterrupted	src/main_menu/ranger_link.c	order
ov74_0222962C	DoRangerComm	src/main_menu/ranger_link.c	order
ov74_02229B68	FieldCommManager_Init	src/field_comm_manager.c	calls
ov74_02229BC0	ov97_0222D0A4	src/main_menu/ov97_0222D04C.c	called
ov74_02229BD0	ov97_0222D0B4	src/main_menu/ov97_0222D04C.c	order
ov74_02229C0C	ov97_0222D0F0	src/main_menu/ov97_0222D04C.c	calls
ov74_02229C44	ov97_0222D128	src/main_menu/ov97_0222D04C.c	between
ov74_02229C5C	ov97_0222D140	src/main_menu/ov97_0222D04C.c	between
ov74_02229C60	ov97_0222D144	src/main_menu/ov97_0222D04C.c	between
ov74_02229C80	ov97_0222D164	src/main_menu/ov97_0222D04C.c	between
ov74_02229CB4	ov97_0222D198	src/main_menu/ov97_0222D04C.c	between
ov74_02229CB8	ov97_0222D19C	src/main_menu/ov97_0222D04C.c	between
ov74_02229CE0	ov97_0222D1C4	src/main_menu/ov97_0222D04C.c	called
ov74_02229D0C	ov97_0222D1F0	src/main_menu/ov97_0222D04C.c	order
ov74_02229D1C	ov97_0222D200	src/main_menu/ov97_0222D04C.c	called
ov74_02229D50	ov97_0222D234	src/main_menu/ov97_0222D04C.c	called
ov74_02229D6C	ov97_0222D250	src/main_menu/ov97_0222D04C.c	order
ov74_02229DA0	ov97_0222D284	src/main_menu/ov97_0222D04C.c	order
ov74_02229DBC	ov97_0222D2A0	src/main_menu/ov97_0222D04C.c	order
ov74_02229DCC	ov97_0222D2B0	src/main_menu/ov97_0222D04C.c	order
ov74_02229DD4	ov97_0222D2B8	src/main_menu/ov97_0222D04C.c	order
ov74_02229DE0	ov97_0222D2C4	src/main_menu/ov97_0222D04C.c	order
ov74_02229DF8	ov97_0222D2DC	src/main_menu/ov97_0222D04C.c	order
ov74_02229E14	ov97_0222D2F8	src/main_menu/ov97_0222D2F8.c	order
ov74_02229E28	ToggleWaitDial	src/main_menu/mystery_gift_app.c	called
ov74_02229E60	MysteryGiftApp_ToggleWaitDial	src/main_menu/mystery_gift_app.c	order
ov74_02229F04	LoadDownloadArrowSpriteResources	src/main_menu/mystery_gift_app.c	order
ov74_02229F28	SetDownloadArrowAnim	src/main_menu/mystery_gift_app.c	called
ov74_02229F60	EraseStdFrameIfInUse	src/main_menu/mystery_gift_app.c	called
ov74_02229F78	EraseMsgBoxIfInUse	src/main_menu/mystery_gift_app.c	order
ov74_02229F90	SetupFriendOrGBADistribution	src/main_menu/mystery_gift_app.c	order
ov74_02229FF4	SendGiftRequestIfCanReceive	src/main_menu/mystery_gift_app.c	order
ov74_0222A078	GetReceivedWonderCard	src/main_menu/mystery_gift_app.c	calls
ov74_0222A0E4	ShouldPlayAnimation	src/main_menu/mystery_gift_app.c	between
ov74_0222A130	MainCallbackSaveGame	src/main_menu/mystery_gift_app.c	between
ov74_0222A174	SaveReceivedGift	src/main_menu/mystery_gift_app.c	calls
ov74_0222A240	ShowConfirmReceiveGiftMenu	src/main_menu/mystery_gift_app.c	order
ov74_0222A2A4	ReturnToReceptionMethodChoiceAfterRefusingWireless	src/main_menu/mystery_gift_app.c	order
ov74_0222A2E0	AskConfirmWireless_FriendOrGBA	src/main_menu/mystery_gift_app.c	order
ov74_0222A35C	AskConfirmConnectToWFC	src/main_menu/mystery_gift_app.c	order
ov74_0222A3CC	AskConfirmWireless_WirelessDistribution	src/main_menu/mystery_gift_app.c	order
ov74_0222A43C	ShowConfirmReceiveGiftMenu_LocalWireless	src/main_menu/mystery_gift_app.c	order
ov74_0222A494	ReturnToReceptionMethodChoiceAfterRefusingGift	src/main_menu/mystery_gift_app.c	order
ov74_0222A4CC	StartSearchLocalWirelessDistribution	src/main_menu/mystery_gift_app.c	order
ov74_0222A504	CheckPlayerCanReceive_WirelessDistribution	src/main_menu/mystery_gift_app.c	order
ov74_0222A538	DisconnectLocalWireless	src/main_menu/mystery_gift_app.c	order
ov74_0222A560	InitWFCConnection	src/main_menu/mystery_gift_app.c	order
ov74_0222A5AC	ReturnToMysteryGiftMenu	src/main_menu/mystery_gift_app.c	order
ov74_0222A5CC	ShowMysteryGiftReceptionMethodsMenu	src/main_menu/mystery_gift_app.c	order
ov74_0222A688	ExitToWonderCardsApp	src/main_menu/mystery_gift_app.c	order
ov74_0222A6C0	ExitToTitleScreen	src/main_menu/mystery_gift_app.c	order
ov74_0222A6F8	InitBgLayer	src/main_menu/mystery_gift_app.c	order
ov74_0222A744	SetupGraphics	src/applications/pokedex/infomain.c	called
ov74_0222A7A0	LoadBottomScreenBg	src/main_menu/mystery_gift_app.c	order
ov74_0222A81C	LoadBothScreensBg	src/main_menu/mystery_gift_app.c	order
ov74_0222A89C	MakeStateChangeListMenuFromEntryTemplates	src/main_menu/mystery_gift_app.c	calls
ov74_0222A94C	ShowMysteryGiftMenuOptions	src/main_menu/mystery_gift_app.c	called
ov74_0222AA18	ShowMessageBox	src/main_menu/mystery_gift_app.c	called
ov74_0222AAAC	ShowWonderCardTitle	src/main_menu/mystery_gift_app.c	calls
ov74_0222AB0C	ProcessStateTransitionMenuInput	src/main_menu/mystery_gift_app.c	calls
ov74_0222AB70	ShowAppMainMenu	src/main_menu/mystery_gift_app.c	calls
ov74_0222AC1C	SearchForWiFiDistributionEvent	src/main_menu/mystery_gift_app.c	between
ov74_0222ACD8	MysteryGiftApp_ShowWiFiCommError	src/main_menu/mystery_gift_app.c	calls
ov74_0222AD6C	ShowMessageBoxForCanReceiveStatus	src/main_menu/mystery_gift_app.c	order
ov74_0222ADBC	ShowMessageBoxIntoStateTransition	src/main_menu/mystery_gift_app.c	calls
ov74_0222AE3C	FreeMultiplayerCommResources	src/main_menu/mystery_gift_app.c	between
ov74_0222AE6C	MysteryGiftApp_Init	src/main_menu/mystery_gift_app.c	calls
ov74_0222AF28	LoadParticleSpriteResources	src/main_menu/mystery_gift_app.c	between
ov74_0222B0C8	InitParticleSprite	src/main_menu/mystery_gift_app.c	between
ov74_0222B144	SetupTopScreenLargeParticle	src/main_menu/mystery_gift_app.c	between
ov74_0222B19C	SetupBottomScreenLargeParticle	src/main_menu/mystery_gift_app.c	between
ov74_0222B1F4	DeleteTopScreenLargeParticle	src/main_menu/mystery_gift_app.c	between
ov74_0222B20C	DeleteBottomScreenLargeParticle	src/main_menu/mystery_gift_app.c	between
ov74_0222B224	PokemonSummaryScreen_UpdateArrowAndTapAnims	src/applications/pokemon_summary_screen/sprites.c	calls
ov74_0222B288	InitAllTopScreenParticlesSprite	src/main_menu/mystery_gift_app.c	between
ov74_0222B2C4	InitSomeTopScreenParticlesSprite	src/main_menu/mystery_gift_app.c	between
ov74_0222B30C	InitAllBottomScreenParticlesSprite	src/main_menu/mystery_gift_app.c	between
ov74_0222B344	DeleteTopScreenSmallParticles	src/main_menu/mystery_gift_app.c	between
ov74_0222B374	DeleteBottomScreenSmallParticles	src/main_menu/mystery_gift_app.c	between
ov74_0222B3A4	SetupTopScreenParticlesForGather	src/main_menu/mystery_gift_app.c	between
ov74_0222B5F8	SetupTopScreenParticlesForImplosion	src/main_menu/mystery_gift_app.c	between
ov74_0222B760	SetupBottomScreenSmallParticlesForSpiralOut	src/main_menu/mystery_gift_app.c	between
ov74_0222B950	CalcVecTowardsCenter	src/main_menu/mystery_gift_app.c	between
ov74_0222BA48	RunParticleAnimationFrame	src/main_menu/mystery_gift_app.c	between
ov74_0222BED8	SetTopScreenBlendBrightness	src/main_menu/mystery_gift_app.c	between
ov74_0222BEF0	SetBottomScreenBlendBrightness	src/main_menu/mystery_gift_app.c	between
ov74_0222BF08	SetBothScreensBlendBrightness	src/main_menu/mystery_gift_app.c	between
ov74_0222BF18	MakeBlackTransparent	src/main_menu/mystery_gift_app.c	calls
ov74_0222BF2C	FadeBothScreensBlendBrightness	src/main_menu/mystery_gift_app.c	between
ov74_0222BFA0	FadeTopScreenBlendBrightness	src/main_menu/mystery_gift_app.c	between
ov74_0222C014	SetupTopScreenParticlesAnimation	src/main_menu/mystery_gift_app.c	between
ov74_0222C04C	RunMysteryGiftAnimationFrame	src/main_menu/mystery_gift_app.c	between
ov74_0222C2EC	MysteryGiftApp_Main	src/main_menu/mystery_gift_app.c	between
ov74_0222CD7C	MysteryGiftApp_GetApplicationManager	src/main_menu/mystery_gift_app.c	between
ov74_0222CD88	MysteryGiftApp_SetApplicationManager	src/main_menu/mystery_gift_app.c	called
ov74_0222CD94	MysteryGiftApp_Exit	src/main_menu/mystery_gift_app.c	between
ov74_0222CE10	ov97_02230224	src/main_menu/mystery_gift_app.c	called
ov74_0222CE6C	ov97_02230280	src/main_menu/mystery_gift_app.c	between
ov74_0222CEC0	ov97_022302D4	src/main_menu/mystery_gift_app.c	calls
ov74_0222CEE0	UpdateLocalWirelessDistributionState	src/main_menu/mystery_gift_app.c	order
ov74_0222CFFC	LoadWcShareScreenButtonsGraphics	src/main_menu/wonder_cards_app.c	order
ov74_0222D024	ResetAllSprites	src/main_menu/wonder_cards_app.c	order
ov74_0222D098	ShowWcShareButtons	src/main_menu/wonder_cards_app.c	order
ov74_0222D0EC	EraseStandardWindowIfInUse	src/main_menu/wonder_cards_app.c	order
ov74_0222D104	EraseMessageBoxIfInUse	src/main_menu/wonder_cards_app.c	order
ov74_0222D1D4	PrintTextEntryToWindow	src/main_menu/wonder_cards_app.c	calls
ov74_0222D248	LoadWcShareScreenBackground	src/main_menu/wonder_cards_app.c	between
ov74_0222D2D4	AskConfirmShareWc	src/main_menu/wonder_cards_app.c	between
ov74_0222D308	AskConfirmDeleteWc	src/main_menu/wonder_cards_app.c	calls
ov74_0222D358	DeleteWcAndOpenNextWcActionsMenu	src/main_menu/wonder_cards_app.c	calls
ov74_0222D414	ReturnToWcActionsMenu	src/main_menu/wonder_cards_app.c	between
ov74_0222D448	WonderCardsApp_CloseListMenu	src/main_menu/wonder_cards_app.c	called
ov74_0222D490	DoNothing	src/main_menu/wonder_cards_app.c	order
ov74_0222D494	PrintWondercardTitle	src/main_menu/wonder_cards_app.c	order
ov74_0222D55C	SetupDateString	src/main_menu/wonder_cards_app.c	calls
ov74_0222D5C4	PrintWondercardDescription	src/main_menu/wonder_cards_app.c	between
ov74_0222D614	SetupRemainingSharesCount	src/main_menu/wonder_cards_app.c	calls
ov74_0222D690	InitWondercardActionsMenu	src/main_menu/wonder_cards_app.c	between
ov74_0222D774	InitConfirmWondercardDeleteMenu	src/main_menu/wonder_cards_app.c	between
ov74_0222D78C	InitConfirmWondercardShareMenu	src/main_menu/wonder_cards_app.c	between
ov74_0222D7A4	AskConfirmStartWireless	src/main_menu/wonder_cards_app.c	between
ov74_0222D7D0	SetupEntriesCount	src/main_menu/wonder_cards_app.c	between
ov74_0222D7F0	DoScreenTransitionToState	src/main_menu/wonder_cards_app.c	between
ov74_0222D824	ShowWindowsForScreen	src/main_menu/wonder_cards_app.c	called
ov74_0222D9E0	ShowWindowFromTemplateIndex	src/main_menu/wonder_cards_app.c	called
ov74_0222DAF8	GetNextOccupiedWcSlot	src/main_menu/wonder_cards_app.c	called
ov74_0222DB30	LoadTilemapBufferFromNarc	src/main_menu/wonder_cards_app.c	calls
ov74_0222DB70	LoadWondercardGraphics	src/main_menu/wonder_cards_app.c	order
ov74_0222DC60	RemoveDeletedPoffins	src/applications/poffin_case/main.c	order
ov74_0222DCD4	LoadPokemonSpritesForSelectedWc	src/main_menu/wonder_cards_app.c	order
ov74_0222DDFC	WonderCardsApp_Init	src/main_menu/wonder_cards_app.c	calls
ov74_0222DE68	StartDMAForFlipAnim	src/main_menu/wonder_cards_app.c	between
ov74_0222DE8C	StartFlipAnim	src/main_menu/wonder_cards_app.c	between
ov74_0222DEF0	CancelFlipAnim	src/main_menu/wonder_cards_app.c	calls
ov74_0222DF2C	RunFlipAnimFrame	src/main_menu/wonder_cards_app.c	between
ov74_0222E03C	WonderCardsAppCallbackSaveGame	src/main_menu/wonder_cards_app.c	between
ov74_0222E060	UpdateShareCount	src/main_menu/wonder_cards_app.c	between
ov74_0222E0D4	HandleWCShareScreenInput	src/main_menu/wonder_cards_app.c	between
ov74_0222E1F4	WonderCardsApp_Main	src/main_menu/wonder_cards_app.c	calls
ov74_0222E7EC	PrepareSelectedWCForSharing	src/main_menu/wonder_cards_app.c	calls
ov74_0222E85C	PopEarliestReturnNetId	src/main_menu/wonder_cards_app.c	between
ov74_0222E898	CountConnectedPlayers	src/main_menu/wonder_cards_app.c	between
ov74_0222E8B4	UpdateConnectedPlayers	src/main_menu/wonder_cards_app.c	calls
ov74_0222EA88	UpdateConnectedPlayersCount	src/main_menu/wonder_cards_app.c	calls
ov74_0222EB28	StopWirelessCommunication	src/main_menu/wonder_cards_app.c	between
ov74_0222EB44	WonderCardsApp_Exit	src/main_menu/wonder_cards_app.c	between
ov74_0222EC08	WonderCardsApp_ShowWondercard	src/main_menu/wonder_cards_app.c	calls
ov74_0222ECEC	sub_0209B110	src/unk_0209ACF4.c	calls
ov74_0222FCA4	ov97_02232054	src/main_menu/ov97_02232054.c	called
ov74_0222FCC4	ov97_02232074	src/main_menu/ov97_02232054.c	between
ov74_0222FD98	ov97_02232148	src/main_menu/ov97_02232054.c	between
ov74_0222FE4C	ov97_02232200	src/main_menu/ov97_02232200.c	between
ov74_0222FE5C	ov97_02232210	src/main_menu/ov97_02232200.c	between
ov74_0222FE68	ov97_0223221C	src/main_menu/ov97_02232200.c	between
ov74_0222FE78	ov97_0223222C	src/main_menu/ov97_02232200.c	between
ov74_0222FEA0	ov97_02232254	src/main_menu/ov97_02232200.c	between
ov74_0222FEC8	ov97_0223227C	src/main_menu/ov97_02232200.c	between
ov74_0222FF28	ov97_022322DC	src/main_menu/ov97_02232200.c	between
ov74_0222FF68	ov97_0223231C	src/main_menu/ov97_02232200.c	calls
ov74_0222FF80	ov97_02232334	src/main_menu/ov97_02232200.c	calls
ov74_0222FFAC	ov97_02232360	src/main_menu/ov97_02232200.c	calls
ov74_0222FFFC	ov97_022323B0	src/main_menu/ov97_02232200.c	between
ov74_02230018	ov97_022323CC	src/main_menu/ov97_02232200.c	between
ov74_02230030	ov97_022323E4	src/main_menu/ov97_02232200.c	between
ov74_02230070	ov97_02232424	src/main_menu/ov97_02232200.c	between
ov74_022300A8	ov97_0223245C	src/main_menu/ov97_02232200.c	between
ov74_02230110	ov97_022324C4	src/main_menu/ov97_02232200.c	between
ov74_02230138	ov97_022324EC	src/main_menu/ov97_02232200.c	between
ov74_0223026C	ov97_02232620	src/main_menu/ov97_02232200.c	between
ov74_0223030C	ov97_022326C0	src/main_menu/ov97_02232200.c	between
ov74_02230320	ov97_022326D4	src/main_menu/ov97_02232200.c	between
ov74_02230404	ov97_022327B8	src/main_menu/ov97_02232200.c	between
ov74_02230478	ov97_0223282C	src/main_menu/ov97_02232200.c	between
ov74_02230520	ov97_022328D4	src/main_menu/ov97_02232200.c	between
ov74_02230590	ov97_02232944	src/main_menu/ov97_02232200.c	between
ov74_022305E4	ov97_02232998	src/main_menu/ov97_02232200.c	between
ov74_02230674	ov97_02232A28	src/main_menu/ov97_02232200.c	between
ov74_022306C8	ov97_02232A7C	src/main_menu/ov97_02232200.c	between
ov74_02230714	ov97_02232AC8	src/main_menu/ov97_02232200.c	between
ov74_0223078C	ov97_02232B40	src/main_menu/ov97_02232200.c	between
ov74_02230818	ov97_02232BCC	src/main_menu/ov97_02232200.c	between
ov74_022308E0	ov97_02232C94	src/main_menu/ov97_02232200.c	between
ov74_02230964	ov97_02232D18	src/main_menu/ov97_02232200.c	between
ov74_02230988	ov97_02232D3C	src/main_menu/ov97_02232200.c	between
ov74_022309AC	ov97_02232D60	src/main_menu/ov97_02232200.c	between
ov74_022309F0	ov97_02232DA4	src/main_menu/ov97_02232200.c	between
ov74_02230A14	ov97_02232DC8	src/main_menu/ov97_02232DC8.c	between
ov74_02230A34	ov97_02232DE8	src/main_menu/ov97_02232DC8.c	between
ov74_02230A4C	ov97_02232E00	src/main_menu/ov97_02232DC8.c	calls
ov74_02230A74	ov97_02232E28	src/main_menu/ov97_02232DC8.c	between
ov74_02230A7C	ov97_02232E30	src/main_menu/ov97_02232DC8.c	between
ov74_02230A84	ov97_02232E38	src/main_menu/ov97_02232DC8.c	between
ov74_02230BB4	ov97_02232F68	src/main_menu/ov97_02232DC8.c	between
ov74_02230C10	ov97_02232FC4	src/main_menu/ov97_02232DC8.c	between
ov74_02230CCC	ov97_02233080	src/main_menu/ov97_02232DC8.c	between
ov74_02230CEC	ov97_022330A0	src/main_menu/ov97_02232DC8.c	between
ov74_02230D18	ov97_022330CC	src/main_menu/ov97_02232DC8.c	between
ov74_02230D28	ov97_022330DC	src/main_menu/ov97_02232DC8.c	between
ov74_02230D6C	ov97_02233120	src/main_menu/ov97_02232DC8.c	between
ov74_02230D80	ov97_02233134	src/main_menu/ov97_02232DC8.c	between
ov74_02230DB8	ov97_0223316C	src/main_menu/ov97_02232DC8.c	between
ov74_02230DF4	ov97_022331A8	src/main_menu/ov97_02232DC8.c	between
ov74_02230E44	ov97_022331F8	src/main_menu/ov97_02232DC8.c	between
ov74_02230E7C	ov97_02233230	src/main_menu/ov97_02232DC8.c	between
ov74_02230E94	ov97_02233248	src/main_menu/ov97_02232DC8.c	between
ov74_02230EB4	ov97_02233268	src/main_menu/ov97_02232DC8.c	between
ov74_02230EE8	ov97_0223329C	src/main_menu/ov97_02232DC8.c	between
ov74_02230F14	ov97_022332C8	src/main_menu/ov97_02232DC8.c	between
ov74_02230F40	ov97_022332F4	src/main_menu/ov97_02232DC8.c	between
ov74_02230F6C	ov97_02233320	src/main_menu/ov97_02232DC8.c	between
ov74_02230F98	ov97_0223334C	src/main_menu/ov97_02232DC8.c	between
ov74_02230FD4	ov97_02233388	src/main_menu/ov97_02232DC8.c	between
ov74_02231008	ov97_022333BC	src/main_menu/ov97_02232DC8.c	between
ov74_02231048	ov97_022333FC	src/main_menu/ov97_02232DC8.c	between
ov74_02231054	ov97_02233408	src/main_menu/ov97_02233408.c	called
ov74_0223105C	ov97_02233410	src/main_menu/ov97_02233408.c	called
ov74_02231064	ov97_02233418	src/main_menu/ov97_02233408.c	called
ov74_02231070	ov97_02233424	src/main_menu/ov97_02233408.c	called
ov74_0223107C	ov97_02233430	src/main_menu/ov97_02233408.c	called
ov74_02231088	ov97_0223343C	src/main_menu/ov97_02233408.c	called
ov74_02231094	ov97_02233448	src/main_menu/ov97_02233408.c	called
ov74_022310A0	ov97_02233454	src/main_menu/ov97_02233408.c	called
ov74_022310AC	ov97_02233460	src/main_menu/ov97_02233408.c	between
ov74_022310B8	ov97_0223346C	src/main_menu/ov97_02233408.c	between
ov74_022310C4	ov97_02233478	src/main_menu/ov97_02233408.c	called
ov74_022310D0	ov97_02233484	src/main_menu/ov97_02233408.c	between
ov74_022310DC	ov97_02233490	src/main_menu/ov97_02233408.c	between
ov74_022310E8	ov97_0223349C	src/main_menu/ov97_02233408.c	between
ov74_022310F4	ov97_022334A8	src/main_menu/ov97_02233408.c	between
ov74_02231100	ov97_022334B4	src/main_menu/ov97_02233408.c	called
ov74_0223110C	ov97_022334C0	src/main_menu/ov97_02233408.c	called
ov74_02231118	ov97_022334CC	src/main_menu/ov97_02233408.c	called
ov74_02231124	ov97_022334D8	src/main_menu/ov97_02233408.c	called
ov74_02231130	ov97_022334E4	src/main_menu/ov97_02233408.c	called
ov74_0223113C	ov97_022334F0	src/main_menu/ov97_02233408.c	called
ov74_02231148	ov97_022334FC	src/main_menu/ov97_02233408.c	between
ov74_02231154	ov97_02233508	src/main_menu/ov97_02233408.c	called
ov74_0223115C	ov97_02233510	src/main_menu/ov97_02233408.c	called
ov74_02231164	ov97_02233518	src/main_menu/ov97_02233408.c	called
ov74_02231184	ov97_02233538	src/main_menu/ov97_02233408.c	called
ov74_02231194	ov97_02233548	src/main_menu/ov97_02233408.c	called
ov74_022311A0	ov97_02233554	src/main_menu/ov97_02233408.c	called
ov74_022311AC	ov97_02233560	src/main_menu/ov97_02233408.c	called
ov74_022311BC	ov97_02233570	src/main_menu/ov97_02233408.c	called
ov74_022311CC	ov97_02233580	src/main_menu/ov97_02233408.c	called
ov74_022311D8	ov97_0223358C	src/main_menu/ov97_02233408.c	called
ov74_022311DC	ov97_02233590	src/main_menu/ov97_02233408.c	called
ov74_022311E8	ov97_0223359C	src/main_menu/ov97_02233408.c	between
ov74_022311F4	ov97_022335A8	src/main_menu/ov97_02233408.c	called
ov74_02231214	ov97_022335C8	src/main_menu/ov97_02233408.c	called
ov74_02231238	ov97_022335EC	src/main_menu/ov97_02233408.c	between
ov74_02231260	ov97_02233614	src/main_menu/ov97_02233408.c	called
ov74_02231264	ov97_02233618	src/main_menu/ov97_02233408.c	between
ov74_0223127C	ov97_02233630	src/main_menu/ov97_02233408.c	between
ov74_022312C0	ov97_02233674	src/main_menu/ov97_02233408.c	called
ov74_022313F0	ov97_022337A4	src/main_menu/ov97_02233408.c	called
ov74_02231424	ov97_022337D8	src/main_menu/ov97_02233408.c	called
ov74_02231448	ov97_022337FC	src/main_menu/ov97_022337FC.c	called
ov74_0223144C	ov97_02233800	src/main_menu/ov97_022337FC.c	called
ov74_02231450	ov97_02233804	src/main_menu/ov97_022337FC.c	called
ov74_02231454	ov97_02233808	src/main_menu/ov97_022337FC.c	between
ov74_02231458	ov97_0223380C	src/main_menu/ov97_022337FC.c	between
ov74_0223145C	ov97_02233810	src/main_menu/ov97_022337FC.c	called
ov74_02231460	ov97_02233814	src/main_menu/ov97_02233814.c	called
ov74_022314A0	ov97_02233854	src/main_menu/ov97_02233814.c	called
ov74_022314BC	ov97_02233870	src/main_menu/ov97_02233814.c	calls
ov74_022314DC	ov97_02233890	src/main_menu/ov97_02233814.c	calls
ov74_02231508	ov97_022338BC	src/main_menu/ov97_02233814.c	calls
ov74_02231544	ov97_022338F8	src/main_menu/ov97_02233814.c	calls
ov74_02231560	ov97_02233914	src/main_menu/ov97_02233814.c	called
ov74_02231584	ov97_02233938	src/main_menu/ov97_02233814.c	calls
ov74_0223161C	ov97_022339D0	src/main_menu/ov97_02233814.c	calls
ov74_02231638	ov97_022339EC	src/main_menu/ov97_02233814.c	called
ov74_02231670	ov97_02233A24	src/main_menu/ov97_02233814.c	called
ov74_022316E8	ov97_02233A9C	src/main_menu/ov97_02233814.c	calls
ov74_02231704	ov97_02233AB8	src/main_menu/ov97_02233814.c	calls
ov74_02231724	ov97_02233AD8	src/main_menu/ov97_02233814.c	calls
ov74_02231744	ov97_02233AF8	src/main_menu/ov97_02233814.c	calls
ov74_02231764	IsGBASpeciesInvalid	src/main_menu/gba_migrator.c	between
ov74_02231790	ov97_02233B44	src/main_menu/gba_migrator.c	called
ov74_022317D8	ov97_02233B8C	src/main_menu/gba_migrator.c	calls
ov74_02231930	ov97_02233CE4	src/main_menu/gba_migrator.c	calls
ov74_0223195C	CopySelectedMonToPalParkTransfer	src/main_menu/gba_migrator.c	calls
ov74_022319F8	ov97_02233DAC	src/main_menu/gba_migrator.c	called
ov74_02231A1C	ov97_02233DD0	src/main_menu/gba_migrator.c	calls
ov74_02231BC0	ov97_02233F74	src/main_menu/gba_migrator.c	called
ov74_02231BF0	ov97_02233FA4	src/main_menu/gba_migrator.c	calls
ov74_02231CFC	ov97_022340B0	src/main_menu/gba_migrator.c	calls
ov74_02231D48	ov97_022340FC	src/main_menu/gba_migrator.c	between
ov74_02231D70	GetGBABoxMonSpeciesInBox	src/main_menu/gba_migrator.c	between
ov74_02231D94	IsGBABoxMonEggInBox	src/main_menu/gba_migrator.c	between
ov74_02231DB8	GetGBABoxMonPersonalityInBox	src/main_menu/gba_migrator.c	between
ov74_02231DDC	ov97_02234190	src/main_menu/gba_migrator.c	between
ov74_02231E00	ov97_022341B4	src/main_menu/gba_migrator.c	calls
ov74_02231E54	GetSpeciesGBAForm	src/main_menu/gba_migrator.c	called
ov74_02231EC4	ov97_02234278	src/main_menu/gba_migrator.c	order
ov74_02231F30	ov97_022342E4	src/main_menu/gba_migrator.c	order
ov74_02231FF4	ov97_022343A8	src/main_menu/gba_migrator.c	called
ov74_02232154	InitBoxPokemonSprites	src/main_menu/gba_migrator.c	called
ov74_02232284	ov97_02234638	src/main_menu/gba_migrator.c	between
ov74_022322D8	ov97_0223468C	src/main_menu/gba_migrator.c	called
ov74_02232398	BoxMonGBAIsEgg	src/main_menu/gba_migrator.c	called
ov74_022323D0	BoxMonGBAHasHM	src/main_menu/gba_migrator.c	called
ov74_02232424	BoxMonGBAHasInvalidItem	src/main_menu/gba_migrator.c	called
ov74_02232474	IsBoxMonGBAInvalidSpecies	src/main_menu/gba_migrator.c	called
ov74_022324A0	GBAMigrator_TrySelectGBABoxMon	src/main_menu/gba_migrator.c	calls
ov74_0223262C	ov97_022349E0	src/main_menu/gba_migrator.c	between
ov74_02232678	ov97_02234A2C	src/main_menu/gba_migrator.c	between
ov74_02232700	ov97_02234AB4	src/main_menu/gba_migrator.c	between
ov74_02232758	PrintGBABoxMonInfo	src/main_menu/gba_migrator.c	calls
ov74_02232910	ov97_02234CC4	src/main_menu/gba_migrator.c	called
ov74_02232940	ov97_02234CF4	src/main_menu/gba_migrator.c	called
ov74_02232974	ov97_02234D28	src/main_menu/gba_migrator.c	between
ov74_02232A48	ov97_02234DFC	src/main_menu/gba_migrator.c	calls
ov74_02232AC8	ov97_02234E7C	src/main_menu/gba_migrator.c	called
ov74_02232B18	ov97_02234ECC	src/main_menu/gba_migrator.c	called
ov74_02232BD4	ov97_02234F88	src/main_menu/gba_migrator.c	calls
ov74_02232DA4	ov97_02235158	src/main_menu/gba_migrator.c	called
ov74_02232DC4	ResetChosenPokemonData	src/main_menu/gba_migrator.c	calls
ov74_02232E3C	ov97_022351F0	src/main_menu/gba_migrator.c	calls
ov74_02232F5C	ov97_02235310	src/main_menu/gba_migrator.c	called
ov74_02232F9C	ov97_02235344	src/main_menu/gba_migrator.c	calls
ov74_02233024	ov97_022353CC	src/main_menu/gba_migrator.c	between
ov74_02233060	GetCanMigrateStatus	src/main_menu/gba_migrator.c	called
ov74_022330D0	ov97_022354C4	src/main_menu/gba_migrator.c	called
ov74_02233134	ov97_02235528	src/main_menu/gba_migrator.c	calls
ov74_0223319C	ov97_02235590	src/main_menu/gba_migrator.c	calls
ov74_02233230	GBAMigrator_Init	src/main_menu/gba_migrator.c	calls
ov74_022332F4	GBAMigrator_Main	src/main_menu/gba_migrator.c	calls
ov74_022338D4	GBAMigrator_Exit	src/main_menu/gba_migrator.c	calls
ov74_02233A88	ov97_02235E7C	src/main_menu/ov97_02235D18.c	between
ov74_02233AB8	ov97_02235EAC	src/main_menu/ov97_02235D18.c	between
ov74_02233ACC	GetGBASectorSize	src/main_menu/ov97_02235D18.c	between
ov74_02233B04	GetGBASaveSectorById	src/main_menu/ov97_02235D18.c	between
ov74_02233B58	ov97_02235F4C	src/main_menu/ov97_02235D18.c	between
ov74_02233C08	ov97_02235FFC	src/main_menu/ov97_02235D18.c	between
ov74_02233CE4	ov97_022360D8	src/main_menu/ov97_02235D18.c	called
ov74_02233DBC	ov97_022361B0	src/main_menu/ov97_02235D18.c	between
ov74_02233E50	ov97_02236244	src/main_menu/ov97_02235D18.c	between
ov74_02233E8C	ov97_02236280	src/main_menu/ov97_02235D18.c	between
ov74_02233ED4	ov97_022362C8	src/main_menu/ov97_02235D18.c	between
ov74_02233F14	ov97_02236308	src/main_menu/ov97_02235D18.c	between
ov74_02233F4C	GetGBAPokemonStorage	src/main_menu/ov97_02235D18.c	called
ov74_02233F5C	GetGBASaveBlock2	src/main_menu/ov97_02235D18.c	between
ov74_02233F68	GetGBAPlayerTrainerId	src/main_menu/gba_player.c	between
ov74_02233F84	GBA_ConvertStringToDS	src/main_menu/gba_convert_string.c	called
ov74_02233F8C	GetGBASubstruct	src/main_menu/gba_pokemon.c	between
ov74_02234468	GBADecryptBoxMon	src/main_menu/gba_pokemon.c	between
ov74_02234488	GBAEncryptBoxMon	src/main_menu/gba_pokemon.c	between
ov74_022344A8	CalculateGBABoxMonChecksum	src/main_menu/gba_pokemon.c	between
ov74_022348B0	GBABoxPokemon_SetData	src/main_menu/gba_pokemon.c	called
ov74_02234A0C	GBABoxPokemon_GetLevel	src/main_menu/gba_pokemon.c	between
ov74_0223512C	DistributionCartridge_UseHeap	src/main_menu/distribution_cartridge.c	called
ov74_02235138	DistributionCartridge_Alloc	src/main_menu/distribution_cartridge.c	order
ov74_0223514C	VerifyCartridgeAuthenticity	src/main_menu/distribution_cartridge.c	calls
ov74_022351FC	CheckGBASlotHasDistributionCartridge	src/main_menu/distribution_cartridge.c	calls
ov74_02235230	DistributionCartridge_ReadLength	src/main_menu/distribution_cartridge.c	called
ov74_02235258	DistributionCartridge_ReadData	src/main_menu/distribution_cartridge.c	calls
ov74_022352A0	MainMenuUtil_Init	src/main_menu/main_menu_util.c	called
ov74_022352D0	MainMenuUtil_InitAppAndFadeToBlack	src/main_menu/main_menu_util.c	called
ov74_02235308	MainMenuUtil_InitBGLayer	src/main_menu/main_menu_util.c	between
ov74_02235390	MainMenuUtil_SetFadeToWhite	src/main_menu/main_menu_util.c	called
ov74_0223539C	MainMenuUtil_StartScreenFadeToState	src/main_menu/main_menu_util.c	called
ov74_022353FC	MainMenuUtil_CheckScreenFadeDone	src/main_menu/main_menu_util.c	between
ov74_02235414	MainMenuUtil_InitWindow	src/main_menu/main_menu_util.c	between
ov74_02235464	MainMenuWindow_SetDimensionsAndBasetile	src/main_menu/main_menu_util.c	between
ov74_0223546C	MainMenuWindow_SetScrollableAndFont	src/main_menu/main_menu_util.c	between
ov74_02235474	MainMenuWindow_SetTextOffsets	src/main_menu/main_menu_util.c	between
ov74_0223547C	MainMenuWindow_PrintText	src/main_menu/main_menu_util.c	calls
ov74_02235568	MainMenuUtil_ShowWindowAtPos	src/main_menu/main_menu_util.c	calls
ov74_02235634	MainMenuWindow_GetSize	src/main_menu/main_menu_util.c	between
ov74_0223563C	MainMenuUtil_InitCharPlttTransferBuffers	src/main_menu/main_menu_util.c	called
ov74_0223567C	MainMenuUtil_CheckSpriteLoaderInit	src/main_menu/main_menu_util.c	between
ov74_02235690	MainMenuUtil_InitSpriteLoader	src/main_menu/main_menu_util.c	called
ov74_02235708	MainMenuUtil_GetSpriteManager	src/main_menu/main_menu_util.c	between
ov74_02235728	MainMenuUtil_LoadSprite	src/main_menu/main_menu_util.c	calls
ov74_0223589C	MainMenuUtil_SetSubScreenViewRect	src/main_menu/main_menu_util.c	called
ov74_022358BC	MainMenuUtil_UpdateSprites	src/main_menu/main_menu_util.c	between
ov74_022358C8	MainMenuUtil_UpdateSpritesForAnimStatus	src/main_menu/main_menu_util.c	calls
ov74_02235930	MainMenuUtil_InitSprite	src/main_menu/main_menu_util.c	called
ov74_022359BC	MainMenuUtil_FreeSprites	src/main_menu/main_menu_util.c	calls
ov74_02235A68	MainMenuUtil_CalcMysteryGiftVersionBit	src/main_menu/main_menu_util.c	between
ov74_02235A74	TransferGraphicsOnVBlank	src/main_menu/main_menu_util.c	between
ov74_02235AC4	CalcPlttOffsetForGiftType	src/main_menu/main_menu_util.c	called
ov74_02235B14	LoadPokemonSprite	src/main_menu/main_menu_util.c	calls
ov74_02235BD0	LoadGiftBoxSprite	src/main_menu/main_menu_util.c	called
ov74_02235C10	LoadSpriteForMonGift	src/main_menu/main_menu_util.c	calls
ov74_02235CE4	LoadItemSprite	src/main_menu/main_menu_util.c	calls
ov74_02235DA4	LoadMysteryGiftPalettes	src/main_menu/main_menu_util.c	between
ov74_02235DC4	MainMenuUtil_LoadGiftSprite	src/main_menu/main_menu_util.c	calls
ov74_02235ED0	MainMenuUtil_EncryptWonderCard	src/main_menu/main_menu_util.c	calls
ov74_02235F58	MainMenuUtil_DecryptReceivedWonderCard	src/main_menu/main_menu_util.c	called
ov74_02235FF8	MainMenuUtil_ListMenuCursorCB	src/main_menu/main_menu_util.c	between
ov74_02236010	TerminateOnGBACartRemoved	src/main_menu/main_menu_util.c	calls
ov74_02236034	MainMenuUtil_ToggleTerminateOnGBACartRemoved	src/main_menu/main_menu_util.c	called
ov74_02236070	GBACartRemovedIrqStub	src/main_menu/main_menu_util.c	between
ov74_02236074	MainMenuUtil_UnsetGBACartIRQFunc	src/main_menu/main_menu_util.c	called
ov74_022360A0	MainMenuUtil_InitSaving	src/main_menu/main_menu_util.c	between
ov74_022360B0	MainMenuUtil_SaveState	src/main_menu/main_menu_util.c	calls
ov74_02236128	MainMenuUtil_ContinueSaving	src/main_menu/main_menu_util.c	between
ov74_02236140	MainMenuUtil_CancelSave	src/main_menu/main_menu_util.c	calls
ov74_0223615C	MainMenuUtil_GetSavingStatus	src/main_menu/main_menu_util.c	between
ov74_02236168	ov97_02238534	src/main_menu/ov97_02238534.c	called
ov74_022361B8	ov97_02238584	src/main_menu/ov97_02238534.c	called
ov74_022361D4	ov97_022385A0	src/main_menu/ov97_02238534.c	between
ov74_02236258	ov97_02238624	src/main_menu/ov97_02238534.c	calls
ov74_02236354	ov97_02238720	src/main_menu/ov97_02238534.c	between
ov74_0223648C	ov97_02238858	src/main_menu/ov97_02238534.c	called
ov74_022364A8	ov97_02238874	src/main_menu/ov97_02238534.c	between
ov74_022364C0	ov97_0223888C	src/main_menu/ov97_02238534.c	between
ov74_022364F0	ov97_022388BC	src/main_menu/ov97_02238534.c	between
ov74_02236514	ov97_022388E0	src/main_menu/ov97_02238534.c	between
ov74_0223653C	ov97_02238908	src/main_menu/ov97_02238534.c	called
ov74_02236570	ov97_0223893C	src/main_menu/ov97_02238534.c	between
ov74_022365AC	ov97_02238978	src/main_menu/ov97_02238534.c	calls
ov74_022365FC	ov97_022389C8	src/main_menu/ov97_02238534.c	called
ov74_02236620	ov97_022389EC	src/main_menu/ov97_02238534.c	calls
ov74_02236644	ov97_02238A10	src/main_menu/ov97_02238534.c	calls
ov74_02236680	ov97_02238A4C	src/main_menu/ov97_02238534.c	between
ov74_022366E8	ov97_02238AB4	src/main_menu/ov97_02238534.c	called
ov74_02236768	ov97_02238B34	src/main_menu/ov97_02238534.c	called
ov74_022368A4	ov97_02238C70	src/main_menu/ov97_02238534.c	between
ov74_022368D4	ov97_02238CA0	src/main_menu/ov97_02238534.c	between
ov74_02236980	ov97_02238D4C	src/main_menu/ov97_02238534.c	between
ov74_02236988	ov97_02238D54	src/main_menu/ov97_02238534.c	between
ov74_022369A8	ov97_02238D74	src/main_menu/ov97_02238D74.c	between
ov74_022369C8	ov97_02238D94	src/main_menu/ov97_02238D74.c	between
ov74_022369D8	ov97_02238DA4	src/main_menu/ov97_02238D74.c	between
ov74_02236A2C	ov97_02238DF8	src/main_menu/ov97_02238D74.c	between
ov74_02236A54	ov97_02238E20	src/main_menu/ov97_02238D74.c	between
ov74_02236A78	ov97_02238E44	src/main_menu/ov97_02238D74.c	between
ov74_02236AAC	ov97_02238E78	src/main_menu/ov97_02238D74.c	between
ov74_02236ABC	ov97_02238E88	src/main_menu/ov97_02238D74.c	between
ov74_02236AC8	ov97_02238E94	src/main_menu/ov97_02238D74.c	calls
ov74_02236AE0	ov97_02238EAC	src/main_menu/ov97_02238D74.c	called
ov74_IntToWstring5	TrainerIDToRangerString	src/main_menu/ranger_link.c	called
ov75_02246960	ov98_02246C20	src/overlay098/ov98_02246C20.c	calls
ov75_022469D8	ov98_02246C98	src/overlay098/ov98_02246C20.c	between
ov75_02246B00	ov98_02246DC0	src/overlay098/ov98_02246C20.c	calls
ov75_02246B48	ov98_02246E08	src/overlay098/ov98_02246C20.c	called
ov75_02246B98	ov98_02246E54	src/overlay098/ov98_02246C20.c	calls
ov75_02246BCC	ov98_02246E88	src/overlay098/ov98_02246C20.c	between
ov75_02246BD8	ov98_02246E94	src/overlay098/ov98_02246C20.c	between
ov75_02246BE0	ov98_02246E9C	src/overlay098/ov98_02246C20.c	between
ov75_02246BE8	ov98_02246EA4	src/overlay098/ov98_02246C20.c	between
ov75_02246BF0	ov98_02246EAC	src/overlay098/ov98_02246C20.c	between
ov75_02246C18	ov98_02246ED4	src/overlay098/ov98_02246C20.c	between
ov75_02246C3C	ov98_02246EF8	src/overlay098/ov98_02246C20.c	calls
ov75_02246C68	ov98_02246F24	src/overlay098/ov98_02246C20.c	between
ov75_02246C8C	ov98_02246F48	src/overlay098/ov98_02246C20.c	between
ov75_02246CA0	ov98_02246F5C	src/overlay098/ov98_02246C20.c	between
ov75_02246CB8	ov98_02246F74	src/overlay098/ov98_02246C20.c	between
ov75_02246CCC	ov98_02246F88	src/overlay098/ov98_02246C20.c	between
ov75_02246CD8	ov98_02246F94	src/overlay098/ov98_02246C20.c	called
ov75_02246CE0	ov98_02246F9C	src/overlay098/ov98_02246C20.c	between
ov75_02246CE8	ov98_02246FA4	src/overlay098/ov98_02246C20.c	between
ov75_02246CF0	ov98_02246FAC	src/overlay098/ov98_02246C20.c	between
ov75_02246CF8	ov98_02246FB4	src/overlay098/ov98_02246C20.c	between
ov75_02246D00	ov98_02246FBC	src/overlay098/ov98_02246C20.c	between
ov75_02246D04	ov98_02246FC0	src/overlay098/ov98_02246C20.c	between
ov75_02246D08	ov98_02246FC4	src/overlay098/ov98_02246C20.c	between
ov75_02246D40	ov98_02246FFC	src/overlay098/ov98_02246C20.c	between
ov75_02246DB4	ov98_02247070	src/overlay098/ov98_02246C20.c	between
ov75_02246DFC	ov98_022470B8	src/overlay098/ov98_02246C20.c	between
ov75_02246E3C	ov98_022470F8	src/overlay098/ov98_02246C20.c	between
ov75_02246E78	ov98_02247134	src/overlay098/ov98_02246C20.c	between
ov75_02246EAC	ov98_02247168	src/overlay098/ov98_02246C20.c	between
ov75_02246EDC	ov98_02247198	src/overlay098/ov98_02246C20.c	between
ov75_02246F0C	ov98_022471C8	src/overlay098/ov98_022471C8.c	calls
ov75_02247118	ov98_022473D8	src/overlay098/ov98_022471C8.c	order
ov75_02247180	ov98_02247440	src/overlay098/ov98_022471C8.c	order
ov75_02247234	ov98_022474E8	src/overlay098/ov98_022471C8.c	order
ov75_0224725C	ov98_02247510	src/overlay098/ov98_022471C8.c	order
ov75_0224741C	ov98_022476D0	src/overlay098/ov98_022471C8.c	order
ov75_02247450	ov98_02247704	src/overlay098/ov98_022471C8.c	order
ov75_02247790	ov98_02247A24	src/overlay098/ov98_022471C8.c	order
ov75_02247838	ov98_02247ACC	src/overlay098/ov98_022471C8.c	between
ov75_02247854	ov98_02247AE8	src/overlay098/ov98_022471C8.c	order
ov75_0224785C	ov98_02247AF0	src/overlay098/ov98_022471C8.c	order
ov75_02247878	ov98_02247B0C	src/overlay098/ov98_022471C8.c	called
ov75_02247890	ov98_02247B24	src/overlay098/ov98_022471C8.c	called
ov75_022478E0	ov98_02247B98	src/overlay098/ov98_022471C8.c	order
ov75_02247A78	ov98_02247D30	src/overlay098/ov98_022471C8.c	order
ov75_02247A98	ov98_02247D50	src/overlay098/ov98_022471C8.c	order
ov75_02247B98	ov98_02247E38	src/overlay098/ov98_022471C8.c	order
ov75_02247C70	ov98_02247F08	src/overlay098/ov98_022471C8.c	order
ov75_02247D0C	ov98_02247FA4	src/overlay098/ov98_022471C8.c	calls
ov75_02247D24	ov98_02247FBC	src/overlay098/ov98_022471C8.c	between
ov75_02248034	ov98_022482CC	src/overlay098/ov98_022471C8.c	between
ov75_022480B8	ov98_02248350	src/overlay098/ov98_022471C8.c	calls
ov75_022483EC	ov98_02248684	src/overlay098/ov98_022471C8.c	between
ov75_0224852C	ov98_022487AC	src/overlay098/ov98_022471C8.c	between
ov75_0224854C	ov98_022487CC	src/overlay098/ov98_022471C8.c	between
ov75_02248584	ov98_02248804	src/overlay098/ov98_022471C8.c	between
ov75_02248684	ov98_022488F8	src/overlay098/ov98_022471C8.c	between
ov75_022486EC	ov98_02248954	src/overlay098/ov98_022471C8.c	between
ov75_02248714	ov98_0224897C	src/overlay098/ov98_022471C8.c	calls
ov75_0224874C	ov98_022489B4	src/overlay098/ov98_022471C8.c	between
ov75_02248774	ov98_022489DC	src/overlay098/ov98_022471C8.c	between
ov75_02248800	ov98_02248A68	src/overlay098/ov98_022471C8.c	between
ov75_022488AC	ov98_02248B14	src/overlay098/ov98_022471C8.c	between
ov75_022488BC	ov98_02248B24	src/overlay098/ov98_022471C8.c	between
ov75_02248994	ov98_02248BFC	src/overlay098/ov98_022471C8.c	calls
ov75_022489F8	ov98_02248C60	src/overlay098/ov98_022471C8.c	between
ov75_02248A20	ov98_02248C88	src/overlay098/ov98_022471C8.c	between
ov75_02248B8C	ov98_02248DF4	src/overlay098/ov98_022471C8.c	between
ov75_02248C64	ov98_02248EC0	src/overlay098/ov98_022471C8.c	between
ov75_02248C84	ov98_02248EE0	src/overlay098/ov98_022471C8.c	between
ov75_02248D2C	ov98_02248F7C	src/overlay098/ov98_022471C8.c	between
ov75_02248F18	ov98_02249168	src/overlay098/ov98_022471C8.c	between
ov75_02248F7C	ov98_022491CC	src/overlay098/ov98_022471C8.c	between
ov75_02248FE8	ov98_02249238	src/overlay098/ov98_022471C8.c	between
ov75_022490D8	ov98_02249320	src/overlay098/ov98_022471C8.c	between
ov75_022491CC	ov98_02249414	src/overlay098/ov98_022471C8.c	between
ov75_022491F0	ov98_02249438	src/overlay098/ov98_022471C8.c	between
ov75_0224921C	ov98_02249464	src/overlay098/ov98_022471C8.c	calls
ov75_02249258	ov98_022494A0	src/overlay098/ov98_022471C8.c	between
ov75_02249278	ov98_022494C0	src/overlay098/ov98_022471C8.c	between
ov75_0224937C	ov98_022495C4	src/overlay098/ov98_022471C8.c	between
ov75_02249460	ov98_022496A8	src/overlay098/ov98_022471C8.c	between
ov75_02249478	ov98_022496C0	src/overlay098/ov98_022471C8.c	between
ov75_022494A4	ov98_022496EC	src/overlay098/ov98_022471C8.c	between
ov75_022494CC	ov98_02249714	src/overlay098/ov98_022471C8.c	called
ov75_02249534	ov98_0224977C	src/overlay098/ov98_022471C8.c	called
ov75_02249550	ov98_02249798	src/overlay098/ov98_022471C8.c	between
ov75_022495B0	ov98_022497F8	src/overlay098/ov98_022471C8.c	between
ov75_0224964C	ov98_02249894	src/overlay098/ov98_022471C8.c	between
ov75_02249684	ov98_022498CC	src/overlay098/ov98_022471C8.c	between
ov75_022496B8	ov98_02249900	src/overlay098/ov98_022471C8.c	between
ov75_0224971C	ov98_02249964	src/overlay098/ov98_022471C8.c	called
ov75_02249758	ov98_022499A0	src/overlay098/ov98_022471C8.c	between
ov75_0224976C	ov98_022499B4	src/overlay098/ov98_022471C8.c	between
ov75_02249780	ov98_022499C8	src/overlay098/ov98_022499C8.c	called
ov75_02249838	ov98_02249A80	src/overlay098/ov98_022499C8.c	calls
ov80_0222AEF8	FrontierCommunication_Unreachable1	src/overlay104/frontier_communication.c	between
ov80_0222AF10	FrontierCommunication_Unreachable2	src/overlay104/frontier_communication.c	between
ov80_0222AF3C	FrontierCommunication_Unreachable3	src/overlay104/frontier_communication.c	between
ov80_0222AF54	HallCommunication_SendTrainers	src/overlay104/frontier_communication.c	between
ov80_0222AF84	HallCommunication_ReceiveTrainers	src/overlay104/frontier_communication.c	between
ov80_0222AFB8	HallCommunication_SendOpponentMons	src/overlay104/frontier_communication.c	between
ov80_0222AFEC	HallCommunication_ReceiveOpponentMons	src/overlay104/frontier_communication.c	between
ov80_0222B024	ov104_0222EE14	src/overlay104/frontier_communication.c	between
ov80_0222B048	ov104_0222EE38	src/overlay104/frontier_communication.c	between
ov80_0222B070	HallCommunication_SendPlayersPokemon	src/overlay104/frontier_communication.c	calls
ov80_0222B0B8	HallCommunication_ReceivePartnersPokemon	src/overlay104/frontier_communication.c	calls
ov80_0222B0E8	HallCommunication_VerifyPacketSize	src/overlay104/frontier_communication.c	between
ov80_0222B108	ov104_0222EEF8	src/overlay104/frontier_communication.c	between
ov80_0222B140	ov104_0222EF30	src/overlay104/frontier_communication.c	between
ov80_0222B174	FactoryCommunication_SendTrainers	src/overlay104/frontier_communication.c	between
ov80_0222B1A4	FactoryCommunication_ReceiveTrainers	src/overlay104/frontier_communication.c	between
ov80_0222B1DC	ov104_0222EFCC	src/overlay104/frontier_communication.c	between
ov80_0222B24C	ov104_0222F03C	src/overlay104/frontier_communication.c	between
ov80_0222B2C4	ov104_0222F0B4	src/overlay104/frontier_communication.c	between
ov80_0222B334	ov104_0222F124	src/overlay104/frontier_communication.c	between
ov80_0222B3B0	ov104_0222F1A0	src/overlay104/frontier_communication.c	between
ov80_0222B3D4	ov104_0222F1C4	src/overlay104/frontier_communication.c	between
ov80_0222B3FC	ov104_0222F1EC	src/overlay104/frontier_communication.c	between
ov80_0222B420	ov104_0222F210	src/overlay104/frontier_communication.c	between
ov80_0222B448	ov104_0222F238	src/overlay104/frontier_communication.c	calls
ov80_0222B52C	ov104_0222F31C	src/overlay104/frontier_communication.c	order
ov80_0222B5C8	CastleCommunication_SendPlayersCP	src/overlay104/frontier_communication.c	between
ov80_0222B628	CastleCommunication_ReceivePartnersCP	src/overlay104/frontier_communication.c	order
ov80_0222B65C	CastleCommunication_SendTrainers	src/overlay104/frontier_communication.c	order
ov80_0222B690	CastleCommunications_ReceiveTrainers	src/overlay104/frontier_communication.c	order
ov80_0222B6C8	sub_020963A0	src/unk_020961E8.c	calls
ov80_0222B740	ov104_0222F530	src/overlay104/frontier_communication.c	order
ov80_0222B7E4	CastleCommunication_SendOpponentMons	src/overlay104/frontier_communication.c	order
ov80_0222B860	ov104_0222F650	src/overlay104/frontier_communication.c	order
ov80_0222B8D8	ov104_0222F6C8	src/overlay104/frontier_communication.c	order
ov80_0222B8F8	ov104_0222F6E8	src/overlay104/frontier_communication.c	order
ov80_0222B920	FrontierCommunication_Unreachable4	src/overlay104/frontier_communication.c	order
ov80_0222B940	FrontierCommunication_Unreachable5	src/overlay104/frontier_communication.c	order
ov80_0222B968	CastleCommunication_SendPlayersParty	src/overlay104/frontier_communication.c	order
ov80_0222B9CC	CastleCommunication_ReceivePartnersParty	src/overlay104/frontier_communication.c	order
ov80_0222BA5C	CastleCommunication_VerifyPacketSize	src/overlay104/frontier_communication.c	between
ov80_0222BA7C	ov104_0222F86C	src/overlay104/frontier_communication.c	order
ov80_0222BAB0	ov104_0222F8A0	src/overlay104/frontier_communication.c	order
ov80_0222BAE0	ArcadeCommunication_SendTrainers	src/overlay104/frontier_communication.c	order
ov80_0222BB18	ArcadeCommunication_ReceiveTrainers	src/overlay104/frontier_communication.c	order
ov80_0222BB54	ov104_0222F944	src/overlay104/frontier_communication.c	order
ov80_0222BBD0	ov104_0222F9C0	src/overlay104/frontier_communication.c	order
ov80_0222BC48	ov104_0222FA38	src/overlay104/frontier_communication.c	order
ov80_0222BC6C	ov104_0222FA5C	src/overlay104/frontier_communication.c	order
ov80_0222BC94	ov104_0222FA84	src/overlay104/frontier_communication.c	order
ov80_0222BCB8	ov104_0222FAA8	src/overlay104/frontier_communication.c	order
ov80_0222BCE0	ArcadeCommunication_SendPlayersParty	src/overlay104/frontier_communication.c	order
ov80_0222BD44	ArcadeCommunication_ReceivePartnersParty	src/overlay104/frontier_communication.c	order
ov80_0222BDD4	ArcadeCommunication_VerifyPacketSize	src/overlay104/frontier_communication.c	between
ov80_0222BE24	FrontierScriptContext_GetVarPointer	src/overlay104/frscrcmd.c	called
ov80_0222BE9C	FrontierScriptContext_TryGetVar	src/overlay104/frscrcmd.c	between
ov80_0222BEFC	Resume	src/overlay104/frscrcmd.c	between
ov80_0222BF5C	DecrementTimer	src/overlay104/frscrcmd.c	order
ov80_0222C03C	FrontierScriptContext_Jump	src/overlay104/frscrcmd.c	called
ov80_0222C200	ScreenWipeDone	src/overlay104/frscrcmd.c	between
ov80_0222C4D0	WaitForYesNoResult	src/overlay104/frscrcmd.c	between
ov80_0222C7B0	FrontierSystem_StartAnimation	src/overlay104/frscrcmd.c	between
ov80_0222C80C	WaitForMovement	src/overlay104/frscrcmd.c	between
ov80_0222CA94	ov104_02230850	src/overlay104/frscrcmd.c	calls
ov80_0222CAD0	ov104_0223088C	src/overlay104/frscrcmd.c	called
ov80_0222CB94	ov104_02230950	src/overlay104/frscrcmd.c	between
ov80_0222CC20	ov104_022309DC	src/overlay104/frscrcmd.c	between
ov80_0222CC70	ov104_02230A2C	src/overlay104/frscrcmd.c	called
ov80_0222CE80	WaitForSaveStateFinish	src/overlay104/frscrcmd.c	calls
ov80_0222D200	WaitForSyncState	src/overlay104/frscrcmd.c	between
ov80_0222D244	WaitForCommManIsDeleted	src/overlay104/frscrcmd.c	between
ov80_0222D2AC	CheckABPress	src/overlay104/frscrcmd.c	between
ov80_0222D2EC	DecrementABPressTimer	src/overlay104/frscrcmd.c	between
ov80_0222D390	ov104_02231148	src/overlay104/frscrcmd.c	calls
ov80_0222D404	ov104_022311BC	src/overlay104/frscrcmd.c	between
ov80_0222D520	ov104_022312D8	src/overlay104/frscrcmd.c	between
ov80_0222D63C	ov104_022313F4	src/overlay104/frscrcmd.c	between
ov80_0222D644	ov104_022313FC	src/overlay104/frscrcmd.c	calls
ov80_0222D968	ov104_02231720	src/overlay104/frscrcmd.c	between
ov80_0222DAAC	ov104_02231864	src/overlay104/frscrcmd.c	between
ov80_0222DC14	ov104_022319CC	src/overlay104/frscrcmd.c	between
ov80_0222DCF0	ov104_02231AA8	src/overlay104/frscrcmd.c	calls
ov80_0222DE00	WaitForEmitters	src/overlay104/frscrcmd.c	between
ov80_0222DE9C	ov104_02231C54	src/overlay104/frscrcmd.c	between
ov80_0222DF3C	ov104_02231CF4	src/overlay104/frscrcmd.c	between
ov80_0222E05C	WaitForFrontierBrainEncounterEffectFinished	src/overlay104/frscrcmd.c	between
ov80_0222E268	FrontierShowMessage	src/overlay104/ov104_02231F74.c	called
ov80_0222E328	GetMessage	src/overlay104/ov104_02231F74.c	order
ov80_0222E38C	Frontier_CloseMessage	src/overlay104/ov104_02231F74.c	called
ov80_0222E3B8	ShowSentence	src/overlay104/ov104_02231F74.c	called
ov80_0222E400	GetStringFromSentence	src/overlay005/script_message.c	calls
ov80_0222E450	FrontierMenuManager_Init	src/overlay104/ov104_02231F74.c	called
ov80_0222E558	FrontierMenuManager_New	src/overlay104/ov104_02231F74.c	order
ov80_0222E5A8	FrontierMenuManager_AddMenuEntry	src/overlay104/ov104_02231F74.c	called
ov80_0222E5B0	FrontierMenuManager_ShowMenu	src/overlay104/ov104_02231F74.c	called
ov80_0222E690	AddMenuEntry	src/overlay104/ov104_02231F74.c	order
ov80_0222E754	SetupSingleColumnMenu	src/overlay104/ov104_02231F74.c	order
ov80_0222E88C	FreeManagerWithMenu	src/overlay104/ov104_02231F74.c	order
ov80_0222E8FC	UpdateMenuAltText	src/overlay104/ov104_02231F74.c	order
ov80_0222E920	FrontierMenuManager_New2	src/overlay104/ov104_02231F74.c	order
ov80_0222E940	FrontierMenuManager_AddListMenuEntry	src/overlay104/ov104_02231F74.c	called
ov80_0222E948	FrontierMenuManager_ShowListMenu	src/overlay104/ov104_02231F74.c	called
ov80_0222EA74	AddListMenuEntry	src/overlay104/ov104_02231F74.c	order
ov80_0222EB54	InitListMenuTemplate	src/overlay104/ov104_02231F74.c	order
ov80_0222EC60	SetListMenuItemAltColor	src/overlay104/ov104_02231F74.c	order
ov80_0222EC84	ListMenuDummyCursorCallback	src/overlay104/ov104_02231F74.c	order
ov80_0222EDA0	FreeManagerWithListMenu	src/overlay104/ov104_02231F74.c	order
ov80_0222EE14	PrintListMenuAltText	src/overlay104/ov104_02231F74.c	called
ov80_0222EE7C	UpdateListMenuAltText	src/overlay104/ov104_02231F74.c	order
ov80_0222EEAC	FrontierMenuManager_FreeListMenu	src/overlay104/ov104_02231F74.c	called
ov80_0222EEC8	FrontierObject_DoAnimation	src/overlay104/ov104_02231F74.c	order
ov80_0222EFD0	ov104_02232C80	src/overlay104/ov104_02231F74.c	order
ov80_0222F030	ov104_02232CE0	src/overlay104/ov104_02231F74.c	order
ov80_0222F1D0	ov104_02232E80	src/overlay104/ov104_02231F74.c	called
ov80_0222F210	BattleFrontier_LoadMonSpriteData	src/overlay104/ov104_02231F74.c	between
ov80_0222F278	BattleFrontier_UnloadMonSpriteData	src/overlay104/ov104_02231F74.c	calls
ov80_0222F29C	BattleFrontier_CreateMonSprite	src/overlay104/ov104_02231F74.c	called
ov80_0222F324	BattleFrontier_DeleteMonSprite	src/overlay104/ov104_02231F74.c	between
ov80_0222F33C	BattleFrontier_LoadItemSpriteData	src/overlay104/ov104_02231F74.c	calls
ov80_0222F3CC	BattleFrontier_UnloadItemSpriteData	src/overlay104/ov104_02231F74.c	between
ov80_0222F3FC	BattleFrontier_CreateItemSprite	src/overlay104/ov104_02231F74.c	calls
ov80_0222F440	BattleFrontier_DeleteItemSprite	src/overlay104/ov104_02231F74.c	order
ov80_0222F44C	ov104_02239464	src/overlay104/frscrcmd_battle_tower.c	called
ov80_0222F458	BattleFrontier_PrintTrainerMessage	src/overlay104/ov104_02231F74.c	calls
ov80_0222F4D0	WaitForFinishedPrinting	src/overlay104/ov104_02231F74.c	order
ov80_0222F4F0	ov104_0223319C	src/overlay104/ov104_02231F74.c	order
ov80_0222F53C	ov104_022331E8	src/overlay104/ov104_02231F74.c	between
ov80_0222F5D0	FrontierMenuManager_SetHorizontalAnchor	src/overlay104/ov104_02231F74.c	order
ov80_0222F5EC	FrontierMenuManager_SetVerticalAnchor	src/overlay104/ov104_02231F74.c	order
ov80_0222F7CC	StoreBattleFactoryAppResult	src/overlay104/frscrcmd_battle_factory.c	order
ov80_0222FC08	UpdateCorridorFloorBG	src/overlay104/frscrcmd_battle_factory.c	order
ov80_0222FCA0	WaitForCommResponse	src/overlay104/frscrcmd_battle_factory.c	order
ov80_0222FD08	BattleFactory_Init	src/overlay104/battle_factory.c	called
ov80_0222FEEC	BattleFactory_LoadTrainersAndRentalsForRound	src/overlay104/battle_factory.c	order
ov80_0222FF00	SetupTrainersAndInitialRentalOptions	src/overlay104/battle_factory.c	called
ov80_022300D4	SwapMonIndices	src/overlay104/battle_factory.c	order
ov80_02230270	LoadTrainersAndMonsFromSave	src/overlay104/battle_factory.c	order
ov80_02230424	BattleFactory_Free	src/overlay104/battle_factory.c	order
ov80_02230460	BattleFactory_GetMonSelectionAppResult	src/overlay104/battle_factory.c	order
ov80_02230484	GetBattleFactoryAppSelectedIndices	src/overlay104/battle_factory.c	called
ov80_0223049C	BattleFactory_Save	src/overlay104/battle_factory.c	called
ov80_02230784	BattleFactory_IncrementCurrentBattle	src/overlay104/battle_factory.c	order
ov80_02230790	BattleFactory_GetCurrentBattle	src/overlay104/battle_factory.c	order
ov80_02230794	BattleFactory_GetNextOpponentObjectID	src/overlay104/battle_factory.c	order
ov80_022307C8	BattleFactory_SaveOnLoss	src/overlay104/battle_factory.c	order
ov80_022307D4	BattleFactory_SaveOnCompletingRound	src/overlay104/battle_factory.c	order
ov80_022307F0	BattleFactory_AddSelectedRentalsToParty	src/overlay104/battle_factory.c	order
ov80_022308C4	BattleFactory_SetupNextOpponent	src/overlay104/battle_factory.c	calls
ov80_022309F8	BattleFactory_ApplyTrade	src/overlay104/battle_factory.c	calls
ov80_02230A60	BattleFactory_SetupNextOpponentsParty	src/overlay104/battle_factory.c	called
ov80_02230AE4	BattleFactory_IncrementTradeCount	src/overlay104/battle_factory.c	called
ov80_02230AF8	BattleFactory_SendCommMessage	src/overlay104/battle_factory.c	called
ov80_02230B4C	BattleFactory_GetEarnedBP	src/overlay104/battle_factory.c	between
ov80_022310C4	BattleHall_Init	src/overlay104/battle_hall.c	called
ov80_022313C0	BattleHall_SetupNextOpponent	src/overlay104/battle_hall.c	between
ov80_022313C8	SetupNextOpponent	src/overlay104/battle_hall.c	called
ov80_022314A0	BattleHall_Free	src/overlay104/battle_hall.c	between
ov80_022314DC	BattleHall_GetTypeSelectionAppResult	src/overlay104/battle_hall.c	called
ov80_02231518	GetBattleHallAppSelectedCell	src/overlay104/battle_hall.c	between
ov80_0223151C	BattleHall_UpdateWinRecordForCurrentMon	src/overlay104/battle_hall.c	between
ov80_0223157C	BattleHall_Save	src/overlay104/battle_hall.c	between
ov80_022317C0	BattleHall_IncrementCurrentBattle	src/overlay104/battle_hall.c	between
ov80_022317CC	BattleHall_GetCurrentBattle	src/overlay104/battle_hall.c	between
ov80_022317D0	BattleHall_GetNextOpponentObjectID	src/overlay104/battle_hall.c	between
ov80_02231804	BattleHall_SaveOnLoss	src/overlay104/battle_hall.c	between
ov80_02231828	BattleHall_SaveOnCompletingRound	src/overlay104/battle_hall.c	between
ov80_02231844	BattleHall_SendCommMessage	src/overlay104/battle_hall.c	called
ov80_02231888	BattleHall_GetEarnedBP	src/overlay104/battle_hall.c	between
ov80_022318D0	BattleHall_LoadTypeRanks	src/overlay104/battle_hall.c	between
ov80_02231930	BattleHall_SaveTypeRank	src/overlay104/battle_hall.c	between
ov80_022319B0	BattleHall_CapTypeRanks	src/overlay104/battle_hall.c	between
ov80_02231A04	BattleHall_CalcPlayerLevelSqrt	src/overlay104/battle_hall.c	between
ov80_02231A14	BattleHall_CalcOpponentsLevel	src/overlay104/battle_hall.c	between
ov80_02231E4C	SetupBattleCastleAppArgs	src/overlay104/frscrcmd_battle_castle.c	between
ov80_02231E94	StoreBattleCastleAppResult	src/overlay104/frscrcmd_battle_castle.c	between
ov80_02232318	WaitForCommResponses	src/overlay104/frscrcmd_battle_castle.c	between
ov80_02232368	ov104_02236058	src/overlay104/frscrcmd_battle_castle.c	calls
ov80_022324C4	BattleCastle_Init	src/overlay104/battle_castle.c	called
ov80_02232824	BattleCastle_LoadTrainersForRound	src/overlay104/battle_castle.c	called
ov80_02232838	SelectTrainersAndFirstBattlesMons	src/overlay104/battle_castle.c	calls
ov80_022329B4	LoadPlayersPartyFromSave	src/overlay104/battle_castle.c	order
ov80_02232ABC	BattleCastle_Free	src/overlay104/battle_castle.c	called
ov80_02232AEC	BattleCastle_StoreAppResults	src/overlay104/battle_castle.c	called
ov80_02232B44	GetBattleCastleAppSelectedSlot	src/overlay104/battle_castle.c	between
ov80_02232B58	BattleCastle_Save	src/overlay104/battle_castle.c	called
ov80_02232E58	BattleCastle_IncrementCurrentBattle	src/overlay104/battle_castle.c	order
ov80_02232E64	BattleCastle_GetCurrentBattle	src/overlay104/battle_castle.c	order
ov80_02232E68	BattleCastle_GetNextOpponentObjectID	src/overlay104/battle_castle.c	order
ov80_02232E9C	BattleCastle_SaveOnLoss	src/overlay104/battle_castle.c	between
ov80_02232EE0	BattleCastle_SaveOnCompletingRound	src/overlay104/battle_castle.c	order
ov80_02232F00	BattleCastle_SetupFirstOpponentsParty	src/overlay104/battle_castle.c	called
ov80_02232F08	BattleCastle_SetupNextOpponentsParty	src/overlay104/battle_castle.c	called
ov80_02232F60	BattleCastle_PrepForNextBattle	src/overlay104/battle_castle.c	calls
ov80_02233020	BattleCastle_CalcCPEarnedFromBattle	src/overlay104/battle_castle.c	between
ov80_022331E8	BattleCastle_ReceiveCastlePoints	src/overlay104/battle_castle.c	called
ov80_02233280	BattleCastle_SendCommMessage	src/overlay104/battle_castle.c	called
ov80_022332D0	BattleCastle_ShowPlayerInfoWindows	src/overlay104/battle_castle.c	called
ov80_022333D0	DrawPlayerInfoWindow	src/overlay104/battle_castle.c	calls
ov80_022333F0	BattleCastle_ClearPlayerInfoWindows	src/overlay104/battle_castle.c	called
ov80_02233490	BattleCastle_PrintPlayersInfo	src/overlay104/battle_castle.c	called
ov80_02233594	PrintPlayerNameandCP	src/overlay104/battle_castle.c	between
ov80_02233648	BattleCastle_GetEarnedBP	src/overlay104/battle_castle.c	between
ov80_02234550	BattleArcade_StoreAppResults	src/overlay104/battle_arcade.c	called
ov80_02234574	GetBattleArcadeAppCursorPos	src/overlay104/battle_arcade.c	between
ov80_02234588	BattleArcade_Save	src/overlay104/battle_arcade.c	called
ov80_02234764	BattleArcade_IncrementCurrentBattle	src/overlay104/battle_arcade.c	called
ov80_02234770	BattleArcade_GetCurrentBattle	src/overlay104/battle_arcade.c	called
ov80_02234774	BattleArcade_GetNextOpponentObjectID	src/overlay104/battle_arcade.c	called
ov80_022347A8	BattleArcade_GetTrainerOffset	src/overlay104/battle_arcade.c	called
ov80_022347B8	BattleArcade_SaveOnLoss	src/overlay104/battle_arcade.c	called
ov80_022347C4	BattleArcade_SaveOnCompletingRound	src/overlay104/battle_arcade.c	called
ov80_02234894	CalcBasePerformance	src/overlay104/battle_arcade.c	calls
ov80_02234968	BattleArcade_UpdateBackgroundForEffect	src/overlay104/battle_arcade.c	calls
ov80_02234A38	BattleArcade_LoadNormalBackground	src/overlay104/battle_arcade.c	calls
ov80_02234A74	BattleArcade_CreateMonSprites	src/overlay104/battle_arcade.c	calls
ov80_02234B24	BattleArcade_DeleteMonSprites	src/overlay104/battle_arcade.c	called
ov80_02234B7C	BattleArcade_SetPlayerMonSpriteDrawFlag	src/overlay104/battle_arcade.c	calls
ov80_02234BB4	BattleArcade_SetOpponentMonSpriteDrawFlag	src/overlay104/battle_arcade.c	calls
ov80_02234BEC	BattleArcade_CreateItemSprites	src/overlay104/battle_arcade.c	calls
ov80_02234CB0	BattleArcade_DeleteItemSprites	src/overlay104/battle_arcade.c	called
ov80_02234D04	BattleArcade_SetItemDrawFlag	src/overlay104/battle_arcade.c	called
ov80_02234DC4	BattleArcade_SetPalette	src/overlay104/battle_arcade.c	calls
ov80_02234E50	BattleArcade_SendCommMessage	src/overlay104/battle_arcade.c	called
ov80_02234E98	BattleArcade_ApplyEffect	src/overlay104/battle_arcade.c	called
ov80_02234ECC	ArcadeEffect_LowerHP	src/overlay104/battle_arcade.c	between
ov80_02234F28	ArcadeEffect_Poison	src/overlay104/battle_arcade.c	between
ov80_02234FAC	ArcadeEffect_Paralyze	src/overlay104/battle_arcade.c	between
ov80_02235024	ArcadeEffect_Burn	src/overlay104/battle_arcade.c	between
ov80_0223509C	ArcadeEffect_Sleep	src/overlay104/battle_arcade.c	between
ov80_02235118	ArcadeEffect_Freeze	src/overlay104/battle_arcade.c	between
ov80_022351AC	ArcadeEffect_GetBerry	src/overlay104/battle_arcade.c	between
ov80_02235208	ArcadeEffect_GetItem	src/overlay104/battle_arcade.c	between
ov80_02235264	ArcadeEffect_LevelUp	src/overlay104/battle_arcade.c	between
ov80_022352BC	ArcadeEffect_Sunny	src/overlay104/battle_arcade.c	between
ov80_022352C8	ArcadeEffect_Rainy	src/overlay104/battle_arcade.c	between
ov80_022352D0	ArcadeEffect_Sandy	src/overlay104/battle_arcade.c	between
ov80_022352D8	ArcadeEffect_Hail	src/overlay104/battle_arcade.c	between
ov80_022352E0	ArcadeEffect_Foggy	src/overlay104/battle_arcade.c	between
ov80_022352E8	ArcadeEffect_TrickRoom	src/overlay104/battle_arcade.c	between
ov80_022352F4	ArcadeEffect_SpeedUp	src/overlay104/battle_arcade.c	between
ov80_02235300	ArcadeEffect_SlowDown	src/overlay104/battle_arcade.c	between
ov80_0223530C	ArcadeEffect_RandomizeCursor	src/overlay104/battle_arcade.c	between
ov80_02235314	ArcadeEffect_SwapMons	src/overlay104/battle_arcade.c	between
ov80_02235318	ArcadeEffect_GetFreeBP	src/overlay104/battle_arcade.c	between
ov80_0223531C	ArcadeEffect_NoBattle	src/overlay104/battle_arcade.c	between
ov80_02235320	ArcadeEffect_NoEvent	src/overlay104/battle_arcade.c	between
ov80_02235324	BattleArcade_GetEarnedBP	src/overlay104/battle_arcade.c	called
ov80_02235364	BattleArcade_SaveItemsAfterBattle	src/overlay104/battle_arcade.c	called
ov80_0223573C	FrontierScrCmd_BattleFactory_PrintTrainerIntro	src/overlay104/frscrcmd_battle_factory.c	calls
ov80_022357B4	BattleTower_CreateOpponentParties	src/overlay104/ov104_022394A4.c	order
ov80_02235898	BattleTower_GetObjectIDFromOpponentIDInFrontierScript	src/overlay104/ov104_022394A4.c	order
ov80_022358B0	BattleTower_SetBeatPalmer	src/overlay104/ov104_022394A4.c	order
ov80_022358C4	ov104_022395B4	src/overlay104/ov104_022394A4.c	between
ov80_022358E8	ov104_022395D8	src/overlay104/ov104_022394A4.c	order
ov80_02236450	BattleTower_CreateTrainerParty	src/overlay104/ov104_0223A0C4.c	called
ov80_022364A4	BattleTower_CreateRandomTrainerParty	src/overlay104/ov104_0223A0C4.c	between
ov80_02236698	BattleTower_CreateWiFiTrainerParty	src/overlay104/ov104_0223A0C4.c	calls
ov80_022366D4	BattleTower_CreateDummyWiFiTrainer	src/overlay104/ov104_0223A0C4.c	called
ov80_02236734	BattleTower_CopySetToPokemonDataDTO	src/overlay104/ov104_0223A0C4.c	between
ov80_0223690C	FieldBattleDTO_NewBattleTower	src/overlay104/ov104_0223A0C4.c	called
ov80_02236A34	FieldBattleDTO_InitBattleTowerTrainer	src/overlay104/ov104_0223A0C4.c	calls
ov80_02236A88	BattleTower_GetBattleTypeFromChallengeMode	src/overlay104/ov104_0223A0C4.c	between
ov80_02236ABC	ov104_0223A734	src/overlay104/ov104_0223A0C4.c	between
ov80_02236AD8	ov104_0223A750	src/overlay104/ov104_0223A0C4.c	between
ov80_02236AF0	BattleTower_GetPokemonDataNarcID	src/overlay104/ov104_0223A0C4.c	between
ov80_02236B04	BattleFrontier_GetTrainerDataNarcID	src/overlay104/ov104_0223A0C4.c	between
ov80_02236B18	BattleTower_GetTrainerMessagesBankID	src/overlay104/ov104_0223A0C4.c	between
ov80_02236B30	BattleTower_AreAllConnectedGamesPlatinum	src/overlay104/ov104_0223A0C4.c	called
ov80_02237A70	BattleCastle_GetOpponentTrainerID	src/overlay104/battle_castle_helpers.c	order
ov80_02237ADC	BattleCastle_GetCurrentRound	src/overlay104/battle_castle_helpers.c	called
ov80_02237B24	BattleCastle_GetOpponentPartySize	src/overlay104/battle_castle_helpers.c	between
ov80_02237B58	BattleFrontier_GetPokemonForTrainers	src/overlay104/frontier_opponents.c	called
ov80_02237B8C	BattleCastle_SetupBattle	src/overlay104/battle_castle_helpers.c	called
ov80_02237D5C	BattleCastle_GetBattleType	src/overlay104/battle_castle_helpers.c	between
ov80_02237D88	BattleCastle_GetOpponentLevel	src/overlay104/battle_castle_helpers.c	between
ov80_02237D8C	BattleCastle_IsMultiPlayerChallenge	src/overlay104/battle_castle_helpers.c	called
ov80_02237D9C	BattleCastle_RevivePokemon	src/overlay104/battle_castle_helpers.c	order
ov80_02237E18	BattleCastle_AddMonToParty	src/overlay104/battle_castle_helpers.c	called
ov80_02237E30	BattleCastle_SetupOpponentsParty	src/overlay104/battle_castle_helpers.c	order
ov80_02237E88	BattleCastle_GetAIMask	src/overlay104/battle_castle_helpers.c	between
ov80_02237ED8	BattleCastle_PickOpponentTrainers	src/overlay104/battle_castle_helpers.c	called
ov80_02237EFC	BattleCastle_UpdateEmblemFrame	src/overlay104/battle_castle_helpers.c	order
ov80_02237F3C	GetEmblemTiles	src/overlay104/battle_castle_helpers.c	order
ov80_02237F9C	CapCurrentRound	src/overlay104/battle_castle_helpers.c	order
ov80_02237FA4	BattleCastle_SpendCastlePoints	src/overlay104/battle_castle_helpers.c	order
ov80_02238034	BattleArcade_GetOpponentTrainerID	src/overlay104/battle_arcade_helpers.c	called
ov80_022380A0	BattleArcade_PickOpponentTrainers	src/overlay104/battle_arcade_helpers.c	order
ov80_02238344	BattleArcade_GetBattleType	src/overlay104/battle_arcade_helpers.c	between
ov80_02238370	BattleArcade_GetPokemonLevel	src/overlay104/battle_arcade_helpers.c	between
ov80_02238384	AddSummaryDetailsToMon	src/overlay104/battle_castle_helpers.c	called
ov80_022383A8	BattleArcade_AddMonToParty	src/overlay104/battle_arcade_helpers.c	order
ov80_022383C0	BattleArcade_SetupOpponentsParty	src/overlay104/battle_arcade_helpers.c	called
ov80_02238430	BattleArcade_GetFreeBPFromEvent	src/overlay104/battle_arcade_helpers.c	called
ov80_02238444	BattleArcade_GetAIMask	src/overlay104/battle_arcade_helpers.c	order
ov80_02238498	BattleArcade_GetCurrentRound	src/overlay104/battle_arcade_helpers.c	called
ov80_022384BC	BattleArcade_GetCategoryFromEffect	src/overlay104/battle_arcade_helpers.c	called
ov80_022389C4	ov104_0223C634	src/overlay104/frontier_graphics.c	order
ov80_02238A18	ov104_0223C688	src/overlay104/frontier_graphics.c	order
ov80_02238AAC	DummyExecuteOnVBlank	src/overlay104/frontier_graphics.c	order
ov80_02238AB0	ov104_0223C720	src/overlay104/frontier_graphics.c	order
ov80_02238ABC	ov104_0223C72C	src/overlay104/frontier_graphics.c	order
ov80_02238B7C	ov104_0223C7EC	src/overlay104/frontier_graphics.c	order
ov80_02238C78	ov104_0223C8E8	src/overlay104/frontier_graphics.c	called
ov80_02238FA0	LoadSubScreenBackground	src/overlay104/frontier_graphics.c	order
ov80_02239004	ov104_0223CC74	src/overlay104/frontier_graphics.c	calls
ov80_0223927C	ov104_0223CEEC	src/overlay104/frontier_graphics.c	order
ov80_0223947C	ov104_0223D0EC	src/overlay104/frontier_graphics.c	order
ov80_022394D8	ov104_0223D148	src/overlay104/frontier_graphics.c	called
ov80_02239510	ov104_0223D180	src/overlay104/frontier_graphics.c	called
ov80_02239590	ov104_0223D200	src/overlay104/frontier_graphics.c	called
ov80_022395E8	ov104_0223D258	src/overlay104/frontier_graphics.c	order
ov80_0223962C	ov104_0223D29C	src/overlay104/frontier_graphics.c	called
ov80_0223965C	ov104_0223D2CC	src/overlay104/frontier_graphics.c	called
ov80_0223968C	ov104_0223D2FC	src/overlay104/frontier_graphics.c	called
ov80_022396D8	ov104_0223D348	src/overlay104/frontier_graphics.c	called
ov80_02239700	ov104_0223D370	src/overlay104/frontier_graphics.c	called
ov80_02239708	ov104_0223D378	src/overlay104/frontier_graphics.c	called
ov80_02239734	ov104_0223D3A4	src/overlay104/frontier_graphics.c	called
ov80_02239740	ov104_0223D3B0	src/overlay104/frontier_graphics.c	calls
ov80_02239828	ov104_0223D498	src/overlay104/frontier_graphics.c	calls
ov80_022398E4	ov104_0223D554	src/overlay104/frontier_graphics.c	called
ov80_02239900	ov104_0223D570	src/overlay104/frontier_graphics.c	called
ov80_02239914	ov104_0223D584	src/overlay104/frontier_graphics.c	between
ov80_02239938	ov104_0223D5A8	src/overlay104/frontier_graphics.c	called
ov80_02239D74	ov104_0223D9E4	src/overlay104/ov104_0223D9E4.c	called
ov80_02239DB8	ov104_0223DA28	src/overlay104/ov104_0223D9E4.c	called
ov80_02239DD0	ov104_0223DA40	src/overlay104/ov104_0223D9E4.c	between
ov80_02239EC4	ov104_0223DB34	src/overlay104/ov104_0223D9E4.c	between
ov80_02239ED8	ov104_0223DB48	src/overlay104/ov104_0223D9E4.c	calls
ov80_02239F48	UndergroundTalkResponse_Start	src/underground/player_talk.c	calls
ov80_02239F94	ov104_0223DC04	src/overlay104/ov104_0223D9E4.c	order
ov80_02239FA8	ov104_0223DC18	src/overlay104/ov104_0223D9E4.c	order
ov80_0223AC24	ov104_0223E894	src/overlay104/ov104_0223E894.c	called
ov80_0223AC68	ov104_0223E8D8	src/overlay104/ov104_0223E894.c	between
ov80_0223AD5C	ov104_0223E9CC	src/overlay104/ov104_0223E894.c	between
ov80_0223AD7C	ov104_0223E9EC	src/overlay104/ov104_0223E894.c	called
ov80_0223AD88	ov104_0223E9F8	src/overlay104/ov104_0223E894.c	called
ov80_0223ADA4	ov104_0223EA14	src/overlay104/ov104_0223E894.c	between
ov80_0223ADB8	ov104_0223EA28	src/overlay104/ov104_0223E894.c	between
ov80_0223ADC8	ov104_0223EA38	src/overlay104/ov104_0223E894.c	between
ov80_0223ADF4	ov104_0223EA64	src/overlay104/ov104_0223E894.c	between
ov80_0223AE0C	ov104_0223EA7C	src/overlay104/ov104_0223E894.c	between
ov80_0223AE14	ov104_0223EA84	src/overlay104/ov104_0223E894.c	between
ov80_0223AE6C	ov104_0223EADC	src/overlay104/ov104_0223E894.c	between
ov80_0223AED4	ov104_0223EB44	src/overlay104/ov104_0223E894.c	called
ov80_0223AF30	ov104_0223EBA0	src/overlay104/ov104_0223E894.c	called
ov80_0223AF60	ov104_0223EBD0	src/overlay104/ov104_0223E894.c	called
ov80_0223AF80	ov104_0223EBF0	src/overlay104/ov104_0223E894.c	called
ov80_0223AFC4	ov104_0223EC34	src/overlay104/ov104_0223E894.c	called
ov80_0223B1D4	ov104_0223EE44	src/overlay104/ov104_0223E894.c	called
ov80_0223B3EC	ov104_0223F05C	src/overlay104/ov104_0223E894.c	between
ov80_0223B400	ov104_0223F070	src/overlay104/ov104_0223E894.c	between
ov80_0223B424	ov104_0223F094	src/overlay104/ov104_0223E894.c	called
ov80_0223B440	ov104_0223F0B0	src/overlay104/ov104_0223E894.c	called
ov80_0223B468	ov104_0223F0D8	src/overlay104/ov104_0223E894.c	between
ov80_0223B484	ov104_0223F0F4	src/overlay104/ov104_0223E894.c	between
ov80_0223B4A0	ov104_0223F110	src/overlay104/ov104_0223E894.c	between
ov80_0223B4E0	ov104_0223F150	src/overlay104/ov104_0223E894.c	between
ov80_0223B504	ov104_0223F174	src/overlay104/ov104_0223E894.c	between
ov80_0223B528	ov104_0223F198	src/overlay104/ov104_0223E894.c	between
ov80_0223B53C	ov104_0223F1AC	src/overlay104/ov104_0223E894.c	between
ov80_0223B544	ov104_0223F1B4	src/overlay104/ov104_0223E894.c	called
ov80_0223B5E8	ov104_0223F258	src/overlay104/ov104_0223E894.c	called
ov80_0223B60C	ov104_0223F27C	src/overlay104/ov104_0223E894.c	called
ov81_0223E318	State_FadeInApp	src/applications/frontier/battle_factory/main.c	calls
ov81_0223E520	State_SetupAppStrings	src/applications/frontier/battle_factory/main.c	order
ov81_0223E5B4	PrintStringsForInitialSelect	src/applications/frontier/battle_factory/main.c	between
ov81_0223E87C	InitInitialSelectionPokeballSprites	src/applications/frontier/battle_factory/main.c	order
ov81_0223EBE4	CreatePokeballSpritesForExchange	src/applications/frontier/battle_factory/main.c	order
ov81_0223EC44	CreateMonSpriteFlipped	src/applications/frontier/battle_factory/main.c	between
ov81_0223EC88	State_RunMonSummaryApp	src/applications/frontier/battle_factory/main.c	calls
ov81_0223ECE4	State_SelectInitialParty	src/applications/frontier/battle_factory/main.c	between
ov81_0223EF5C	RemoveLastSelectedMon	src/applications/frontier/battle_factory/main.c	between
ov81_0223F038	SelectMon	src/applications/frontier/battle_factory/main.c	between
ov81_0223F0BC	RemoveSelectedMonUnderCursor	src/applications/frontier/battle_factory/main.c	between
ov81_0223F1A4	State_ConfirmPartySelection	src/applications/frontier/battle_factory/main.c	between
ov81_0223F314	State_ReturnToInitialPartySelection	src/applications/frontier/battle_factory/main.c	between
ov81_0223F320	RedisplayInfoForInitialSelection	src/applications/frontier/battle_factory/main.c	between
ov81_0223F38C	State_SelectMonToExchange	src/applications/frontier/battle_factory/main.c	between
ov81_0223F684	SelectMonToBeExchanged	src/applications/frontier/battle_factory/main.c	between
ov81_0223F6A8	State_CancelTradeFromExchangeSelect	src/applications/frontier/battle_factory/main.c	between
ov81_0223F754	RedisplayMonInfoForExchangeSelect	src/applications/frontier/battle_factory/main.c	between
ov81_0223F770	State_SelectMonToReceive	src/applications/frontier/battle_factory/main.c	between
ov81_0223FB3C	GoBackToExchangeSelect	src/applications/frontier/battle_factory/main.c	between
ov81_0223FB64	ConfirmReceiveSelection	src/applications/frontier/battle_factory/main.c	between
ov81_0223FB88	DrawReceiveSelectOptionsMenu	src/applications/frontier/battle_factory/main.c	between
ov81_0223FBAC	State_CancelTradeFromReceiveSelect	src/applications/frontier/battle_factory/main.c	between
ov81_0223FC60	RecreateReceivableMonSprite	src/applications/frontier/battle_factory/main.c	between
ov81_0223FC74	State_ChangeExchangeToReceiveSelect	src/applications/frontier/battle_factory/main.c	between
ov81_02240008	State_SendTradeResultCommMessage	src/applications/frontier/battle_factory/main.c	between
ov81_02240048	State_SyncBeforeExit	src/applications/frontier/battle_factory/main.c	calls
ov81_02240088	State_FadeOutApp	src/applications/frontier/battle_factory/main.c	order
ov81_022400D0	State_ShowTradeOccurredMessage	src/applications/frontier/battle_factory/main.c	order
ov81_02240448	InitSpriteManager	src/applications/frontier/battle_factory/main.c	order
ov81_022404B4	ConveyPokeballsOntoScreen	src/applications/frontier/battle_factory/main.c	order
ov81_02240564	ConveyPokeballOffScreen	src/applications/frontier/battle_factory/main.c	order
ov81_022405F0	UpdateWheelPalette	src/applications/frontier/battle_factory/main.c	called
ov81_02240698	LoadAppStartupBackground	src/applications/frontier/battle_factory/main.c	order
ov81_022406E0	LoadConveyorBackground	src/applications/frontier/battle_factory/main.c	order
ov81_02240728	LoadWheelBackground	src/applications/frontier/battle_factory/main.c	order
ov81_02240770	LoadPalette	src/applications/frontier/battle_factory/main.c	order
ov81_022407A8	ReloadNoScreensBackground	src/applications/frontier/battle_factory/main.c	order
ov81_0224080C	PrintMessageWithBg	src/applications/frontier/battle_factory/main.c	order
ov81_0224086C	PrintMessageAndCopyToVRAM	src/applications/frontier/battle_factory/main.c	called
ov81_022408A0	SetStringTemplateNumber	src/applications/frontier/battle_factory/main.c	order
ov81_022408B8	SetStringTemplateSpecies	src/applications/frontier/battle_factory/main.c	called
ov81_022408C4	PrintPlayersName	src/applications/frontier/battle_factory/main.c	calls
ov81_0224093C	PrintPartnersName	src/applications/frontier/battle_factory/main.c	calls
ov81_022409B0	PrintMonNameAndGender	src/applications/frontier/battle_factory/main.c	between
ov81_02240AD8	PrintPartnersMonNameAndGender	src/applications/frontier/battle_factory/main.c	calls
ov81_02240CD4	ReInitApp	src/applications/frontier/battle_factory/main.c	called
ov81_02240D2C	InitGraphicsPlane	src/applications/frontier/battle_factory/main.c	calls
ov81_02240E78	SetupMonSummaryApp	src/applications/frontier/battle_factory/main.c	order
ov81_02240F08	CheckAppIsInInitialSelectionMode	src/applications/frontier/battle_factory/main.c	order
ov81_02240F18	GetNumMonToSelect	src/applications/frontier/battle_factory/main.c	order
ov81_02240F28	CheckMenuWasCancelled	src/applications/frontier/battle_factory/main.c	order
ov81_02240F38	SetMenuWasCancelled	src/applications/frontier/battle_factory/main.c	order
ov81_02240F48	CreateMonSprite	src/overlay006/great_marsh_lookout_sprite.c	called
ov81_02240FA4	SendCommMessage	src/applications/frontier/battle_factory/main.c	called
ov81_02241008	DummyCreatePayload	src/applications/frontier/battle_factory/main.c	order
ov81_02241020	BattleFactoryApp_DummyCommCommand	src/applications/frontier/battle_factory/main.c	order
ov81_022410C8	BattleFactoryApp_HandleSelectionUpdateCmd	src/applications/frontier/battle_factory/main.c	calls
ov81_0224113C	BattleFactoryApp_DummyCommCommand2	src/applications/frontier/battle_factory/main.c	between
ov81_02241144	UpdatePartnersMonsListing	src/applications/frontier/battle_factory/main.c	between
ov81_02241218	CreateTradeResultPayload	src/applications/frontier/battle_factory/main.c	between
ov81_02241238	BattleFactoryApp_HandleTradeResultCmd	src/applications/frontier/battle_factory/main.c	calls
ov81_022412C4	CreatePokeballSprite	src/applications/frontier/battle_factory/main.c	called
ov81_022413E0	FreeSimpleMenu	src/applications/frontier/battle_castle/opponent_app.c	calls
ov81_02241DDC	ov21_021D6F64	src/applications/pokedex/ov21_021D5AEC.c	calls
ov81_02241E68	UpdateInfoForMonUnderCursor	src/applications/frontier/battle_factory/main.c	calls
ov81_0224258C	BattleFactoryAppPanelSprite_New	src/applications/frontier/battle_factory/panel_sprite.c	called
ov81_022425C4	CreateBluePanelSprite	src/applications/frontier/battle_factory/main.c	order
ov81_022425D8	CreateGreenPanelSprite	src/applications/frontier/battle_factory/main.c	order
ov81_0224271C	FreePanelSprites	src/applications/frontier/battle_factory/main.c	order
ov81_0224276C	BattleFactoryApp_InitSpriteManager	src/applications/frontier/battle_factory/sprite_manager.c	called
ov81_02242A8C	BattleFactoryApp_InitSprite	src/applications/frontier/battle_factory/sprite_manager.c	called
ov81_02242B38	BattleFactoryApp_FreeSprites	src/applications/frontier/battle_factory/sprite_manager.c	order
ov81_02242B90	ov101_021D150C	src/overlay101/ov101_021D0D80.c	calls
ov81_02242BC8	BattleFactoryApp_Setup3D	src/applications/frontier/battle_factory/helpers.c	between
ov81_02242C48	BattleFactoryApp_UpdateMonGraphics	src/applications/frontier/battle_factory/helpers.c	between
ov81_02242C80	BattleFactoryApp_CreateMonSprite	src/applications/frontier/battle_factory/helpers.c	order
ov81_02242CB0	BattleFactoryApp_FlipMonSprite	src/applications/frontier/battle_factory/helpers.c	order
ov81_02242D74	BattleFactoryAppPanelSprite_Free	src/applications/frontier/battle_factory/panel_sprite.c	order
ov81_02242DCC	SetSpritePosition	src/applications/frontier/battle_factory/panel_sprite.c	order
ov81_02242DD8	BattleFactoryAppPanelSprite_IsAnimated	src/applications/frontier/battle_factory/panel_sprite.c	order
ov81_02242E50	BattleFactoryAppPokeballSprite_New	src/applications/frontier/battle_factory/pokeball_sprite.c	calls
ov81_02242EA4	BattleFactoryAppPokeballSprite_Free	src/applications/frontier/battle_factory/pokeball_sprite.c	between
ov81_02242EB8	BattleFactoryAppPokeballSprite_SetDrawFlag	src/applications/frontier/battle_factory/pokeball_sprite.c	called
ov81_02242EC4	BattleFactoryAppPokeballSprite_ShiftPosition	src/applications/frontier/battle_factory/pokeball_sprite.c	calls
ov81_02242F10	BattleFactoryAppPokeballSprite_SetPosition	src/applications/frontier/battle_factory/pokeball_sprite.c	called
ov81_02242F30	BattleFactoryAppPokeballSprite_GetPosition	src/applications/frontier/battle_factory/pokeball_sprite.c	called
ov81_02242F3C	BattleFactoryAppPokeballSprite_SetSelected	src/applications/frontier/battle_factory/pokeball_sprite.c	between
ov81_02242F40	BattleFactoryAppPokeballSprite_IsSelected	src/applications/frontier/battle_factory/pokeball_sprite.c	between
ov81_02242F48	BattleFactoryAppPokeballSprite_SelectMon	src/applications/frontier/battle_factory/pokeball_sprite.c	called
ov81_02242F54	BattleFactoryAppPokeballSprite_UnselectMon	src/applications/frontier/battle_factory/pokeball_sprite.c	between
ov81_02242F60	BattleFactoryAppPokeballSprite_SetPositionForConveyorStart	src/applications/frontier/battle_factory/pokeball_sprite.c	calls
ov81_02242F8C	BattleFactoryAppPokeballSprite_GetRestingPointX	src/applications/frontier/battle_factory/pokeball_sprite.c	called
ov81_02242F90	BattleFactoryAppPokeballSprite_GetRestingPointY	src/applications/frontier/battle_factory/pokeball_sprite.c	called
ov81_02242F94	BattleFactoryAppPokeballSprite_SetAnim	src/applications/frontier/battle_factory/pokeball_sprite.c	called
ov81_02242FB0	BattleFactoryAppPokeballSprite_UpdatePalette	src/applications/frontier/battle_factory/pokeball_sprite.c	called
ov81_02242FBC	BattleFactoryAppCursor_New	src/applications/frontier/battle_factory/cursor.c	between
ov81_02242FC8	BattleFactoryAppCursor_Free	src/applications/frontier/battle_factory/cursor.c	called
ov82_0223DD60	BattleHallApp_Init	src/applications/frontier/battle_hall/main.c	calls
ov82_0223DE20	BattleHallApp_Main	src/applications/frontier/battle_hall/main.c	order
ov82_0223DF74	BattleHallApp_Exit	src/applications/frontier/battle_hall/main.c	order
ov82_0223E070	PrintAppStrings	src/applications/frontier/battle_hall/main.c	order
ov82_0223E2EC	State_SelectNextBattle	src/applications/frontier/battle_hall/main.c	order
ov82_0223E5D4	State_MultiplayerConfirmSelection	src/applications/frontier/battle_hall/main.c	called
ov82_0223E888	State_CloseMessageBox	src/applications/frontier/battle_hall/main.c	order
ov82_0223EBB8	TrainerCase_TeardownBgs	src/applications/trainer_case/main.c	calls
ov82_0223EDF0	LoadMainScreenBackground	src/applications/frontier/battle_hall/main.c	order
ov82_0223EE38	LoadMainBackgroundPalette	src/applications/frontier/records/main.c	calls
ov82_0223EF1C	ov67_0225D37C	src/overlay067/ov67_0225C700.c	calls
ov82_0223EFCC	PrintPokemonsName	src/applications/frontier/battle_hall/main.c	calls
ov82_0223F040	PrintTypeStrings	src/applications/frontier/battle_hall/main.c	calls
ov82_0223F10C	PrintRank	src/applications/frontier/battle_hall/main.c	order
ov82_0223F134	PrintTypesRanks	src/applications/frontier/battle_hall/main.c	called
ov82_0223F2F8	ChangeState	src/applications/poketch/digital_watch/main.c	called
ov82_0223F558	GetCursorX	src/applications/frontier/battle_hall/main.c	order
ov82_0223F570	GetCursorY	src/applications/frontier/battle_hall/main.c	order
ov82_0223F580	GrayOutUnselectableCells	src/applications/frontier/battle_hall/main.c	order
ov82_0223F5E0	ChangeCellBackground	src/applications/frontier/battle_hall/main.c	calls
ov82_0223F6C4	GetCursorPos	src/applications/frontier/battle_hall/main.c	order
ov82_0223F6CC	NextOpponentIsHallMatron	src/applications/frontier/battle_hall/main.c	order
ov82_0223F6E4	IsHallMatronBattleAvailable	src/applications/frontier/battle_hall/main.c	called
ov82_0223F764	BattleHall_DummyCommCommand	src/applications/frontier/battle_hall/main.c	order
ov82_0223F770	CreateTypeSelectionPayload	src/applications/frontier/battle_hall/main.c	calls
ov82_0223F7B4	BattleHall_HandleTypeSelectionMsg	src/applications/frontier/battle_hall/main.c	between
ov82_0223F808	CreateDecisionPayload	src/applications/frontier/battle_hall/main.c	between
ov82_0223F814	BattleHall_HandlePartnerDecisionCmd	src/applications/frontier/battle_hall/main.c	between
ov82_0223F834	FreeYesNoMenu	src/applications/frontier/battle_hall/main.c	called
ov82_0223F84C	DrawMessageWithYesNoMenu	src/applications/frontier/battle_hall/main.c	between
ov82_0223F8E4	DeselectCell	src/applications/frontier/battle_hall/main.c	calls
ov82_0223F90C	DrawMonSpriteAndName	src/applications/frontier/battle_hall/main.c	called
ov82_0223F95C	BattleHallApp_InitSpriteManager	src/applications/frontier/battle_hall/sprite_manager.c	calls
ov82_0223FB08	BattleHallApp_InitSprite	src/applications/frontier/battle_hall/sprite_manager.c	order
ov82_0223FBBC	BattleHallApp_FreeSprites	src/applications/frontier/battle_hall/sprite_manager.c	order
ov82_0223FC14	InitCharPlttTransferBuffers	src/applications/frontier/battle_factory/sprite_manager.c	called
ov82_0223FC48	BattleHallAppSprite_New	src/applications/frontier/battle_hall/sprites.c	order
ov82_0223FC9C	BattleHallAppSprite_Free	src/applications/frontier/battle_hall/sprites.c	order
ov82_0223FCB0	BattleHallAppSprite_SetDrawFlag	src/applications/frontier/battle_hall/sprites.c	called
ov82_0223FCBC	BattleHallAppSprite_SetPosition	src/applications/frontier/battle_hall/sprites.c	order
ov82_0223FCFC	BattleHallAppSprite_SetAnim	src/applications/frontier/battle_hall/sprites.c	called
ov82_0223FDC8	OpenYesNoMenu	src/applications/frontier/battle_factory/main.c	called
ov83_0223DD60	BattleCastleSelfApp_Init	src/applications/frontier/battle_castle/self_app.c	calls
ov83_0223DE60	BattleCastleSelfApp_Main	src/applications/frontier/battle_castle/self_app.c	between
ov83_0223DFBC	BattleCastleSelfApp_Exit	src/applications/frontier/battle_castle/self_app.c	calls
ov83_0223E10C	ShowMainAppDisplay	src/applications/frontier/battle_castle/self_app.c	calls
ov83_0223E14C	State_MainAppFlow	src/applications/frontier/battle_castle/self_app.c	called
ov83_0223EEA0	State_SyncPurchase	src/applications/frontier/battle_castle/self_app.c	calls
ov83_0223EFA4	State_SyncResult	src/applications/frontier/battle_arcade/main.c	calls
ov83_0223FA00	LoadMainBackground	src/applications/frontier/battle_castle/self_app.c	calls
ov83_0223FAA8	ov83_0223FAA8	src/overlay083/ov83_0223F7F4.c	same
ov83_0223FAF0	LoadPalette2	src/applications/frontier/battle_castle/self_app.c	order
ov83_0223FB24	LoadMovesListBackground	src/applications/frontier/battle_castle/self_app.c	order
ov83_0223FBEC	LoadItemSelectBackground	src/applications/frontier/battle_castle/self_app.c	order
ov83_0223FC48	PrintItemName	src/applications/frontier/battle_castle/self_app.c	calls
ov83_0223FCB4	PrintLeftAlignedMessage	src/applications/frontier/battle_castle/self_app.c	called
ov83_0223FD4C	PrintPokemonSummary	src/applications/frontier/battle_castle/self_app.c	called
ov83_0223FF20	PrintStaticMessage	src/applications/frontier/battle_castle/self_app.c	between
ov83_0223FF44	ov83_0223FF44	src/overlay083/ov83_0223F7F4.c	same
ov83_0223FFD8	PrintMoveInfo	src/applications/frontier/battle_castle/self_app.c	order
ov83_02240170	PrintAllMonsLevelAndGender	src/applications/frontier/battle_castle/self_app.c	order
ov83_022401A4	PrintMonLevelAndGender	src/applications/frontier/battle_castle/self_app.c	calls
ov83_02240238	UpdateHP	src/applications/frontier/battle_castle/self_app.c	calls
ov83_02240290	PrintMonSelectionStrings	src/applications/frontier/battle_castle/self_app.c	called
ov83_022402F4	CloseMonSelectionMessageBox	src/applications/frontier/battle_castle/self_app.c	order
ov83_02240334	CloseMonOptions	src/applications/frontier/battle_castle/self_app.c	order
ov83_02240348	OpenHealMenu	src/applications/frontier/battle_castle/self_app.c	order
ov83_0224037C	FreeListMenu2	src/applications/frontier/battle_castle/self_app.c	order
ov83_02240384	OpenRentalMenu	src/applications/frontier/battle_castle/self_app.c	order
ov83_022403B8	FreeListMenu3	src/applications/frontier/battle_castle/self_app.c	order
ov83_022403C0	OpenItemSelectScreen	src/applications/frontier/battle_castle/self_app.c	order
ov83_02240514	FreeItemSelect	src/applications/frontier/battle_castle/self_app.c	order
ov83_0224088C	InitMonOptionsMenu	src/applications/frontier/battle_castle/self_app.c	order
ov83_02240B54	DrawPlayerInfoOnItemSelectMenu	src/applications/frontier/battle_castle/self_app.c	called
ov83_02240C6C	SetStringTemplatePlayerName	src/applications/frontier/battle_castle/self_app.c	order
ov83_02240C8C	PrintPlayerName	src/applications/frontier/battle_castle/self_app.c	order
ov83_02240D64	PrintGenderSymbol	src/applications/frontier/battle_castle/self_app.c	order
ov83_02240DB0	UpdateCursorPosition	src/choose_starter/choose_starter_app.c	called
ov83_02240E70	GetCursorSpritePos	src/applications/frontier/battle_castle/self_app.c	order
ov83_02240EC4	GetItemPriceFromListPos	src/applications/frontier/battle_castle/self_app.c	order
ov83_02240EF8	GetItemPrice	src/applications/frontier/battle_castle/self_app.c	called
ov83_02240F48	GetItemIDFromListPos	src/applications/frontier/battle_castle/self_app.c	order
ov83_02240F7C	GetOffsetsForPlayerInfo	src/applications/frontier/battle_castle/self_app.c	order
ov83_02240FAC	UpdateAfterPurchase	src/applications/frontier/battle_castle/self_app.c	order
ov83_022411B0	GetPokeIconAnimID	src/applications/frontier/battle_castle/self_app.c	order
ov83_022411DC	GetHpBarAnimID	src/applications/frontier/battle_castle/self_app.c	order
ov83_02241208	ChangeSelectedMonOnSummaryDisplay	src/applications/frontier/battle_castle/self_app.c	order
ov83_02241254	ChangeSelectedMonOnMoveDisplay	src/applications/frontier/battle_castle/self_app.c	order
ov83_022412A0	CloseAllSubDisplays	src/applications/frontier/battle_castle/self_app.c	called
ov83_022412DC	IsMonMissingPP	src/applications/frontier/battle_castle/self_app.c	order
ov83_02241354	CloseMessageBox	src/applications/frontier/battle_castle/self_app.c	order
ov83_022413C4	CreatePlayerInfoPayload	src/applications/frontier/battle_castle/self_app.c	calls
ov83_0224140C	BattleCastleSelfApp_HandlePlayerInfoCmd	src/applications/frontier/battle_castle/self_app.c	order
ov83_0224143C	CreatePurchaseInfoPayload	src/applications/frontier/battle_castle/self_app.c	order
ov83_02241474	BattleCastleSelfApp_HandlePurchaseInfoCmd	src/applications/frontier/battle_castle/self_app.c	order
ov83_022414CC	CreateUpdateCursorPayload	src/applications/frontier/battle_castle/self_app.c	order
ov83_022414DC	BattleCastleSelfApp_HandleUpdateCursorCmd	src/applications/frontier/battle_castle/self_app.c	between
ov83_02241504	CreateExitAppPayload	src/applications/frontier/battle_castle/self_app.c	order
ov83_02241510	BattleCastleSelfApp_HandleExitAppCmd	src/applications/frontier/battle_castle/self_app.c	order
ov83_0224152C	ApplyItemEffect	src/applications/frontier/battle_castle/self_app.c	order
ov83_0224153C	PrintPlayersAndPartnersNames	src/applications/frontier/battle_castle/self_app.c	order
ov83_022415F4	HealPokemon	src/applications/frontier/battle_castle/self_app.c	called
ov83_022416A0	RentItem	src/applications/frontier/battle_castle/self_app.c	called
ov83_02241730	CloseYesNoMenu	src/applications/frontier/battle_castle/self_app.c	called
ov83_02241770	PrintPlayersAndPartnersCastlePoints	src/applications/frontier/battle_castle/self_app.c	called
ov83_022418E8	SpendCastlePointsInSync	src/applications/frontier/battle_castle/self_app.c	order
ov83_02241A60	ShowMonSummary	src/applications/frontier/battle_castle/self_app.c	order
ov83_02241ABC	ShowMovesList	src/applications/frontier/battle_castle/self_app.c	order
ov83_02241B18	CloseSummaryScreen	src/applications/frontier/battle_castle/self_app.c	called
ov83_02241B30	UpdatePokemonGraphics	src/applications/frontier/battle_castle/self_app.c	order
ov83_02241BC4	IncreaseRank	src/applications/frontier/battle_castle/self_app.c	order
ov83_02242D5C	FreeListMenu	src/applications/frontier/battle_castle/self_app.c	called
ov83_02242DFC	InitHealMenu	src/applications/frontier/battle_castle/self_app.c	called
ov83_02242FE8	BattleCastleOpponentApp_Init	src/applications/frontier/battle_castle/opponent_app.c	order
ov83_02243108	BattleCastleOpponentApp_Main	src/applications/frontier/battle_castle/opponent_app.c	between
ov83_02243268	BattleCastleOpponentApp_Exit	src/applications/frontier/battle_castle/opponent_app.c	order
ov83_022433B8	ShowAppMainDisplay	src/applications/frontier/battle_castle/opponent_app.c	order
ov83_02244394	OpenLevelMenu	src/applications/frontier/battle_castle/opponent_app.c	order
ov83_02244704	LoadSummaryBackground	src/applications/frontier/battle_castle/self_app.c	calls
ov83_02244A74	SetSummaryMenuEntryColor	src/applications/frontier/battle_castle/opponent_app.c	order
ov83_02244C9C	OpenSummaryMenu	src/applications/frontier/battle_castle/opponent_app.c	order
ov83_02244D0C	UpdateCursorSprite	src/applications/frontier/battle_castle/self_app.c	called
ov83_02244F60	UpdateAfterSyncPurchase	src/applications/frontier/battle_castle/opponent_app.c	order
ov83_02245068	GetCostOfLevelAdjustment	src/applications/frontier/battle_castle/opponent_app.c	order
ov83_0224517C	BattleCastleOpponentApp_HandlePlayerInfoCmd	src/applications/frontier/battle_castle/opponent_app.c	order
ov83_022451B8	BattleCastleOpponentApp_HandlePurchaseInfoCmd	src/applications/frontier/battle_castle/opponent_app.c	order
ov83_02245220	BattleCastleOpponentApp_HandleUpdateCursorCmd	src/applications/frontier/battle_castle/opponent_app.c	order
ov83_02245254	BattleCastleOpponentApp_HandleExitAppCmd	src/applications/frontier/battle_castle/opponent_app.c	order
ov83_02245270	UnlockStatsForSlot	src/applications/frontier/battle_castle/opponent_app.c	order
ov83_02245288	BuyStatsDisplay	src/applications/frontier/battle_castle/opponent_app.c	between
ov83_02245300	UnlockMovesForSlot	src/applications/frontier/battle_castle/opponent_app.c	order
ov83_02245318	BuyMovesListDisplay	src/applications/frontier/battle_castle/opponent_app.c	order
ov83_022453C0	DrawMessageBox	src/applications/frontier/battle_castle/opponent_app.c	order
ov83_02245748	RevealPokemonInSlot	src/applications/frontier/battle_castle/opponent_app.c	order
ov83_02245838	UpdateLevelAdjustment	src/applications/frontier/battle_castle/opponent_app.c	order
ov83_02245C80	UpdateAllFlagSprites	src/applications/frontier/battle_castle/opponent_app.c	order
ov83_02245CA8	UpdateFlagSprites	src/applications/frontier/battle_castle/opponent_app.c	order
ov83_02245CE8	GetFlagSpritesOffsets	src/applications/frontier/battle_castle/opponent_app.c	order
ov83_02246B6C	PrintLeftAlignedMessageWithBg	src/applications/frontier/battle_castle/self_app.c	called
ov83_02246D40	InitSummaryMenu	src/applications/frontier/battle_castle/opponent_app.c	called
ov85_021E5900	ov109_021D0D80	src/overlay109/ov109_021D0D80.c	calls
ov85_021E5A34	ov109_021D0EB4	src/overlay109/ov109_021D0D80.c	between
ov85_021E5AAC	ov109_021D0F2C	src/overlay109/ov109_021D0D80.c	between
ov85_021E5AF0	ov109_021D0F70	src/overlay109/ov109_021D0D80.c	between
ov85_021E5AF8	ov109_021D0F78	src/overlay109/ov109_021D0D80.c	between
ov85_021E5B0C	ov109_021D0F8C	src/overlay109/ov109_021D0D80.c	calls
ov85_021E5B30	ov109_021D0FB0	src/overlay109/ov109_021D0D80.c	between
ov85_021E5B48	ov109_021D0FC8	src/overlay109/ov109_021D0D80.c	between
ov85_021E5B78	ov109_021D0FF8	src/overlay109/ov109_021D0D80.c	between
ov85_021E5B98	ov109_021D1018	src/overlay109/ov109_021D0D80.c	between
ov85_021E5BC8	ov109_021D1048	src/overlay109/ov109_021D0D80.c	between
ov85_021E5C58	ov109_021D10D8	src/overlay109/ov109_021D0D80.c	between
ov85_021E5C80	ov109_021D1100	src/overlay109/ov109_021D0D80.c	between
ov85_021E5CA4	ov109_021D1124	src/overlay109/ov109_021D0D80.c	between
ov85_021E5CD0	ov109_021D1150	src/overlay109/ov109_021D0D80.c	between
ov85_021E5CE4	ov109_021D1164	src/overlay109/ov109_021D0D80.c	between
ov85_021E5CFC	ov109_021D117C	src/overlay109/ov109_021D0D80.c	between
ov85_021E5D20	ov109_021D11A0	src/overlay109/ov109_021D0D80.c	between
ov85_021E5D3C	ov109_021D11BC	src/overlay109/ov109_021D0D80.c	between
ov85_021E5D84	ov109_021D1204	src/overlay109/ov109_021D0D80.c	between
ov85_021E5DAC	ov109_021D122C	src/overlay109/ov109_021D0D80.c	between
ov85_021E5E30	ov109_021D12B0	src/overlay109/ov109_021D0D80.c	between
ov85_021E5EB4	ov109_021D1334	src/overlay109/ov109_021D0D80.c	between
ov85_021E5EE8	ov109_021D1368	src/overlay109/ov109_021D0D80.c	between
ov85_021E5F10	ov109_021D1390	src/overlay109/ov109_021D0D80.c	between
ov85_021E5F3C	ov109_021D13BC	src/overlay109/ov109_021D0D80.c	between
ov85_021E5F58	ov109_021D13D8	src/overlay109/ov109_021D0D80.c	between
ov85_021E5F6C	ov109_021D13EC	src/overlay109/ov109_021D0D80.c	between
ov85_021E5F84	ov109_021D1404	src/overlay109/ov109_021D0D80.c	between
ov85_021E5F9C	ov109_021D141C	src/overlay109/ov109_021D0D80.c	between
ov85_021E5FD0	ov109_021D1450	src/overlay109/ov109_021D0D80.c	between
ov85_021E5FE0	ov109_021D1460	src/overlay109/ov109_021D0D80.c	between
ov85_021E60F0	ov109_021D1570	src/overlay109/ov109_021D0D80.c	between
ov85_021E61C8	ov109_021D1648	src/overlay109/ov109_021D0D80.c	calls
ov85_021E61FC	ov109_021D167C	src/overlay109/ov109_021D0D80.c	calls
ov85_021E6224	ov109_021D16A4	src/overlay109/ov109_021D0D80.c	between
ov85_021E62A0	ov109_021D1720	src/overlay109/ov109_021D0D80.c	between
ov85_021E62B4	ov109_021D1734	src/overlay109/ov109_021D0D80.c	calls
ov85_021E62D8	ov109_021D1758	src/overlay109/ov109_021D0D80.c	between
ov85_021E636C	ov109_021D17EC	src/overlay109/ov109_021D0D80.c	between
ov85_021E63D8	ov109_021D1858	src/overlay109/ov109_021D0D80.c	between
ov85_021E6420	ov109_021D18A0	src/overlay109/ov109_021D0D80.c	between
ov85_021E6474	ov109_021D18F4	src/overlay109/ov109_021D0D80.c	between
ov85_021E6498	ov109_021D1918	src/overlay109/ov109_021D0D80.c	between
ov85_021E652C	ov109_021D19AC	src/overlay109/ov109_021D0D80.c	between
ov85_021E6550	ov109_021D19D0	src/overlay109/ov109_021D0D80.c	between
ov85_021E657C	ov109_021D19FC	src/overlay109/ov109_021D0D80.c	between
ov85_021E6594	ov109_021D1A14	src/overlay109/ov109_021D0D80.c	calls
ov85_021E65D4	ov109_021D1A6C	src/overlay109/ov109_021D0D80.c	calls
ov85_021E6610	ov109_021D1AA8	src/overlay109/ov109_021D0D80.c	order
ov85_021E6644	ov109_021D1ADC	src/overlay109/ov109_021D0D80.c	order
ov85_021E6658	ov109_021D1AF0	src/overlay109/ov109_021D0D80.c	order
ov85_021E6674	ov109_021D1B0C	src/overlay109/ov109_021D0D80.c	order
ov85_021E6694	ov109_021D1B2C	src/overlay109/ov109_021D0D80.c	order
ov85_021E66F4	ov109_021D1B8C	src/overlay109/ov109_021D0D80.c	order
ov85_021E670C	ov109_021D1BA4	src/overlay109/ov109_021D0D80.c	between
ov85_021E6748	ov109_021D1BE4	src/overlay109/ov109_021D0D80.c	order
ov85_021E6760	ov109_021D1BFC	src/overlay109/ov109_021D0D80.c	order
ov85_021E678C	ov109_021D1C28	src/overlay109/ov109_021D0D80.c	called
ov85_021E67CC	ov109_021D1C68	src/overlay109/ov109_021D0D80.c	between
ov85_021E67F4	ov109_021D1C90	src/overlay109/ov109_021D0D80.c	calls
ov85_021E6854	ov109_021D1CF0	src/overlay109/ov109_021D0D80.c	order
ov85_021E6874	ov109_021D1DC8	src/overlay109/ov109_021D0D80.c	calls
ov85_021E692C	DisableAllLayers	src/applications/title_screen.c	calls
ov85_021E6A2C	ov109_021D1EC8	src/overlay109/ov109_021D0D80.c	order
ov85_021E6B68	ov109_021D2004	src/overlay109/ov109_021D0D80.c	order
ov85_021E6D68	ov109_021D2204	src/overlay109/ov109_021D0D80.c	called
ov85_021E6DAC	ov109_021D2248	src/overlay109/ov109_021D0D80.c	called
ov85_021E6DF0	ov109_021D228C	src/overlay109/ov109_021D0D80.c	order
ov85_021E6DFC	ov109_021D2298	src/overlay109/ov109_021D0D80.c	order
ov85_021E6E08	ov109_021D22A4	src/overlay109/ov109_021D0D80.c	order
ov85_021E6EA8	ov109_021D2344	src/overlay109/ov109_021D0D80.c	called
ov85_021E6ECC	ov109_021D2368	src/overlay109/ov109_021D0D80.c	order
ov85_021E6F6C	ov109_021D2408	src/overlay109/ov109_021D0D80.c	calls
ov85_021E7024	ov109_021D24C0	src/overlay109/ov109_021D0D80.c	called
ov85_021E7044	ov109_021D24E0	src/overlay109/ov109_021D0D80.c	between
ov85_021E705C	ov109_021D24F8	src/overlay109/ov109_021D0D80.c	between
ov85_021E7148	ov109_021D25E8	src/overlay109/ov109_021D0D80.c	called
ov85_021E7194	ov109_021D2634	src/overlay109/ov109_021D0D80.c	called
ov85_021E71EC	ov109_021D268C	src/overlay109/ov109_021D0D80.c	called
ov85_021E7274	ov109_021D2714	src/overlay109/ov109_021D0D80.c	between
ov85_021E72E8	ov109_021D2788	src/overlay109/ov109_021D0D80.c	called
ov85_021E730C	ov109_021D27AC	src/overlay109/ov109_021D0D80.c	between
ov85_021E7350	ov109_021D27F0	src/overlay109/ov109_021D0D80.c	between
ov85_021E7380	ov109_021D2820	src/overlay109/ov109_021D0D80.c	calls
ov85_021E73D4	ov109_021D2874	src/overlay109/ov109_021D0D80.c	between
ov85_021E7400	ov109_021D28A0	src/overlay109/ov109_021D0D80.c	called
ov85_021E7424	ov109_021D28C4	src/overlay109/ov109_021D0D80.c	calls
ov85_021E749C	ov109_021D293C	src/overlay109/ov109_021D0D80.c	called
ov85_021E74AC	ov109_021D294C	src/overlay109/ov109_021D0D80.c	between
ov85_021E74F0	ov109_021D2990	src/overlay109/ov109_021D0D80.c	between
ov85_021E750C	ov109_021D29AC	src/overlay109/ov109_021D0D80.c	called
ov85_021E752C	ov109_021D29CC	src/overlay109/ov109_021D0D80.c	called
ov85_021E75B8	ov109_021D2A58	src/overlay109/ov109_021D0D80.c	between
ov85_021E75C8	ov109_021D2A68	src/overlay109/ov109_021D0D80.c	between
ov85_021E7628	ov109_021D2AC8	src/overlay109/ov109_021D0D80.c	between
ov85_021E7644	ov109_021D2AE4	src/overlay109/ov109_021D0D80.c	called
ov85_021E7650	ov109_021D2AF0	src/overlay109/ov109_021D0D80.c	called
ov85_021E7658	ov109_021D2AF8	src/overlay109/ov109_021D0D80.c	between
ov85_021E7660	ov109_021D2B00	src/overlay109/ov109_021D0D80.c	between
ov85_021E7734	ov109_021D2BD4	src/overlay109/ov109_021D0D80.c	called
ov85_021E776C	ov109_021D2C0C	src/overlay109/ov109_021D0D80.c	between
ov85_021E7798	ov109_021D2C38	src/overlay109/ov109_021D0D80.c	between
ov85_021E782C	ov109_021D2CCC	src/overlay109/ov109_021D0D80.c	between
ov85_021E78A4	ov109_021D2D44	src/overlay109/ov109_021D0D80.c	called
ov85_021E78D8	ov109_021D2D78	src/overlay109/ov109_021D0D80.c	called
ov85_021E7958	ov109_021D2DF8	src/overlay109/ov109_021D0D80.c	called
ov85_021E7A20	ov109_021D2EC0	src/overlay109/ov109_021D0D80.c	called
ov85_021E7A54	ov109_021D2EF4	src/overlay109/ov109_021D0D80.c	called
ov85_021E7AC8	ov109_021D2F68	src/overlay109/ov109_021D0D80.c	called
ov85_021E7B04	ov109_021D2FA4	src/overlay109/ov109_021D0D80.c	called
ov85_021E7B40	ov109_021D2FE0	src/overlay109/ov109_021D0D80.c	between
ov85_021E7B8C	ov109_021D302C	src/overlay109/ov109_021D0D80.c	between
ov85_021E7BC0	ov109_021D3060	src/overlay109/ov109_021D0D80.c	between
ov85_021E7BEC	ov109_021D308C	src/overlay109/ov109_021D0D80.c	between
ov85_021E7C2C	ov109_021D30CC	src/overlay109/ov109_021D0D80.c	between
ov85_021E7C70	ov109_021D3110	src/overlay109/ov109_021D0D80.c	between
ov85_021E7CE0	ov109_021D3180	src/overlay109/ov109_021D0D80.c	between
ov85_021E7D08	ov109_021D31A8	src/overlay109/ov109_021D0D80.c	called
ov85_021E7D40	ov109_021D31E0	src/overlay109/ov109_021D0D80.c	between
ov85_021E7D50	ov109_021D31F0	src/overlay109/ov109_021D0D80.c	between
ov85_021E7D78	ov109_021D3218	src/overlay109/ov109_021D0D80.c	between
ov85_021E7DA8	ov109_021D3248	src/overlay109/ov109_021D0D80.c	between
ov85_021E7DC8	ov109_021D3268	src/overlay109/ov109_021D0D80.c	between
ov85_021E7E18	ov109_021D32B8	src/overlay109/ov109_021D0D80.c	between
ov85_021E7E3C	ov109_021D32DC	src/overlay109/ov109_021D0D80.c	called
ov85_021E7E78	ov109_021D3318	src/overlay109/ov109_021D0D80.c	between
ov85_021E7E88	ov109_021D3328	src/overlay109/ov109_021D0D80.c	called
ov85_021E7ED0	ov109_021D3370	src/overlay109/ov109_021D0D80.c	between
ov85_021E7F50	ov109_021D33F0	src/overlay109/ov109_021D0D80.c	between
ov85_021E7F74	ov109_021D3414	src/overlay109/ov109_021D0D80.c	called
ov85_021E7FB0	ov109_021D3450	src/overlay109/ov109_021D0D80.c	between
ov85_021E7FC0	ov109_021D3460	src/overlay109/ov109_021D0D80.c	called
ov85_021E8008	ov109_021D34A8	src/overlay109/ov109_021D0D80.c	between
ov85_021E80D0	ov109_021D3574	src/overlay109/ov109_021D0D80.c	between
ov85_021E80E0	ov109_021D3584	src/overlay109/ov109_021D0D80.c	called
ov85_021E8118	ov109_021D35BC	src/overlay109/ov109_021D0D80.c	between
ov85_021E8128	ov109_021D35CC	src/overlay109/ov109_021D0D80.c	called
ov85_021E8144	ov109_021D35E8	src/overlay109/ov109_021D0D80.c	called
ov85_021E8150	ov109_021D35F4	src/overlay109/ov109_021D0D80.c	called
ov85_021E815C	ov109_021D3600	src/overlay109/ov109_021D0D80.c	calls
ov85_021E81E0	ov109_021D3684	src/overlay109/ov109_021D0D80.c	called
ov85_021E825C	ov109_021D3700	src/overlay109/ov109_021D0D80.c	between
ov85_021E82E4	ov109_021D3788	src/overlay109/ov109_021D0D80.c	between
ov85_021E82F8	ov109_021D379C	src/overlay109/ov109_021D0D80.c	called
ov85_021E833C	ov109_021D37E0	src/overlay109/ov109_021D0D80.c	between
ov85_021E834C	ov109_021D37F0	src/overlay109/ov109_021D0D80.c	called
ov85_021E8358	ov109_021D37FC	src/overlay109/ov109_021D0D80.c	called
ov85_021E8374	ov109_021D3818	src/overlay109/ov109_021D0D80.c	between
ov85_021E83C0	ov109_021D3864	src/overlay109/ov109_021D0D80.c	between
ov85_021E83E0	ov109_021D3884	src/overlay109/ov109_021D0D80.c	called
ov85_021E8418	ov109_021D38BC	src/overlay109/ov109_021D0D80.c	between
ov85_021E8428	ov109_021D38CC	src/overlay109/ov109_021D0D80.c	between
ov85_021E8454	ov109_021D38F8	src/overlay109/ov109_021D0D80.c	between
ov85_021E84A4	ov109_021D3948	src/overlay109/ov109_021D0D80.c	between
ov85_021E84EC	ov109_021D3990	src/overlay109/ov109_021D0D80.c	called
ov85_021E8530	ov109_021D39D4	src/overlay109/ov109_021D0D80.c	called
ov85_021E8558	ov109_021D39FC	src/overlay109/ov109_021D0D80.c	called
ov85_021E8570	ov109_021D3A14	src/overlay109/ov109_021D0D80.c	called
ov85_021E8588	ov109_021D3A2C	src/overlay109/ov109_021D0D80.c	called
ov85_021E85C4	ov109_021D3A68	src/overlay109/ov109_021D0D80.c	called
ov85_021E85CC	ov109_021D3A70	src/overlay109/ov109_021D0D80.c	called
ov85_021E85F0	ov109_021D3A94	src/overlay109/ov109_021D0D80.c	called
ov85_021E8610	ov109_021D3AB4	src/overlay109/ov109_021D0D80.c	between
ov85_021E8614	ov109_021D3AB8	src/overlay109/ov109_021D0D80.c	called
ov85_021E8628	ov109_021D3ACC	src/overlay109/ov109_021D0D80.c	called
ov85_021E8660	ov109_021D3B04	src/overlay109/ov109_021D0D80.c	called
ov85_021E8680	ov109_021D3B24	src/overlay109/ov109_021D0D80.c	called
ov85_021E86AC	ov109_021D3B50	src/overlay109/ov109_021D0D80.c	called
ov85_021E86B0	ov109_021D3B54	src/overlay109/ov109_021D0D80.c	called
ov85_021E86CC	ov109_021D3B70	src/overlay109/ov109_021D0D80.c	called
ov85_021E8720	ov109_021D3BC4	src/overlay109/ov109_021D0D80.c	called
ov85_021E8740	ov109_021D3BE4	src/overlay109/ov109_021D0D80.c	called
ov85_021E8748	ov109_021D3BEC	src/overlay109/ov109_021D0D80.c	called
ov85_021E8764	ov109_021D3C08	src/overlay109/ov109_021D0D80.c	between
ov85_021E87F0	ov109_021D3C94	src/overlay109/ov109_021D0D80.c	between
ov85_021E8834	ov109_021D3CD8	src/overlay109/ov109_021D0D80.c	called
ov85_021E8878	ov109_021D3D1C	src/overlay109/ov109_021D0D80.c	called
ov85_021E8898	ov109_021D3D3C	src/overlay109/ov109_021D0D80.c	called
ov85_021E88AC	ov109_021D3D50	src/overlay109/ov109_021D3D50.c	between
ov85_021E8A08	ov109_021D3EB0	src/overlay109/ov109_021D3D50.c	between
ov85_021E8B08	ov109_021D3F9C	src/overlay109/ov109_021D3D50.c	calls
ov85_021E8BB0	ov109_021D4044	src/overlay109/ov109_021D3D50.c	between
ov85_021E8C14	ov109_021D40A8	src/overlay109/ov109_021D3D50.c	between
ov85_021E8C3C	ov109_021D40D0	src/overlay109/ov109_021D3D50.c	between
ov85_021E8C5C	ov109_021D40F0	src/overlay109/ov109_021D3D50.c	between
ov85_021E8D64	ov109_021D41F8	src/overlay109/ov109_021D3D50.c	between
ov85_021E8E00	ov109_021D4294	src/overlay109/ov109_021D3D50.c	between
ov85_021E8E38	ov109_021D42CC	src/overlay109/ov109_021D3D50.c	between
ov85_021E8E6C	ov109_021D4300	src/overlay109/ov109_021D3D50.c	between
ov85_021E8F58	ov109_021D43EC	src/overlay109/ov109_021D3D50.c	between
ov85_021E8F88	ov109_021D441C	src/overlay109/ov109_021D3D50.c	between
ov85_021E9084	ov109_021D4518	src/overlay109/ov109_021D3D50.c	calls
ov85_021E9160	ov109_021D45F4	src/overlay109/ov109_021D3D50.c	calls
ov85_021E9244	ov109_021D46D8	src/overlay109/ov109_021D3D50.c	calls
ov85_021E9288	ov109_021D471C	src/overlay109/ov109_021D3D50.c	between
ov85_021E92B8	ov109_021D474C	src/overlay109/ov109_021D3D50.c	between
ov85_021E92F8	ov109_021D478C	src/overlay109/ov109_021D3D50.c	between
ov85_021E9324	ov109_021D47B8	src/overlay109/ov109_021D3D50.c	called
ov85_021E943C	ov109_021D48D0	src/overlay109/ov109_021D3D50.c	called
ov85_021E9440	ov109_021D48D4	src/overlay109/ov109_021D3D50.c	between
ov85_021E9458	ov109_021D48EC	src/overlay109/ov109_021D3D50.c	called
ov85_021E9468	ov109_021D48FC	src/overlay109/ov109_021D3D50.c	between
ov85_021E948C	ov109_021D4920	src/overlay109/ov109_021D3D50.c	between
ov85_021E94BC	ov109_021D4950	src/overlay109/ov109_021D3D50.c	between
ov85_021E94EC	ov109_021D4980	src/overlay109/ov109_021D3D50.c	between
ov85_021E9614	ov109_021D4AA8	src/overlay109/ov109_021D3D50.c	between
ov85_021E962C	ov109_021D4AC0	src/overlay109/ov109_021D3D50.c	between
ov85_021E96B0	ov109_021D4B44	src/overlay109/ov109_021D3D50.c	between
ov85_021E96D0	ov109_021D4B64	src/overlay109/ov109_021D3D50.c	between
ov85_021E9700	ov109_021D4B94	src/overlay109/ov109_021D3D50.c	between
ov85_021E97B8	ov109_021D4C4C	src/overlay109/ov109_021D3D50.c	between
ov85_021E97E8	ov109_021D4C7C	src/overlay109/ov109_021D3D50.c	between
ov85_021E9814	ov109_021D4CA8	src/overlay109/ov109_021D3D50.c	between
ov85_021E9834	ov109_021D4CC8	src/overlay109/ov109_021D3D50.c	between
ov85_021E9864	ov109_021D4D20	src/overlay109/ov109_021D3D50.c	calls
ov85_021E98C4	ov109_021D4D80	src/overlay109/ov109_021D3D50.c	between
ov85_021E98E0	ov109_021D4D9C	src/overlay109/ov109_021D3D50.c	calls
ov85_021E9900	ov109_021D4DBC	src/overlay109/ov109_021D3D50.c	calls
ov85_021E993C	ov109_021D4DF8	src/overlay109/ov109_021D3D50.c	between
ov85_021E996C	ov109_021D4E28	src/overlay109/ov109_021D3D50.c	calls
ov85_021E9A1C	ov109_021D4ED8	src/overlay109/ov109_021D3D50.c	calls
ov85_021E9A6C	ov109_021D4F28	src/overlay109/ov109_021D3D50.c	between
ov85_021E9A90	ov109_021D4F4C	src/overlay109/ov109_021D3D50.c	calls
ov85_021E9AB0	ov109_021D4F6C	src/overlay109/ov109_021D3D50.c	between
ov85_021E9AF0	ov109_021D4FAC	src/overlay109/ov109_021D3D50.c	calls
ov85_021E9B1C	ov109_021D4FD8	src/overlay109/ov109_021D3D50.c	between
ov85_021E9B40	ov109_021D4FFC	src/overlay109/ov109_021D3D50.c	calls
ov85_021E9BA0	ov109_021D505C	src/overlay109/ov109_021D3D50.c	calls
ov85_021E9BDC	ov109_021D5098	src/overlay109/ov109_021D3D50.c	calls
ov85_021E9C50	ov109_021D510C	src/overlay109/ov109_021D3D50.c	calls
ov85_021E9C84	ov109_021D5140	src/overlay109/ov109_021D3D50.c	calls
ov85_021E9D9C	ov109_021D5258	src/overlay109/ov109_021D3D50.c	called
ov85_021E9E58	ov109_021D5314	src/overlay109/ov109_021D3D50.c	called
ov85_021E9EA4	ov109_021D5360	src/overlay109/ov109_021D3D50.c	called
ov85_021E9EC0	ov109_021D537C	src/overlay109/ov109_021D3D50.c	between
ov85_021E9FCC	ov109_021D5488	src/overlay109/ov109_021D3D50.c	called
ov85_021E9FD0	ov109_021D548C	src/overlay109/ov109_021D3D50.c	called
ov85_021E9FEC	ov109_021D54A8	src/overlay109/ov109_021D3D50.c	between
ov85_021EA010	ov109_021D54CC	src/overlay109/ov109_021D3D50.c	between
ov85_021EA0EC	ov109_021D55A8	src/overlay109/ov109_021D3D50.c	called
ov85_021EA17C	ov109_021D5638	src/overlay109/ov109_021D3D50.c	called
ov85_021EA19C	ov109_021D5658	src/overlay109/ov109_021D3D50.c	called
ov85_021EA1AC	ov109_021D5668	src/overlay109/ov109_021D3D50.c	between
ov85_021EA2C0	ov109_021D577C	src/overlay109/ov109_021D3D50.c	called
ov85_021EA324	ov109_021D57E0	src/overlay109/ov109_021D3D50.c	between
ov85_021EA368	ov109_021D5824	src/overlay109/ov109_021D3D50.c	called
ov85_021EA398	ov109_021D5854	src/overlay109/ov109_021D3D50.c	between
ov85_021EA39C	ov109_021D5858	src/overlay109/ov109_021D3D50.c	called
ov85_021EA3F0	ov109_021D58AC	src/overlay109/ov109_021D3D50.c	calls
ov85_021EA4EC	ov109_021D59A8	src/overlay109/ov109_021D3D50.c	called
ov86_021E5AA4	BattleFrontierRecordsApp_Exit	src/applications/frontier/records/main.c	calls
ov86_021E5B38	State_ViewRecord	src/applications/frontier/records/main.c	order
ov86_021E5E98	GetWindowGroup	src/applications/frontier/records/main.c	order
ov86_021E5F58	LoadSubBackground	src/applications/frontier/records/main.c	calls
ov86_021E60B8	DisplayRecords	src/applications/frontier/records/main.c	order
ov86_021E6114	DisplayBattleFactoryLevel50Record	src/applications/frontier/records/main.c	called
ov86_021E62F4	DisplayBattleFactoryOpenLevelRecord	src/applications/frontier/records/main.c	called
ov86_021E6484	GetBattleFactoryLatestStreakEntryID	src/applications/frontier/records/main.c	between
ov86_021E64E0	DisplayBattleHallRecord	src/applications/frontier/records/main.c	called
ov86_021E66D0	DisplayBattleCastleRecord	src/applications/frontier/records/main.c	called
ov86_021E68B8	GetBattleCastleLatestStreakEntryID	src/applications/frontier/records/main.c	between
ov86_021E690C	DisplayBattleArcadeRecord	src/applications/frontier/records/main.c	called
ov86_021E6A34	GetBattleArcadeLatestStreakEntryID	src/applications/frontier/records/main.c	between
ov86_021E6A88	DisplayBattleTowerSoloRecord	src/applications/frontier/records/main.c	called
ov86_021E6BA8	DisplayBattleTowerMultiRecord	src/applications/frontier/records/main.c	called
ov86_021E6DD8	GetBattleTowerLatestStreakEntryID	src/applications/frontier/records/main.c	calls
ov86_021E757C	ov17_0224C640	src/overlay017/ov17_0224A0FC.c	calls
ov86_021E7DD4	PartyMenu_CopyMemberWindowToVRAM	src/applications/party_menu/windows.c	calls
ov87_021E5B48	State_BringInSelectableCards	src/applications/scratch_off_cards/main.c	calls
ov87_021E5C38	State_SelectCard	src/applications/scratch_off_cards/main.c	calls
ov87_021E5CEC	State_PullOutSelectedCard	src/applications/scratch_off_cards/main.c	calls
ov87_021E5E00	State_SetupScratchCard	src/applications/scratch_off_cards/main.c	calls
ov87_021E6080	State_ScratchCard	src/applications/scratch_off_cards/main.c	called
ov87_021E64F8	State_SlideAwayScratchCard	src/applications/scratch_off_cards/main.c	calls
ov87_021E6668	InitMatchingCellBoxSprites	src/applications/scratch_off_cards/main.c	called
ov87_021E66B8	InitWinningPopupMonSprites	src/applications/scratch_off_cards/main.c	called
ov87_021E6704	InitBottomScreenBoxSprites	src/applications/scratch_off_cards/main.c	calls
ov87_021E6760	FreeCardSprites	src/applications/scratch_off_cards/main.c	called
ov87_021E6780	FreeAssets	src/applications/frontier/tower_records.c	called
ov87_021E6AE0	NewYesNoMenu	src/applications/scratch_off_cards/main.c	order
ov87_021E6DBC	LoadDefaultTopScreenBackground	src/applications/scratch_off_cards/main.c	order
ov87_021E6E00	LoadCardTopScreenBackground	src/applications/scratch_off_cards/main.c	order
ov87_021E6E78	LoadBottomScreenPalette	src/applications/scratch_off_cards/main.c	order
ov87_021E6EB0	LoadCardBottomScreenBackground	src/applications/scratch_off_cards/main.c	order
ov87_021E6EF4	LoadScratchCellsBackground	src/applications/scratch_off_cards/main.c	order
ov87_021E6F98	PrintCenteredMessage	src/applications/scratch_off_cards/main.c	calls
ov87_021E7008	PrintStopScratchingMessage	src/applications/scratch_off_cards/main.c	between
ov87_021E7048	PrintSelectCardMessage	src/applications/scratch_off_cards/main.c	called
ov87_021E708C	PrintStartCardMessage	src/applications/scratch_off_cards/main.c	calls
ov87_021E70D0	ShowWinPopup	src/applications/scratch_off_cards/main.c	calls
ov87_021E7134	PrintTooBadMessage	src/applications/scratch_off_cards/main.c	calls
ov87_021E717C	PrintNextCardButton	src/applications/scratch_off_cards/main.c	between
ov87_021E71B4	PrintCancelButton	src/applications/scratch_off_cards/main.c	between
ov87_021E71EC	PrintItemNameOnTopScreen	src/applications/scratch_off_cards/main.c	calls
ov87_021E7244	SetNumberInTemplate	src/applications/scratch_off_cards/main.c	called
ov87_021E7264	PlaceDittosInCells	src/applications/scratch_off_cards/main.c	order
ov87_021E7294	BattleFrontier_LoadOpponentMonData	src/overlay104/frontier_opponents.c	calls
ov87_021E7324	PlaceValuesInScratchCells	src/applications/scratch_off_cards/main.c	called
ov87_021E7334	ClearScratchCellValues	src/applications/scratch_off_cards/main.c	called
ov87_021E734C	SelectItemsWinnableOnCard	src/applications/scratch_off_cards/main.c	called
ov87_021E73E0	CenterSelectedCardOnScreen	src/applications/scratch_off_cards/main.c	called
ov87_021E7460	UpdateBackgroundPalette	src/applications/frontier/battle_factory/main.c	called
ov87_021E7490	GetNumCellsScratched	src/applications/scratch_off_cards/main.c	order
ov87_021E74B8	MarkAllCellsAsUnscratched	src/applications/scratch_off_cards/main.c	called
ov87_021E74D4	MarkAllCellsAsUnrevealed	src/applications/scratch_off_cards/main.c	called
ov87_021E74F4	RemoveScratchedOffPixelsOnCell	src/applications/scratch_off_cards/main.c	between
ov87_021E7550	MarkScratchedOffPixels	src/applications/scratch_off_cards/main.c	between
ov87_021E7590	MarkScratchedPixelsAtPoint	src/applications/scratch_off_cards/main.c	called
ov87_021E75E0	CheckIfCellIsRevealed	src/applications/scratch_off_cards/main.c	between
ov87_021E7698	HighlightMatchingPair	src/applications/scratch_off_cards/main.c	between
ov87_021E7734	CheckIfThreeOfAKindFound	src/applications/scratch_off_cards/main.c	between
ov87_021E788C	CheckIfDittoTransformNeeded	src/applications/scratch_off_cards/main.c	between
ov87_021E78D8	UpdateTransformingDitto	src/applications/scratch_off_cards/main.c	calls
ov87_021E7990	IncrementCurrentCard	src/applications/scratch_off_cards/main.c	between
ov87_021E7998	IncrementCurrentCard2	src/applications/scratch_off_cards/main.c	between
ov87_021E79A0	HideCenterMessageBox	src/applications/scratch_off_cards/main.c	calls
ov87_021E79C4	LoadScratchCellsCharData	src/applications/scratch_off_cards/main.c	between
ov87_021E7A04	InitScratchCellsBackup	src/applications/scratch_off_cards/main.c	between
ov87_021E7A2C	MakeCopyOfScratchCellsData	src/applications/scratch_off_cards/main.c	called
ov87_021E7A44	RemoveScratchedOffPixels	src/applications/scratch_off_cards/main.c	called
ov87_021E7AB0	ScratchPixelsAtPosition	src/applications/scratch_off_cards/main.c	between
ov87_021E7AF8	ScratchOffCardsApp_InitSpriteManager	src/applications/scratch_off_cards/sprite_manager.c	calls
ov87_021E7BC4	InitCardSpriteResources	src/applications/scratch_off_cards/sprite_manager.c	called
ov87_021E7C50	InitPokemonSpriteResources	src/applications/scratch_off_cards/sprite_manager.c	called
ov87_021E7CE0	InitBoxSpriteResources	src/applications/scratch_off_cards/sprite_manager.c	called
ov87_021E7D6C	InitWinPopupSpriteResources	src/applications/scratch_off_cards/sprite_manager.c	called
ov87_021E7DF8	ScratchOffCardsApp_InitSprite	src/applications/scratch_off_cards/sprite_manager.c	order
ov87_021E7E98	ScratchOffCardsApp_FreeSprites	src/applications/scratch_off_cards/sprite_manager.c	order
ov87_021E7F6C	ScratchOffCardsAppSprite_New	src/applications/scratch_off_cards/sprites.c	called
ov87_021E7FC0	ScratchOffCardsAppSprite_Free	src/applications/scratch_off_cards/sprites.c	between
ov87_021E7FD4	ScratchOffCardsAppSprite_SetDrawFlag	src/applications/scratch_off_cards/sprites.c	called
ov87_021E7FE0	ScratchOffCardsAppSprite_SetPriority	src/applications/scratch_off_cards/sprites.c	called
ov87_021E7FEC	ScratchOffCardsAppSprite_SetPosition	src/applications/scratch_off_cards/sprites.c	called
ov87_021E8014	ScratchOffCardsAppSprite_GetPosition	src/applications/scratch_off_cards/sprites.c	called
ov87_021E803C	ScratchOffCardsAppSprite_SetAnim	src/applications/scratch_off_cards/sprites.c	called
ov87_021E8058	ScratchOffCardsSprite_SetAffineScaleNormal	src/applications/scratch_off_cards/sprites.c	called
ov87_021E806C	ScratchOffCardsSprite_SetAffineScaleDouble	src/applications/scratch_off_cards/sprites.c	called
ov87_021E8078	ScratchOffCardsAppSprite_UpdatePalette	src/applications/scratch_off_cards/sprites.c	called
ov87_021E8084	ScratchOffCardsAppSprite_SetAnimateFlag	src/applications/scratch_off_cards/sprites.c	called
ov87_021E80A8	ScratchOffCardsAppSprite_SetMosaicFlag	src/applications/scratch_off_cards/sprites.c	between
ov87_021E80B4	ScratchOffCardsAppSprite_IsAnimated	src/applications/scratch_off_cards/sprites.c	between
ov87_021E80C0	ScratchOffCardsApp_InitWindows	src/applications/scratch_off_cards/windows.c	between
ov87_021E80F0	ScratchOffCardsApp_FreeWindows	src/applications/scratch_off_cards/windows.c	between
ov87_021E810C	ScratchOffCardsApp_DrawWindow	src/applications/scratch_off_cards/windows.c	called
ov88_02258800	ov112_0225C700	src/overlay112/ov112_0225C700.c	calls
ov88_022588C4	ov112_0225C7C4	src/overlay112/ov112_0225C700.c	calls
ov88_022589FC	ov112_0225C8FC	src/overlay112/ov112_0225C700.c	calls
ov88_02258A64	ov112_0225C964	src/overlay112/ov112_0225C700.c	between
ov88_02258A70	ov112_0225C970	src/overlay112/ov112_0225C700.c	called
ov88_02258ABC	ov112_0225C9BC	src/overlay112/ov112_0225C700.c	called
ov88_02258AF4	ov112_0225C9F4	src/overlay112/ov112_0225C700.c	called
ov88_02258B14	ov112_0225CA14	src/overlay112/ov112_0225C700.c	between
ov88_02258B20	ov112_0225CA20	src/overlay112/ov112_0225C700.c	called
ov88_02258B34	ov112_0225CA34	src/overlay112/ov112_0225C700.c	calls
ov88_02258C60	ov112_0225CB60	src/overlay112/ov112_0225C700.c	calls
ov88_02258C98	ov112_0225CB98	src/overlay112/ov112_0225C700.c	between
ov88_02258D38	ov112_0225CC38	src/overlay112/ov112_0225C700.c	between
ov88_02258D64	ov112_0225CC64	src/overlay112/ov112_0225C700.c	called
ov88_02258D84	ov112_0225CC84	src/overlay112/ov112_0225C700.c	called
ov88_02258D90	ov112_0225CC90	src/overlay112/ov112_0225C700.c	between
ov88_02258DE8	ov112_0225CCE8	src/overlay112/ov112_0225C700.c	calls
ov88_02258EA8	ov112_0225CDA8	src/overlay112/ov112_0225C700.c	called
ov88_02258EF8	ov112_0225CDF8	src/overlay112/ov112_0225C700.c	called
ov88_02258EFC	ov112_0225CDFC	src/overlay112/ov112_0225C700.c	called
ov88_02258F60	ov112_0225CE60	src/overlay112/ov112_0225C700.c	between
ov88_02258F74	ov112_0225CE74	src/overlay112/ov112_0225C700.c	called
ov88_02258F88	ov112_0225CE88	src/overlay112/ov112_0225C700.c	called
ov88_022590C0	ov112_0225CFC0	src/overlay112/ov112_0225C700.c	called
ov88_022590D4	ov112_0225CFD4	src/overlay112/ov112_0225C700.c	called
ov88_022590D8	ov112_0225CFD8	src/overlay112/ov112_0225C700.c	called
ov88_02259104	ov112_0225D004	src/overlay112/ov112_0225C700.c	between
ov88_0225918C	ov112_0225D08C	src/overlay112/ov112_0225C700.c	between
ov88_02259244	ov112_0225D144	src/overlay112/ov112_0225C700.c	called
ov88_02259264	ov112_0225D164	src/overlay112/ov112_0225C700.c	called
ov88_02259280	ov112_0225D180	src/overlay112/ov112_0225C700.c	between
ov88_022592B8	ov112_0225D1B8	src/overlay112/ov112_0225C700.c	between
ov88_022592EC	ov112_0225D1EC	src/overlay112/ov112_0225C700.c	called
ov88_022593D0	ov112_0225D2D0	src/overlay112/ov112_0225C700.c	called
ov88_02259404	ov112_0225D304	src/overlay112/ov112_0225C700.c	called
ov88_022594E0	ov112_0225D3E0	src/overlay112/ov112_0225C700.c	between
ov88_02259508	ov112_0225D408	src/overlay112/ov112_0225C700.c	calls
ov88_0225954C	ov112_0225D44C	src/overlay112/ov112_0225C700.c	between
ov88_02259560	ov112_0225D460	src/overlay112/ov112_0225C700.c	between
ov88_022595DC	ov112_0225D4DC	src/overlay112/ov112_0225C700.c	between
ov88_022595E4	ov112_0225D4E4	src/overlay112/ov112_0225C700.c	between
ov88_022595F8	ov112_0225D4F8	src/overlay112/ov112_0225C700.c	calls
ov88_0225967C	ov112_0225D57C	src/overlay112/ov112_0225C700.c	called
ov88_022597DC	ov112_0225D6DC	src/overlay112/ov112_0225C700.c	called
ov88_02259800	ov112_0225D700	src/overlay112/ov112_0225C700.c	between
ov88_02259818	ov112_0225D718	src/overlay112/ov112_0225C700.c	called
ov88_0225983C	ov112_0225D73C	src/overlay112/ov112_0225C700.c	between
ov88_0225985C	ov112_0225D75C	src/overlay112/ov112_0225C700.c	between
ov88_02259878	ov112_0225D778	src/overlay112/ov112_0225C700.c	between
ov88_02259884	ov112_0225D784	src/overlay112/ov112_0225C700.c	calls
ov89_02258800	ov113_0225C700	src/overlay113/ov113_0225C700.c	calls
ov89_02258B04	ov113_0225CA04	src/overlay113/ov113_0225C700.c	calls
ov89_02258F00	ov113_0225CDFC	src/overlay113/ov113_0225C700.c	calls
ov89_02258FF4	ov113_0225CEF0	src/overlay113/ov113_0225C700.c	calls
ov89_0225901C	ov113_0225CF18	src/overlay113/ov113_0225C700.c	calls
ov89_0225905C	ov113_0225CF58	src/overlay113/ov113_0225C700.c	between
ov89_02259230	ov113_0225D12C	src/overlay113/ov113_0225C700.c	called
ov89_02259264	ov113_0225D160	src/overlay113/ov113_0225C700.c	between
ov89_02259408	ov113_0225D304	src/overlay113/ov113_0225C700.c	calls
ov89_02259588	ov113_0225D484	src/overlay113/ov113_0225C700.c	calls
ov89_022596DC	ov113_0225D5D8	src/overlay113/ov113_0225C700.c	called
ov89_022597FC	ov113_0225D6F8	src/overlay113/ov113_0225C700.c	calls
ov89_022598A8	ov113_0225D7A4	src/overlay113/ov113_0225C700.c	called
ov89_022598D0	ov113_0225D7CC	src/overlay113/ov113_0225C700.c	calls
ov89_02259A3C	ov113_0225D938	src/overlay113/ov113_0225C700.c	called
ov89_02259B00	ov113_0225D9FC	src/overlay113/ov113_0225C700.c	calls
ov89_02259BA0	ov113_0225DA9C	src/overlay113/ov113_0225C700.c	called
ov89_02259BAC	ov113_0225DAA8	src/overlay113/ov113_0225C700.c	between
ov89_02259C00	ov113_0225DAFC	src/overlay113/ov113_0225C700.c	called
ov89_02259C0C	ov113_0225DB08	src/overlay113/ov113_0225C700.c	called
ov89_02259CD0	ov113_0225DBCC	src/overlay113/ov113_0225C700.c	calls
ov89_02259D50	ov113_0225DC4C	src/overlay113/ov113_0225C700.c	called
ov89_02259D70	ov113_0225DC6C	src/overlay113/ov113_0225C700.c	between
ov89_02259D8C	ov113_0225DC88	src/overlay113/ov113_0225C700.c	between
ov89_02259E10	ov113_0225DD0C	src/overlay113/ov113_0225C700.c	called
ov89_02259E18	ov113_0225DD14	src/overlay113/ov113_0225C700.c	between
ov89_02259E28	ov113_0225DD24	src/overlay113/ov113_0225C700.c	between
ov89_02259E48	ov113_0225DD44	src/overlay113/ov113_0225C700.c	between
ov89_02259E50	ov113_0225DD4C	src/overlay113/ov113_0225C700.c	between
ov89_02259EC4	ov113_0225DDC0	src/overlay113/ov113_0225C700.c	calls
ov89_02259F9C	ov113_0225DE98	src/overlay113/ov113_0225C700.c	calls
ov89_0225A148	ov113_0225E044	src/overlay113/ov113_0225C700.c	between
ov89_0225A160	ov113_0225E05C	src/overlay113/ov113_0225C700.c	between
ov89_0225A16C	ov113_0225E068	src/overlay113/ov113_0225C700.c	calls
ov89_0225A1D8	ov113_0225E0D4	src/overlay113/ov113_0225C700.c	called
ov89_0225A21C	ov113_0225E118	src/overlay113/ov113_0225C700.c	calls
ov89_0225A260	ov113_0225E15C	src/overlay113/ov113_0225C700.c	between
ov89_0225A354	ov113_0225E250	src/overlay113/ov113_0225C700.c	between
ov89_0225A368	ov113_0225E264	src/overlay113/ov113_0225C700.c	between
ov89_0225A398	ov113_0225E294	src/overlay113/ov113_0225C700.c	between
ov89_0225A41C	ov113_0225E318	src/overlay113/ov113_0225C700.c	between
ov89_0225A468	ov113_0225E364	src/overlay113/ov113_0225C700.c	between
ov89_0225A46C	ov113_0225E368	src/overlay113/ov113_0225E368.c	between
ov89_0225A47C	ov113_0225E378	src/overlay113/ov113_0225E368.c	called
ov89_0225A49C	ov113_0225E398	src/overlay113/ov113_0225E368.c	called
ov89_0225A4F4	ov113_0225E3F0	src/overlay113/ov113_0225E368.c	between
ov89_0225A5A4	ov113_0225E4A0	src/overlay113/ov113_0225E368.c	between
ov89_0225A5EC	ov113_0225E4E8	src/overlay113/ov113_0225E368.c	called
ov89_0225A760	ov113_0225E65C	src/overlay113/ov113_0225E368.c	calls
ov89_0225A7BC	ov113_0225E6B8	src/overlay113/ov113_0225E368.c	between
ov89_0225A878	ov113_0225E774	src/overlay113/ov113_0225E368.c	between
ov89_0225A958	ov113_0225E854	src/overlay113/ov113_0225E368.c	between
ov89_0225A988	ov113_0225E884	src/overlay113/ov113_0225E368.c	between
ov89_0225A9B4	ov113_0225E8B0	src/overlay113/ov113_0225E368.c	between
ov89_0225AA24	ov113_0225E920	src/overlay113/ov113_0225E368.c	between
ov89_0225AB64	ov113_0225EA60	src/overlay113/ov113_0225E368.c	between
ov89_0225AC10	ov113_0225EB0C	src/overlay113/ov113_0225E368.c	between
ov89_0225AC24	ov113_0225EB20	src/overlay113/ov113_0225E368.c	between
ov89_0225AC68	ov113_0225EB64	src/overlay113/ov113_0225E368.c	between
ov89_0225AD00	ov113_0225EBFC	src/overlay113/ov113_0225E368.c	between
ov89_0225AD64	ov113_0225EC60	src/overlay113/ov113_0225E368.c	between
ov89_0225ADA4	ov113_0225ECA0	src/overlay113/ov113_0225E368.c	between
ov89_0225AEA8	ov113_0225EDA4	src/overlay113/ov113_0225E368.c	between
ov89_0225AED0	ov113_0225EDCC	src/overlay113/ov113_0225E368.c	between
ov89_0225AF10	ov113_0225EE0C	src/overlay113/ov113_0225E368.c	between
ov89_0225AF7C	ov113_0225EE78	src/overlay113/ov113_0225E368.c	called
ov89_0225AF9C	ov113_0225EE98	src/overlay113/ov113_0225E368.c	between
ov89_0225AFC0	ov113_0225EEBC	src/overlay113/ov113_0225E368.c	between
ov89_0225AFFC	ov113_0225EEF8	src/overlay113/ov113_0225E368.c	between
ov89_0225B010	ov113_0225EF0C	src/overlay113/ov113_0225E368.c	between
ov89_0225B078	ov113_0225EF74	src/overlay113/ov113_0225E368.c	between
ov89_0225B07C	ov113_0225EF78	src/overlay113/ov113_0225E368.c	between
ov89_0225B100	ov113_0225EFFC	src/overlay113/ov113_0225E368.c	calls
ov89_0225B148	ov113_0225F044	src/overlay113/ov113_0225E368.c	between
ov89_0225B164	ov113_0225F060	src/overlay113/ov113_0225E368.c	between
ov89_0225B298	ov113_0225F194	src/overlay113/ov113_0225E368.c	calls
ov89_0225B2BC	ov113_0225F1B8	src/overlay113/ov113_0225E368.c	between
ov89_0225B2E8	ov113_0225F1E4	src/overlay113/ov113_0225E368.c	between
ov89_0225B450	ov113_0225F34C	src/overlay113/ov113_0225E368.c	between
ov89_0225B46C	ov113_0225F368	src/overlay113/ov113_0225E368.c	between
ov89_0225B604	ov113_0225F500	src/overlay113/ov113_0225E368.c	between
ov89_0225B620	ov113_0225F51C	src/overlay113/ov113_0225E368.c	between
ov89_0225B784	ov113_0225F680	src/overlay113/ov113_0225E368.c	calls
ov89_0225B810	ov113_0225F70C	src/overlay113/ov113_0225E368.c	between
ov89_0225B82C	ov113_0225F728	src/overlay113/ov113_0225E368.c	between
ov89_0225B900	ov113_0225F7FC	src/overlay113/ov113_0225E368.c	between
ov89_0225B91C	ov113_0225F818	src/overlay113/ov113_0225E368.c	between
ov89_0225B978	ov113_0225F874	src/overlay113/ov113_0225E368.c	between
ov89_0225B994	ov113_0225F890	src/overlay113/ov113_0225E368.c	between
ov89_0225BB28	ov113_0225FA24	src/overlay113/ov113_0225E368.c	between
ov89_0225BB88	ov113_0225FA84	src/overlay113/ov113_0225E368.c	between
ov89_0225BBB4	ov113_0225FAB0	src/overlay113/ov113_0225E368.c	between
ov89_0225BD48	ov113_0225FC44	src/overlay113/ov113_0225E368.c	between
ov89_0225BDA8	ov113_0225FCA4	src/overlay113/ov113_0225E368.c	between
ov89_0225BDD4	ov113_0225FCD0	src/overlay113/ov113_0225E368.c	between
ov89_0225BE68	ov113_0225FD64	src/overlay113/ov113_0225E368.c	between
ov89_0225BE84	ov113_0225FD80	src/overlay113/ov113_0225E368.c	between
ov89_0225BF34	ov113_0225FE30	src/overlay113/ov113_0225E368.c	between
ov89_0225BFE4	ov113_0225FEE0	src/overlay113/ov113_0225E368.c	calls
ov89_0225C090	ov113_0225FF8C	src/overlay113/ov113_0225E368.c	between
ov89_0225C168	ov113_02260064	src/overlay113/ov113_0225E368.c	between
ov89_0225C240	ov113_0226013C	src/overlay113/ov113_0225E368.c	between
ov89_0225C31C	ov113_02260218	src/overlay113/ov113_0225E368.c	between
ov89_0225C3E8	ov113_022602E4	src/overlay113/ov113_0225E368.c	between
ov89_0225C498	ov113_02260394	src/overlay113/ov113_0225E368.c	between
ov89_0225C570	ov113_0226046C	src/overlay113/ov113_0225E368.c	between
ov89_0225C648	ov113_02260544	src/overlay113/ov113_0225E368.c	between
ov89_0225C724	ov113_02260620	src/overlay113/ov113_02260620.c	called
ov89_0225C818	ov113_02260714	src/overlay113/ov113_02260620.c	called
ov89_0225C830	ov113_0226072C	src/overlay113/ov113_02260620.c	between
ov89_0225C84C	ov113_02260748	src/overlay113/ov113_02260620.c	between
ov89_0225C88C	PokemonHasOverworldFootprint	src/overlay113/ov113_02260620.c	called
ov89_0225C8BC	PokemonOverworldFootprintSize	src/overlay113/ov113_02260620.c	between
ov89_0225C8DC	ov113_022607D8	src/overlay113/ov113_022607D8.c	between
ov89_0225C8F0	ov113_022607EC	src/overlay113/ov113_022607D8.c	called
ov89_0225C91C	ov113_02260818	src/overlay113/ov113_022607D8.c	calls
ov89_0225C93C	ov113_02260838	src/overlay113/ov113_022607D8.c	calls
ov89_0225C960	ov113_0226085C	src/overlay113/ov113_022607D8.c	between
ov89_0225C988	ov113_02260884	src/overlay113/ov113_022607D8.c	calls
ov90_02258800	ov114_0225C700	src/overlay114/ov114_0225C700.c	called
ov90_0225886C	ov114_0225C76C	src/overlay114/ov114_0225C700.c	between
ov90_0225888C	ov114_0225C78C	src/overlay114/ov114_0225C700.c	called
ov90_022588A4	ov114_0225C7A4	src/overlay114/ov114_0225C700.c	called
ov90_022588CC	ov114_0225C7CC	src/overlay114/ov114_0225C700.c	between
ov90_02258914	ov114_0225C814	src/overlay114/ov114_0225C700.c	between
ov90_02258920	ov114_0225C820	src/overlay114/ov114_0225C700.c	between
ov90_0225892C	ov114_0225C82C	src/overlay114/ov114_0225C700.c	between
ov90_02258938	ov114_0225C838	src/overlay114/ov114_0225C700.c	called
ov90_022589BC	ov114_0225C8BC	src/overlay114/ov114_0225C700.c	between
ov90_022589CC	ov114_0225C8CC	src/overlay114/ov114_0225C700.c	between
ov90_022589E0	ov114_0225C8E0	src/overlay114/ov114_0225C700.c	between
ov90_022589EC	ov114_0225C8EC	src/overlay114/ov114_0225C700.c	between
ov90_022589F8	ov114_0225C8F8	src/overlay114/ov114_0225C700.c	between
ov90_02258A04	ov114_0225C904	src/overlay114/ov114_0225C700.c	called
ov90_02258AA0	ov114_0225C9A0	src/overlay114/ov114_0225C700.c	between
ov90_02258AA4	ov114_0225C9A4	src/overlay114/ov114_0225C700.c	between
ov90_02258AA8	ov114_0225C9A8	src/overlay114/ov114_0225C700.c	between
ov90_02258B24	ov114_0225CA24	src/overlay114/ov114_0225C700.c	between
ov90_02258B2C	ov114_0225CA2C	src/overlay114/ov114_0225C700.c	between
ov90_02258B44	ov114_0225CA44	src/overlay114/ov114_0225C700.c	between
ov90_02258B54	ov114_0225CA54	src/overlay114/ov114_0225C700.c	calls
ov90_02258B98	ov114_0225CA98	src/overlay114/ov114_0225C700.c	between
ov90_02258BD4	ov114_0225CAD4	src/overlay114/ov114_0225C700.c	calls
ov90_02258C38	ov114_0225CB38	src/overlay114/ov114_0225C700.c	calls
ov90_02258C74	ov114_0225CB74	src/overlay114/ov114_0225C700.c	calls
ov90_02258C8C	ov114_0225CB8C	src/overlay114/ov114_0225C700.c	called
ov90_02258CB0	ov114_0225CBB0	src/overlay114/ov114_0225C700.c	between
ov90_02258CE0	ov114_0225CBE0	src/overlay114/ov114_0225C700.c	between
ov90_02258CF0	ov114_0225CBF0	src/overlay114/ov114_0225C700.c	called
ov90_02258D4C	ov114_0225CC4C	src/overlay114/ov114_0225C700.c	called
ov90_02258DB0	ov114_0225CCB0	src/overlay114/ov114_0225C700.c	between
ov90_02258DD0	ov114_0225CCD0	src/overlay114/ov114_0225C700.c	called
ov90_02258E10	ov114_0225CD10	src/overlay114/ov114_0225C700.c	called
ov90_02258E54	ov114_0225CD54	src/overlay114/ov114_0225C700.c	called
ov90_02258EB4	ov114_0225CDB4	src/overlay114/ov114_0225C700.c	called
ov90_02258EE0	ov114_0225CDE0	src/overlay114/ov114_0225C700.c	between
ov90_02258FB8	ov114_0225CEB8	src/overlay114/ov114_0225C700.c	between
ov90_02258FF0	ov114_0225CEF0	src/overlay114/ov114_0225C700.c	calls
ov90_02259084	ov114_0225CF84	src/overlay114/ov114_0225C700.c	calls
ov90_022590C0	ov114_0225CFC0	src/overlay114/ov114_0225C700.c	between
ov90_022590CC	ov114_0225CFCC	src/overlay114/ov114_0225C700.c	between
ov90_02259158	ov114_0225D058	src/overlay114/ov114_0225C700.c	calls
ov90_02259170	ov114_0225D070	src/overlay114/ov114_0225C700.c	between
ov90_0225917C	ov114_0225D07C	src/overlay114/ov114_0225C700.c	between
ov90_02259184	ov114_0225D084	src/overlay114/ov114_0225C700.c	calls
ov90_022591F4	ov114_0225D0F8	src/overlay114/ov114_0225C700.c	order
ov90_02259200	ov114_0225D104	src/overlay114/ov114_0225C700.c	order
ov90_02259210	ov114_0225D114	src/overlay114/ov114_0225C700.c	order
ov90_02259220	ov114_0225D124	src/overlay114/ov114_0225C700.c	order
ov90_02259234	ov114_0225D138	src/overlay114/ov114_0225C700.c	called
ov90_02259250	ov114_0225D154	src/overlay114/ov114_0225C700.c	between
ov90_0225926C	ov114_0225D170	src/overlay114/ov114_0225C700.c	between
ov90_0225927C	ov114_0225D180	src/overlay114/ov114_0225C700.c	between
ov90_0225928C	ov114_0225D190	src/overlay114/ov114_0225C700.c	between
ov90_022592A8	ov114_0225D1AC	src/overlay114/ov114_0225C700.c	between
ov90_022592C4	ov114_0225D1C8	src/overlay114/ov114_0225C700.c	calls
ov90_02259314	ov114_0225D218	src/overlay114/ov114_0225C700.c	called
ov90_0225938C	ov114_0225D290	src/overlay114/ov114_0225C700.c	calls
ov90_02259434	ov114_0225D338	src/overlay114/ov114_0225C700.c	between
ov90_02259464	ov114_0225D368	src/overlay114/ov114_0225C700.c	calls
ov90_022594FC	ov114_0225D400	src/overlay114/ov114_0225C700.c	calls
ov90_02259538	ov114_0225D43C	src/overlay114/ov114_0225C700.c	between
ov90_02259554	ov114_0225D458	src/overlay114/ov114_0225C700.c	between
ov90_02259570	ov114_0225D474	src/overlay114/ov114_0225C700.c	called
ov90_02259588	ov114_0225D48C	src/overlay114/ov114_0225C700.c	called
ov90_022596C8	ov114_0225D5BC	src/overlay114/ov114_0225C700.c	calls
ov90_02259784	ov114_0225D678	src/overlay114/ov114_0225C700.c	between
ov90_02259794	ov114_0225D688	src/overlay114/ov114_0225C700.c	between
ov90_02259B18	ov114_0225DA0C	src/overlay114/ov114_0225C700.c	between
ov90_02259B38	ov114_0225DA2C	src/overlay114/ov114_0225C700.c	called
ov90_02259B68	ov114_0225DA5C	src/overlay114/ov114_0225C700.c	called
ov90_02259BCC	ov114_0225DAC0	src/overlay114/ov114_0225C700.c	calls
ov90_02259D50	ov114_0225DC44	src/overlay114/ov114_0225C700.c	called
ov90_02259DAC	ov114_0225DCA0	src/overlay114/ov114_0225C700.c	called
ov90_02259E18	ov114_0225DD0C	src/overlay114/ov114_0225C700.c	calls
ov90_02259E38	ov114_0225DD2C	src/overlay114/ov114_0225C700.c	calls
ov90_02259E8C	ov114_0225DD80	src/overlay114/ov114_0225C700.c	calls
ov90_02259EA0	ov114_0225DD94	src/overlay114/ov114_0225C700.c	called
ov90_02259EAC	ov114_0225DDA0	src/overlay114/ov114_0225C700.c	between
ov90_02259EE0	ov114_0225DDD4	src/overlay114/ov114_0225C700.c	called
ov90_02259F44	ov114_0225DE38	src/overlay114/ov114_0225C700.c	called
ov90_02259F7C	ov114_0225DE70	src/overlay114/ov114_0225C700.c	between
ov90_02259FC8	ov114_0225DEBC	src/overlay114/ov114_0225C700.c	called
ov90_0225A050	ov114_0225DF44	src/overlay114/ov114_0225C700.c	called
ov90_0225A088	ov114_0225DF7C	src/overlay114/ov114_0225C700.c	called
ov90_0225A108	ov114_0225DFFC	src/overlay114/ov114_0225C700.c	calls
ov90_0225A134	ov114_0225E028	src/overlay114/ov114_0225C700.c	between
ov90_0225A198	ov114_0225E08C	src/overlay114/ov114_0225C700.c	called
ov90_0225A1B8	ov114_0225E0AC	src/overlay114/ov114_0225C700.c	between
ov90_0225A204	ov114_0225E0F8	src/overlay114/ov114_0225C700.c	between
ov90_0225A258	ov114_0225E14C	src/overlay114/ov114_0225C700.c	called
ov90_0225A28C	ov114_0225E180	src/overlay114/ov114_0225C700.c	between
ov90_0225A2B0	ov114_0225E1A4	src/overlay114/ov114_0225C700.c	called
ov90_0225A340	ov114_0225E234	src/overlay114/ov114_0225C700.c	between
ov90_0225A350	ov114_0225E244	src/overlay114/ov114_0225C700.c	calls
ov90_0225A3E0	ov114_0225E2D4	src/overlay114/ov114_0225C700.c	called
ov90_0225A428	ov114_0225E31C	src/overlay114/ov114_0225C700.c	called
ov90_0225A544	ov114_0225E438	src/overlay114/ov114_0225C700.c	calls
ov90_0225A5BC	ov114_0225E4B0	src/overlay114/ov114_0225C700.c	called
ov90_0225A60C	ov114_0225E500	src/overlay114/ov114_0225C700.c	called
ov90_0225A65C	ov114_0225E550	src/overlay114/ov114_0225C700.c	called
ov90_0225A6B4	ov114_0225E5A8	src/overlay114/ov114_0225C700.c	called
ov90_0225A850	ov114_0225E744	src/overlay114/ov114_0225C700.c	calls
ov90_0225A960	ov114_0225E854	src/overlay114/ov114_0225C700.c	between
ov90_0225A980	ov114_0225E874	src/overlay114/ov114_0225C700.c	between
ov90_0225AE4C	ov114_0225ED40	src/overlay114/ov114_0225C700.c	between
ov90_0225B230	ov114_0225F124	src/overlay114/ov114_0225C700.c	between
ov90_0225B254	ov114_0225F148	src/overlay114/ov114_0225C700.c	called
ov90_0225B274	ov114_0225F168	src/overlay114/ov114_0225C700.c	between
ov90_0225B2A8	ov114_0225F19C	src/overlay114/ov114_0225C700.c	called
ov90_0225B330	ov114_0225F224	src/overlay114/ov114_0225C700.c	called
ov90_0225B340	ov114_0225F234	src/overlay114/ov114_0225C700.c	calls
ov90_0225B380	ov114_0225F270	src/overlay114/ov114_0225C700.c	between
ov90_0225B38C	ov114_0225F27C	src/overlay114/ov114_0225C700.c	calls
ov90_0225B538	ov114_0225F420	src/overlay114/ov114_0225C700.c	called
ov90_0225B53C	ov114_0225F424	src/overlay114/ov114_0225C700.c	calls
ov90_0225B594	ov114_0225F47C	src/overlay114/ov114_0225C700.c	called
ov90_0225B59C	ov114_0225F484	src/overlay114/ov114_0225C700.c	called
ov90_0225B690	ov114_0225F578	src/overlay114/ov114_0225C700.c	called
ov90_0225B6B0	ov114_0225F598	src/overlay114/ov114_0225C700.c	called
ov90_0225B6C4	ov114_0225F5AC	src/overlay114/ov114_0225C700.c	calls
ov90_0225B7FC	ov114_0225F6E4	src/overlay114/ov114_0225C700.c	calls
ov90_0225B8F0	ov114_0225F7D8	src/overlay114/ov114_0225C700.c	called
ov90_0225B954	ov114_0225F83C	src/overlay114/ov114_0225C700.c	called
ov90_0225B978	ov114_0225F860	src/overlay114/ov114_0225C700.c	called
ov90_0225B9A8	ov114_0225F890	src/overlay114/ov114_0225C700.c	calls
ov90_0225BA14	ov114_0225F8FC	src/overlay114/ov114_0225C700.c	between
ov90_0225BA38	ov114_0225F920	src/overlay114/ov114_0225C700.c	between
ov90_0225BAA0	ov114_0225F988	src/overlay114/ov114_0225C700.c	called
ov90_0225BAD0	ov114_0225F9B8	src/overlay114/ov114_0225C700.c	called
ov90_0225BBD0	ov114_0225FAB8	src/overlay114/ov114_0225C700.c	called
ov90_0225BBF0	ov114_0225FAD8	src/overlay114/ov114_0225C700.c	calls
ov90_0225BC28	ov114_0225FB10	src/overlay114/ov114_0225C700.c	called
ov90_0225BD08	ov114_0225FBF0	src/overlay114/ov114_0225C700.c	called
ov90_0225BD84	ov114_0225FC6C	src/overlay114/ov114_0225C700.c	calls
ov90_0225BDE4	ov114_0225FCCC	src/overlay114/ov114_0225C700.c	between
ov90_0225BE08	ov114_0225FCF0	src/overlay114/ov114_0225C700.c	between
ov90_0225BEE0	ov114_0225FDC8	src/overlay114/ov114_0225C700.c	calls
ov90_0225C06C	ov114_0225FF54	src/overlay114/ov114_0225C700.c	calls
ov91_0225C540	ov115_02260440	src/overlay115/ov115_02260440.c	calls
ov91_0225C58C	ov115_0226048C	src/overlay115/ov115_02260440.c	between
ov91_0225C9EC	ov115_022608E4	src/overlay115/ov115_02260440.c	calls
ov91_0225CA64	ov115_0226095C	src/overlay115/ov115_02260440.c	between
ov91_0225CA6C	ov115_02260964	src/overlay115/ov115_02260440.c	between
ov91_0225CA74	ov115_0226096C	src/overlay115/ov115_02260440.c	between
ov91_0225CA90	ov115_02260988	src/overlay115/ov115_02260440.c	between
ov91_0225CA9C	ov115_02260994	src/overlay115/ov115_02260440.c	between
ov91_0225CABC	ov115_022609B4	src/overlay115/ov115_02260440.c	between
ov91_0225CAE0	ov115_022609D8	src/overlay115/ov115_02260440.c	between
ov91_0225CAEC	ov115_022609E4	src/overlay115/ov115_02260440.c	between
ov91_0225CB50	ov115_02260A48	src/overlay115/ov115_02260440.c	between
ov91_0225CB58	ov115_02260A50	src/overlay115/ov115_02260440.c	between
ov91_0225CB64	ov115_02260A5C	src/overlay115/ov115_02260440.c	between
ov91_0225CB98	ov115_02260A90	src/overlay115/ov115_02260440.c	between
ov91_0225CBE4	ov115_02260ADC	src/overlay115/ov115_02260440.c	called
ov91_0225CC38	ov115_02260B30	src/overlay115/ov115_02260440.c	called
ov91_0225CC4C	ov115_02260B44	src/overlay115/ov115_02260440.c	calls
ov91_0225CCA8	ov115_02260BA0	src/overlay115/ov115_02260440.c	between
ov91_0225CCC4	ov115_02260BBC	src/overlay115/ov115_02260BBC.c	between
ov91_0225CCEC	ov115_02260BE4	src/overlay115/ov115_02260BBC.c	called
ov91_0225CCF4	ov115_02260BEC	src/overlay115/ov115_02260BBC.c	between
ov91_0225CD5C	ov115_02260C54	src/overlay115/ov115_02260BBC.c	between
ov91_0225CD64	ov115_02260C5C	src/overlay115/ov115_02260BBC.c	between
ov91_0225CD6C	ov115_02260C64	src/overlay115/ov115_02260BBC.c	between
ov91_0225CD74	ov115_02260C6C	src/overlay115/ov115_02260BBC.c	called
ov91_0225CD84	ov115_02260C7C	src/overlay115/ov115_02260BBC.c	called
ov91_0225CDAC	ov115_02260CA4	src/overlay115/ov115_02260BBC.c	between
ov91_0225CDC4	ov115_02260CBC	src/overlay115/ov115_02260BBC.c	between
ov91_0225CDD4	ov115_02260CCC	src/overlay115/ov115_02260BBC.c	called
ov91_0225CDF4	ov115_02260CEC	src/overlay115/ov115_02260CEC.c	between
ov91_0225CE80	ov115_02260D78	src/overlay115/ov115_02260CEC.c	called
ov91_0225CEB4	ov115_02260DAC	src/overlay115/ov115_02260CEC.c	between
ov91_0225D078	ov115_02260F70	src/overlay115/ov115_02260CEC.c	between
ov91_0225D1DC	ov115_022610D4	src/overlay115/ov115_02260CEC.c	between
ov91_0225D2D0	ov115_022611C8	src/overlay115/ov115_02260CEC.c	called
ov91_0225D2E8	ov115_022611E0	src/overlay115/ov115_02260CEC.c	between
ov91_0225D2EC	ov115_022611E4	src/overlay115/ov115_02260CEC.c	called
ov91_0225D32C	ov115_02261224	src/overlay115/ov115_02260CEC.c	between
ov91_0225D368	ov115_02261260	src/overlay115/ov115_02260CEC.c	called
ov91_0225D37C	ov115_02261274	src/overlay115/ov115_02260CEC.c	between
ov91_0225D380	ov115_02261278	src/overlay115/ov115_02260CEC.c	called
ov91_0225D3B4	ov115_022612AC	src/overlay115/ov115_02260CEC.c	called
ov91_0225D3C4	ov115_022612BC	src/overlay115/ov115_02260CEC.c	between
ov91_0225D40C	ov115_02261304	src/overlay115/ov115_02260CEC.c	between
ov91_0225D46C	ov115_02261364	src/overlay115/ov115_02260CEC.c	called
ov91_0225D4D4	ov115_022613CC	src/overlay115/ov115_02260CEC.c	called
ov91_0225D500	ov115_022613F8	src/overlay115/ov115_02260CEC.c	between
ov91_0225D600	ov115_022614F8	src/overlay115/ov115_02260CEC.c	between
ov91_0225D628	ov115_02261520	src/overlay115/ov115_02260CEC.c	between
ov91_0225D67C	ov115_02261574	src/overlay115/ov115_02260CEC.c	between
ov91_0225D694	ov115_0226158C	src/overlay115/ov115_02260CEC.c	between
ov91_0225D6A0	ov115_02261598	src/overlay115/ov115_02260CEC.c	between
ov91_0225D6B8	ov115_022615B0	src/overlay115/ov115_02260CEC.c	calls
ov91_0225D750	ov115_02261648	src/overlay115/ov115_02260CEC.c	called
ov91_0225D768	ov115_02261660	src/overlay115/ov115_02260CEC.c	called
ov91_0225D84C	ov115_02261744	src/overlay115/ov115_02260CEC.c	called
ov91_0225D884	ov21_021D6B94	src/applications/pokedex/ov21_021D5AEC.c	calls
ov91_0225D8E0	ov115_022617D8	src/overlay115/ov115_02260CEC.c	order
ov91_0225D8F0	ov115_022617E8	src/overlay115/ov115_02260CEC.c	order
ov91_0225DB0C	ov115_02261A04	src/overlay115/ov115_02260CEC.c	between
ov91_0225DB18	ov115_02261A10	src/overlay115/ov115_02260CEC.c	calls
ov91_0225DB44	ov115_02261A3C	src/overlay115/ov115_02260CEC.c	called
ov91_0225DB5C	ov115_02261A54	src/overlay115/ov115_02260CEC.c	calls
ov91_0225DB7C	ov115_02261A74	src/overlay115/ov115_02260CEC.c	called
ov91_0225DBAC	ov115_02261AA4	src/overlay115/ov115_02260CEC.c	called
ov91_0225DBC0	ov115_02261AB8	src/overlay115/ov115_02260CEC.c	called
ov91_0225DBD0	ov115_02261AC8	src/overlay115/ov115_02260CEC.c	between
ov91_0225DBE0	ov115_02261AD8	src/overlay115/ov115_02260CEC.c	between
ov91_0225DBE4	ov115_02261ADC	src/overlay115/ov115_02260CEC.c	called
ov91_0225DBF4	ov115_02261AEC	src/overlay115/ov115_02260CEC.c	called
ov91_0225DC24	ov115_02261B1C	src/overlay115/ov115_02260CEC.c	called
ov91_0225DC3C	ov115_02261B34	src/overlay115/ov115_02260CEC.c	between
ov91_0225DCC4	ov115_02261BBC	src/overlay115/ov115_02260CEC.c	called
ov91_0225DD20	ov115_02261C18	src/overlay115/ov115_02260CEC.c	called
ov91_0225DD24	ov115_02261C1C	src/overlay115/ov115_02260CEC.c	called
ov91_0225DD50	ov115_02261C48	src/overlay115/ov115_02260CEC.c	called
ov91_0225DE8C	ov115_02261D84	src/overlay115/ov115_02260CEC.c	between
ov91_0225DFB0	ov115_02261EA8	src/overlay115/ov115_02260CEC.c	calls
ov91_0225E044	ov115_02261F3C	src/overlay115/ov115_02260CEC.c	between
ov91_0225E070	ov115_02261F68	src/overlay115/ov115_02260CEC.c	between
ov91_0225E09C	ov115_02261F94	src/overlay115/ov115_02260CEC.c	called
ov91_0225E1E0	ov115_022620D8	src/overlay115/ov115_02260CEC.c	between
ov91_0225E1E4	ov115_022620DC	src/overlay115/ov115_02260CEC.c	between
ov91_0225E1EC	ov115_022620E4	src/overlay115/ov115_02260CEC.c	between
ov91_0225E1F4	ov115_022620EC	src/overlay115/ov115_02260CEC.c	between
ov91_0225E1FC	ov115_022620F4	src/overlay115/ov115_02260CEC.c	between
ov91_0225E23C	ov115_02262134	src/overlay115/ov115_02260CEC.c	called
ov91_0225E294	ov115_0226218C	src/overlay115/ov115_02260CEC.c	between
ov91_0225E2E4	ov115_022621DC	src/overlay115/ov115_02260CEC.c	called
ov91_0225E3F4	ov115_022622EC	src/overlay115/ov115_02260CEC.c	between
ov91_0225E400	ov115_022622F8	src/overlay115/ov115_02260CEC.c	called
ov91_0225E40C	ov115_02262304	src/overlay115/ov115_02260CEC.c	called
ov91_0225E45C	ov115_02262354	src/overlay115/ov115_02260CEC.c	between
ov91_0225E62C	ov115_02262524	src/overlay115/ov115_02260CEC.c	called
ov91_0225E648	ov115_02262540	src/overlay115/ov115_02260CEC.c	called
ov91_0225E67C	ov115_02262574	src/overlay115/ov115_02260CEC.c	between
ov91_0225E6B0	ov115_022625A8	src/overlay115/ov115_02260CEC.c	called
ov91_0225E6D0	ov115_022625C8	src/overlay115/ov115_02260CEC.c	called
ov91_0225E6F8	ov115_022625F0	src/overlay115/ov115_02260CEC.c	between
ov91_0225E728	ov115_02262620	src/overlay115/ov115_02260CEC.c	called
ov91_0225E7C4	ov115_022626BC	src/overlay115/ov115_02260CEC.c	called
ov91_0225E7E8	ov115_022626E0	src/overlay115/ov115_02260CEC.c	called
ov91_0225E8BC	ov115_022627B4	src/overlay115/ov115_02260CEC.c	between
ov91_0225E990	ov115_02262888	src/overlay115/ov115_02260CEC.c	called
ov91_0225E9AC	ov115_022628A4	src/overlay115/ov115_02260CEC.c	between
ov91_0225E9C0	ov115_022628B8	src/overlay115/ov115_02260CEC.c	called
ov91_0225E9E4	ov115_022628DC	src/overlay115/ov115_02260CEC.c	called
ov91_0225E9F4	ov115_022628EC	src/overlay115/ov115_02260CEC.c	between
ov91_0225EA54	ov115_0226294C	src/overlay115/ov115_02260CEC.c	calls
ov91_0225EA7C	ov115_02262974	src/overlay115/ov115_02260CEC.c	called
ov91_0225EA98	ov115_02262990	src/overlay115/ov115_02260CEC.c	between
ov91_0225EC7C	ov115_02262B70	src/overlay115/ov115_02260CEC.c	between
ov91_0225ED6C	ov115_02262C60	src/overlay115/ov115_02260CEC.c	called
ov91_0225EDB0	ov115_02262CA4	src/overlay115/ov115_02260CEC.c	between
ov91_0225EDC8	ov115_02262CBC	src/overlay115/ov115_02260CEC.c	called
ov91_0225EE18	ov115_02262D0C	src/overlay115/ov115_02260CEC.c	between
ov91_0225EE48	ov115_02262D3C	src/overlay115/ov115_02260CEC.c	between
ov91_0225EE64	ov115_02262D58	src/overlay115/ov115_02260CEC.c	between
ov91_0225EE88	ov115_02262D7C	src/overlay115/ov115_02260CEC.c	between
ov91_0225EE9C	ov115_02262D90	src/overlay115/ov115_02260CEC.c	called
ov91_0225EEBC	ov115_02262DB0	src/overlay115/ov115_02260CEC.c	called
ov91_0225EED0	ov115_02262DC4	src/overlay115/ov115_02260CEC.c	between
ov91_0225EF70	ov115_02262E64	src/overlay115/ov115_02260CEC.c	called
ov91_0225F008	ov115_02262EFC	src/overlay115/ov115_02260CEC.c	called
ov91_0225F010	ov115_02262F04	src/overlay115/ov115_02260CEC.c	between
ov91_0225F05C	ov115_02262F50	src/overlay115/ov115_02260CEC.c	called
ov91_0225F0C0	ov115_02262FB4	src/overlay115/ov115_02260CEC.c	between
ov91_0225F1E8	ov115_022630DC	src/overlay115/ov115_02260CEC.c	calls
ov91_0225F23C	ov115_02263130	src/overlay115/ov115_02260CEC.c	called
ov91_0225F25C	ov115_02263150	src/overlay115/ov115_02260CEC.c	called
ov91_0225F388	ov115_0226327C	src/overlay115/ov115_02260CEC.c	between
ov91_0225F3A0	ov115_02263294	src/overlay115/ov115_02260CEC.c	between
ov91_0225F3D4	ov115_022632C8	src/overlay115/ov115_02260CEC.c	called
ov91_0225F3E4	ov115_022632D8	src/overlay115/ov115_02260CEC.c	called
ov91_0225F3E8	ov115_022632DC	src/overlay115/ov115_02260CEC.c	called
ov91_0225F414	ov115_02263308	src/overlay115/ov115_02260CEC.c	between
ov91_0225F434	ov115_02263328	src/overlay115/ov115_02260CEC.c	between
ov91_0225F4C0	ov115_022633B4	src/overlay115/ov115_02260CEC.c	between
ov91_0225F4F8	ov115_022633EC	src/overlay115/ov115_02260CEC.c	between
ov91_0225F508	ov115_022633FC	src/overlay115/ov115_02260CEC.c	between
ov91_0225F66C	ov115_02263560	src/overlay115/ov115_02260CEC.c	between
ov91_0225F74C	ov115_02263640	src/overlay115/ov115_02260CEC.c	called
ov91_0225F7A8	ov115_0226369C	src/overlay115/ov115_02260CEC.c	called
ov91_0225F878	ov115_0226376C	src/overlay115/ov115_02260CEC.c	calls
ov91_0225FA60	ov115_02263954	src/overlay115/ov115_02260CEC.c	between
ov91_0225FA9C	ov115_02263990	src/overlay115/ov115_02260CEC.c	calls
ov91_0225FB48	ov115_02263A3C	src/overlay115/ov115_02260CEC.c	calls
ov91_0225FB80	ov115_02263A74	src/overlay115/ov115_02260CEC.c	called
ov91_0225FC84	ov115_02263B78	src/overlay115/ov115_02260CEC.c	between
ov91_0225FCD8	ov115_02263BCC	src/overlay115/ov115_02260CEC.c	calls
ov91_0225FD0C	ov115_02263C04	src/overlay115/ov115_02260CEC.c	between
ov91_0225FD2C	ov115_02263C24	src/overlay115/ov115_02260CEC.c	called
ov91_0225FDC8	ov115_02263CC0	src/overlay115/ov115_02260CEC.c	called
ov91_0225FDD8	ov115_02263CD0	src/overlay115/ov115_02260CEC.c	between
ov91_0225FDE0	ov115_02263CD8	src/overlay115/ov115_02260CEC.c	called
ov91_0225FEFC	ov115_02263DF4	src/overlay115/ov115_02260CEC.c	between
ov91_0225FF00	ov115_02263DF8	src/overlay115/ov115_02260CEC.c	called
ov91_022600FC	ov115_02263FF4	src/overlay115/ov115_02260CEC.c	calls
ov91_0226014C	ov115_02264044	src/overlay115/ov115_02260CEC.c	between
ov91_022601AC	ov115_022640A4	src/overlay115/ov115_02260CEC.c	called
ov91_022601C8	ov115_022640C0	src/overlay115/ov115_02260CEC.c	called
ov91_022601F4	ov115_022640EC	src/overlay115/ov115_02260CEC.c	called
ov91_02260218	ov115_02264110	src/overlay115/ov115_02260CEC.c	called
ov91_0226023C	ov115_02264134	src/overlay115/ov115_02260CEC.c	between
ov91_02260254	ov115_0226414C	src/overlay115/ov115_02260CEC.c	called
ov91_02260298	ov115_02264190	src/overlay115/ov115_02260CEC.c	called
ov91_0226031C	ov115_02264214	src/overlay115/ov115_02260CEC.c	called
ov91_02260334	ov115_0226422C	src/overlay115/ov115_02260CEC.c	called
ov91_02260364	ov115_0226425C	src/overlay115/ov115_02260CEC.c	between
ov91_02260370	ov115_02264268	src/overlay115/ov115_02260CEC.c	called
ov91_02260378	ov115_02264270	src/overlay115/ov115_02260CEC.c	between
ov91_02260400	ov115_022642F8	src/overlay115/ov115_02260CEC.c	called
ov91_0226042C	ov115_02264324	src/overlay115/ov115_02260CEC.c	between
ov91_0226045C	ov115_02264354	src/overlay115/ov115_02260CEC.c	called
ov91_022604A4	ov115_0226439C	src/overlay115/ov115_02260CEC.c	between
ov91_022604F4	ov115_022643EC	src/overlay115/ov115_02260CEC.c	called
ov91_0226066C	ov115_02264564	src/overlay115/ov115_02260CEC.c	calls
ov91_02260728	ov115_02264620	src/overlay115/ov115_02260CEC.c	between
ov91_02260754	ov115_0226464C	src/overlay115/ov115_02260CEC.c	called
ov91_0226078C	ov115_02264684	src/overlay115/ov115_02260CEC.c	between
ov91_022607C4	ov115_022646BC	src/overlay115/ov115_02260CEC.c	calls
ov91_02260830	ov115_02264728	src/overlay115/ov115_02260CEC.c	called
ov91_02260848	ov115_02264740	src/overlay115/ov115_02260CEC.c	calls
ov91_02260884	ov115_0226477C	src/overlay115/ov115_02260CEC.c	called
ov91_022608A8	ov115_022647A0	src/overlay115/ov115_02260CEC.c	called
ov91_02260950	ov115_02264848	src/overlay115/ov115_02260CEC.c	calls
ov91_02260A10	ov115_02264908	src/overlay115/ov115_02260CEC.c	between
ov91_02260A2C	ov115_02264924	src/overlay115/ov115_02260CEC.c	calls
ov91_02260A50	ov115_02264948	src/overlay115/ov115_02260CEC.c	called
ov91_02260A88	ov115_02264980	src/overlay115/ov115_02260CEC.c	called
ov91_02260AF8	ov115_022649F0	src/overlay115/ov115_02260CEC.c	calls
ov91_02260B48	ov115_02264A40	src/overlay115/ov115_02260CEC.c	called
ov91_02260B5C	ov115_02264A54	src/overlay115/ov115_02260CEC.c	between
ov91_02260C48	ov115_02264B40	src/overlay115/ov115_02260CEC.c	calls
ov91_02260CA8	ov115_02264BA0	src/overlay115/ov115_02260CEC.c	between
ov91_02260CB4	ov115_02264BAC	src/overlay115/ov115_02260CEC.c	called
ov91_02260CC8	ov115_02264BC0	src/overlay115/ov115_02260CEC.c	between
ov91_02260CE0	ov115_02264BD8	src/overlay115/ov115_02260CEC.c	called
ov91_02260D00	ov115_02264BF8	src/overlay115/ov115_02260CEC.c	between
ov91_02260D14	ov115_02264C0C	src/overlay115/ov115_02260CEC.c	calls
ov91_02260D80	ov115_02264C78	src/overlay115/ov115_02260CEC.c	between
ov91_02260D98	ov115_02264C90	src/overlay115/ov115_02260CEC.c	calls
ov91_02260E88	ov115_02264D80	src/overlay115/ov115_02260CEC.c	between
ov91_02260EE0	ov115_02264DD8	src/overlay115/ov115_02260CEC.c	called
ov91_02260F50	ov115_02264E48	src/overlay115/ov115_02260CEC.c	called
ov91_02261070	ov115_02264F68	src/overlay115/ov115_02260CEC.c	calls
ov91_022610A8	ov115_02264FA0	src/overlay115/ov115_02260CEC.c	between
ov91_022611D0	ov115_022650C8	src/overlay115/ov115_02260CEC.c	calls
ov91_02261200	ov115_022650F8	src/overlay115/ov115_02260CEC.c	between
ov91_02261208	ov115_02265100	src/overlay115/ov115_02260CEC.c	called
ov91_0226137C	ov115_02265274	src/overlay115/ov115_02260CEC.c	called
ov91_02261384	ov115_0226527C	src/overlay115/ov115_02260CEC.c	called
ov91_022613AC	ov115_022652A4	src/overlay115/ov115_02260CEC.c	called
ov91_022613C8	ov115_022652C0	src/overlay115/ov115_02260CEC.c	between
ov91_022614D4	ov115_022653CC	src/overlay115/ov115_02260CEC.c	called
ov91_022614FC	ov115_022653F4	src/overlay115/ov115_02260CEC.c	between
ov91_02261580	ov115_02265478	src/overlay115/ov115_02260CEC.c	called
ov91_02261790	ov115_02265688	src/overlay115/ov115_02260CEC.c	calls
ov91_02261808	ov115_02265700	src/overlay115/ov115_02260CEC.c	calls
ov91_02261890	ov115_02265788	src/overlay115/ov115_02260CEC.c	called
ov91_022618B0	ov115_022657A8	src/overlay115/ov115_02260CEC.c	called
ov91_02261928	ov115_02265820	src/overlay115/ov115_02260CEC.c	calls
ov91_022619E8	ov115_022658E0	src/overlay115/ov115_02260CEC.c	called
ov91_02261A00	ov115_022658F8	src/overlay115/ov115_02260CEC.c	calls
ov91_02261B10	ov115_02265A08	src/overlay115/ov115_02260CEC.c	called
ov91_02261B20	ov115_02265A18	src/overlay115/ov115_02265A18.c	between
ov91_02261B28	ov115_02265A20	src/overlay115/ov115_02265A18.c	between
ov91_02261B2C	ov115_02265A24	src/overlay115/ov115_02265A24.c	between
ov91_02261B48	ov115_02265A40	src/overlay115/ov115_02265A24.c	between
ov91_02261B4C	ov115_02265A44	src/overlay115/ov115_02265A24.c	between
ov91_02261B58	ov115_02265A50	src/overlay115/ov115_02265A24.c	between
ov91_02261B64	ov115_02265A5C	src/overlay115/ov115_02265A24.c	calls
ov92_0225C540	ov116_02260440	src/overlay116/ov116_02260440.c	calls
ov92_0225C558	ov116_02260458	src/overlay116/ov116_02260440.c	between
ov92_0225C564	ov116_02260464	src/overlay116/ov116_02260440.c	between
ov92_0225C578	ov116_02260478	src/overlay116/ov116_02260440.c	between
ov92_0225C584	ov116_02260484	src/overlay116/ov116_02260440.c	between
ov92_0225C588	ov116_02260488	src/overlay116/ov116_02260440.c	between
ov92_0225C58C	ov116_0226048C	src/overlay116/ov116_02260440.c	between
ov92_0225C590	ov116_02260490	src/overlay116/ov116_02260440.c	between
ov92_0225C594	ov116_02260494	src/overlay116/ov116_02260440.c	between
ov92_0225C598	ov116_02260498	src/overlay116/ov116_02260440.c	between
ov92_0225C59C	ov116_0226049C	src/overlay116/ov116_02260440.c	between
ov92_0225C5A4	ov116_022604A4	src/overlay116/ov116_02260440.c	between
ov92_0225C5A8	ov116_022604A8	src/overlay116/ov116_02260440.c	between
ov92_0225C5C4	ov116_022604C4	src/overlay116/ov116_022604C4.c	calls
ov92_0225CAB4	ov116_022609B4	src/overlay116/ov116_022604C4.c	calls
ov92_0225CB2C	ov116_02260A2C	src/overlay116/ov116_022604C4.c	between
ov92_0225CC6C	ov116_02260B6C	src/overlay116/ov116_022604C4.c	between
ov92_0225CDF4	ov116_02260CF4	src/overlay116/ov116_022604C4.c	between
ov92_0225D1FC	ov116_022610FC	src/overlay116/ov116_022604C4.c	between
ov92_0225D344	ov116_02261244	src/overlay116/ov116_022604C4.c	between
ov92_0225D36C	ov116_0226126C	src/overlay116/ov116_022604C4.c	calls
ov92_0225D3CC	ov116_022612CC	src/overlay116/ov116_022604C4.c	between
ov92_0225D49C	ov116_0226139C	src/overlay116/ov116_022604C4.c	called
ov92_0225D594	ov116_02261494	src/overlay116/ov116_022604C4.c	between
ov92_0225D7CC	ov116_022616CC	src/overlay116/ov116_022604C4.c	between
ov92_0225D868	ov116_02261768	src/overlay116/ov116_022604C4.c	between
ov92_0225D88C	ov116_0226178C	src/overlay116/ov116_022604C4.c	between
ov92_0225D894	ov116_02261794	src/overlay116/ov116_022604C4.c	between
ov92_0225D8C4	ov116_022617C4	src/overlay116/ov116_022604C4.c	called
ov92_0225D8D4	ov116_022617D4	src/overlay116/ov116_022604C4.c	between
ov92_0225D8DC	ov116_022617DC	src/overlay116/ov116_022604C4.c	between
ov92_0225D8E4	ov116_022617E4	src/overlay116/ov116_022604C4.c	called
ov92_0225D970	ov116_02261870	src/overlay116/ov116_02261870.c	order
ov92_0225D9A8	ov116_022618A8	src/overlay116/ov116_02261870.c	order
ov92_0225D9B4	ov116_022618B4	src/overlay116/ov116_02261870.c	calls
ov92_0225DA2C	ov116_0226192C	src/overlay116/ov116_02261870.c	called
ov92_0225DA40	ov116_02261940	src/overlay116/ov116_02261870.c	between
ov92_0225DD48	ov116_02261C48	src/overlay116/ov116_02261870.c	between
ov92_0225DD88	ov116_02261C88	src/overlay116/ov116_02261870.c	calls
ov92_0225DDD8	ov116_02261CD8	src/overlay116/ov116_02261870.c	called
ov92_0225DE08	ov116_02261D08	src/overlay116/ov116_02261870.c	calls
ov92_0225DE70	ov116_02261D70	src/overlay116/ov116_02261870.c	calls
ov92_0225DEF0	ov116_02261DF0	src/overlay116/ov116_02261870.c	called
ov92_0225DF0C	ov116_02261E0C	src/overlay116/ov116_02261870.c	order
ov92_0225DF28	ov116_02261E28	src/overlay116/ov116_02261870.c	order
ov92_0225DF40	ov116_02261E40	src/overlay116/ov116_02261870.c	called
ov92_0225DF58	ov116_02261E58	src/overlay116/ov116_02261870.c	calls
ov92_0225DFA4	ov116_02261EA4	src/overlay116/ov116_02261870.c	between
ov92_0225E008	ov116_02261F08	src/overlay116/ov116_02261870.c	calls
ov92_0225E03C	ov116_02261F3C	src/overlay116/ov116_02261870.c	called
ov92_0225E070	ov116_02261F70	src/overlay116/ov116_02261870.c	between
ov92_0225E100	ov116_02262004	src/overlay116/ov116_02261870.c	between
ov92_0225E130	ov116_02262034	src/overlay116/ov116_02261870.c	between
ov92_0225E188	ov116_0226208C	src/overlay116/ov116_02261870.c	calls
ov92_0225E1A8	ov116_022620AC	src/overlay116/ov116_02261870.c	between
ov92_0225E360	ov116_02262264	src/overlay116/ov116_02261870.c	between
ov92_0225E3C4	ov116_022622C8	src/overlay116/ov116_02261870.c	calls
ov92_0225E6A4	ov116_022625A8	src/overlay116/ov116_02261870.c	calls
ov92_0225E7E4	ov116_022626E8	src/overlay116/ov116_02261870.c	calls
ov92_0225E820	ov116_02262724	src/overlay116/ov116_02261870.c	calls
ov92_0225E918	ov116_0226281C	src/overlay116/ov116_02261870.c	called
ov92_0225E93C	ov116_02262840	src/overlay116/ov116_02261870.c	calls
ov92_0225E9A8	ov116_022628AC	src/overlay116/ov116_02261870.c	called
ov92_0225E9B4	ov116_022628B8	src/overlay116/ov116_02261870.c	order
ov92_0225EB40	ov116_02262A44	src/overlay116/ov116_02262A44.c	order
ov92_0225EB68	ov116_02262A6C	src/overlay116/ov116_02262A44.c	called
ov92_0225EB70	include_unk_ov116_02267C4C	src/overlay116/ov116_02262A8C.c	order
ov92_0225EB88	ov116_02262A8C	src/overlay116/ov116_02262A8C.c	order
ov92_0225EBE0	ov116_02262AE4	src/overlay116/ov116_02262A8C.c	order
ov92_0225ED60	ov116_02262C64	src/overlay116/ov116_02262A8C.c	called
ov92_0225ED68	ov116_02262C6C	src/overlay116/ov116_02262A8C.c	order
ov92_0225ED80	ov116_02262C84	src/overlay116/ov116_02262A8C.c	order
ov92_0225EDB4	ov116_02262CB8	src/overlay116/ov116_02262A8C.c	order
ov92_0225EE04	ov116_02262D08	src/overlay116/ov116_02262A8C.c	between
ov92_0225EE60	ov116_02262D64	src/overlay116/ov116_02262A8C.c	called
ov92_0225EEBC	ov116_02262DC0	src/overlay116/ov116_02262A8C.c	order
ov92_0225EF4C	ov116_02262E50	src/overlay116/ov116_02262A8C.c	order
ov92_0225F254	ov116_02263158	src/overlay116/ov116_02262A8C.c	calls
ov92_0225F338	ov116_0226323C	src/overlay116/ov116_02262A8C.c	order
ov92_0225F530	ov116_02263434	src/overlay116/ov116_02262A8C.c	order
ov92_0225F878	ov116_0226377C	src/overlay116/ov116_02262A8C.c	order
ov92_0225F8B0	ov116_022637B4	src/overlay116/ov116_02262A8C.c	called
ov92_0225F8EC	ov116_022637F0	src/overlay116/ov116_02262A8C.c	called
ov92_0225F968	ov116_0226386C	src/overlay116/ov116_02262A8C.c	order
ov92_0225F9C4	ov116_022638C8	src/overlay116/ov116_02262A8C.c	called
ov92_0225FAB8	ov116_022639BC	src/overlay116/ov116_02262A8C.c	called
ov92_0225FC2C	ov116_02263B30	src/overlay116/ov116_02262A8C.c	order
ov92_0225FC9C	ov116_02263BA0	src/overlay116/ov116_02262A8C.c	order
ov92_0225FEB4	ov116_02263DB8	src/overlay116/ov116_02262A8C.c	order
ov92_0225FEE4	ov116_02263DE8	src/overlay116/ov116_02262A8C.c	order
ov92_0225FF1C	ov116_02263E20	src/overlay116/ov116_02262A8C.c	order
ov92_02260428	ov116_0226432C	src/overlay116/ov116_0226432C.c	called
ov92_02260628	ov116_0226452C	src/overlay116/ov116_0226432C.c	between
ov92_0226077C	ov116_02264680	src/overlay116/ov116_0226432C.c	order
ov92_02260798	ov116_0226469C	src/overlay116/ov116_0226432C.c	between
ov92_022607F8	ov116_022646FC	src/overlay116/ov116_0226432C.c	between
ov92_02260860	ov116_02264764	src/overlay116/ov116_0226432C.c	called
ov92_02260870	ov116_02264774	src/overlay116/ov116_0226432C.c	called
ov92_022608B8	ov116_022647BC	src/overlay116/ov116_0226432C.c	calls
ov92_02260A38	ov116_0226493C	src/overlay116/ov116_0226432C.c	called
ov92_022610E8	ov116_02264FEC	src/overlay116/ov116_0226432C.c	order
ov92_02261118	ov116_0226501C	src/overlay116/ov116_0226432C.c	called
ov92_02261208	ov116_0226510C	src/overlay116/ov116_0226432C.c	calls
ov92_0226135C	ov116_02265260	src/overlay116/ov116_0226432C.c	called
ov92_022613F0	ov116_022652F4	src/overlay116/ov116_0226432C.c	called
ov92_02261448	ov116_0226534C	src/overlay116/ov116_0226432C.c	calls
ov92_0226156C	ov116_02265470	src/overlay116/ov116_0226432C.c	between
ov92_022616D8	ov116_022655DC	src/overlay116/ov116_0226432C.c	called
ov92_02261850	ov116_02265754	src/overlay116/ov116_0226432C.c	called
ov92_022619C4	ov116_022658C8	src/overlay116/ov116_0226432C.c	between
ov92_02261A18	ov116_0226591C	src/overlay116/ov116_0226432C.c	calls
ov92_02261B18	ov116_02265A1C	src/overlay116/ov116_0226432C.c	between
ov92_02261BA0	ov116_02265AA4	src/overlay116/ov116_0226432C.c	between
ov92_02261E80	ov116_02265D84	src/overlay116/ov116_0226432C.c	called
ov92_02261E88	ov116_02265D8C	src/overlay116/ov116_0226432C.c	called
ov92_02261F60	ov116_02265E64	src/overlay116/ov116_0226432C.c	called
ov92_02262018	ov116_02265F1C	src/overlay116/ov116_0226432C.c	called
ov92_022620D0	ov116_02265FD4	src/overlay116/ov116_0226432C.c	calls
ov92_022621A4	ov116_022660A8	src/overlay116/ov116_0226432C.c	between
ov92_02262548	ov116_0226644C	src/overlay116/ov116_0226432C.c	between
ov92_022628F0	ov116_022667F4	src/overlay116/ov116_0226432C.c	between
ov92_02262CEC	ov116_02266BF0	src/overlay116/ov116_0226432C.c	between
ov92_022630E8	ov116_02266FEC	src/overlay116/ov116_02266FEC.c	called
ov93_0225C540	ov117_02260440	src/overlay117/ov117_02260440.c	calls
ov93_0225C574	ov117_02260474	src/overlay117/ov117_02260440.c	calls
ov93_0225C6C0	ov117_022605C0	src/overlay117/ov117_02260440.c	between
ov93_0225C6D8	ov117_022605D8	src/overlay117/ov117_02260440.c	calls
ov93_0225C730	ov117_02260630	src/overlay117/ov117_02260440.c	called
ov93_0225C768	ov117_02260668	src/overlay117/ov117_02260668.c	calls
ov93_0225CA8C	ov117_0226098C	src/overlay117/ov117_02260668.c	between
ov93_0225CD10	ov117_02260C10	src/overlay117/ov117_02260668.c	calls
ov93_0225CEA0	ov117_02260DA0	src/overlay117/ov117_02260668.c	calls
ov93_0225CF14	ov117_02260E14	src/overlay117/ov117_02260668.c	between
ov93_0225CF34	ov117_02260E34	src/overlay117/ov117_02260668.c	between
ov93_0225CFB8	ov117_02260EB8	src/overlay117/ov117_02260668.c	between
ov93_0225CFC0	ov117_02260EC0	src/overlay117/ov117_02260668.c	calls
ov93_0225D064	ov117_02260F64	src/overlay117/ov117_02260668.c	calls
ov93_0225D07C	ov117_02260F7C	src/overlay117/ov117_02260668.c	order
ov93_0225D1D8	ov117_022610D8	src/overlay117/ov117_02260668.c	order
ov93_0225D468	ov117_02261368	src/overlay117/ov117_02260668.c	calls
ov93_0225D4B8	ov117_022613B8	src/overlay117/ov117_02260668.c	between
ov93_0225D4EC	ov117_022613EC	src/overlay117/ov117_02260668.c	calls
ov93_0225D5AC	ov117_022614AC	src/overlay117/ov117_02260668.c	calls
ov93_0225D674	ov117_02261574	src/overlay117/ov117_02260668.c	between
ov93_0225D6E0	ov117_022615E0	src/overlay117/ov117_02260668.c	between
ov93_0225D700	ov117_02261600	src/overlay117/ov117_02260668.c	between
ov93_0225D744	ov117_02261644	src/overlay117/ov117_02260668.c	between
ov93_0225D768	ov117_02261668	src/overlay117/ov117_02260668.c	between
ov93_0225D78C	ov117_0226168C	src/overlay117/ov117_02260668.c	calls
ov93_0225D9E8	ov117_022618E8	src/overlay117/ov117_02260668.c	between
ov93_0225DA40	ov117_02261940	src/overlay117/ov117_02260668.c	between
ov93_0225DAF8	ov117_022619F8	src/overlay117/ov117_02260668.c	between
ov93_0225DB2C	ov117_02261A2C	src/overlay117/ov117_02260668.c	between
ov93_0225DBC4	ov117_02261AC4	src/overlay117/ov117_02260668.c	between
ov93_0225DBC8	ov117_02261AC8	src/overlay117/ov117_02260668.c	between
ov93_0225DD28	ov117_02261C28	src/overlay117/ov117_02260668.c	between
ov93_0225DD2C	ov117_02261C2C	src/overlay117/ov117_02260668.c	calls
ov93_0225DED0	ov117_02261DD0	src/overlay117/ov117_02260668.c	calls
ov93_0225DF38	ov117_02261E38	src/overlay117/ov117_02260668.c	calls
ov93_0225E008	ov117_02261F08	src/overlay117/ov117_02260668.c	called
ov93_0225E03C	ov117_02261F3C	src/overlay117/ov117_02260668.c	order
ov93_0225E0A4	ov117_02261FA4	src/overlay117/ov117_02260668.c	order
ov93_0225E0F4	ov117_02261FF4	src/overlay117/ov117_02260668.c	called
ov93_0225E10C	ov117_0226200C	src/overlay117/ov117_02260668.c	order
ov93_0225E144	ov117_02262044	src/overlay117/ov117_02260668.c	between
ov93_0225E1A0	ov117_022620A0	src/overlay117/ov117_02260668.c	called
ov93_0225E1E0	ov117_022620E0	src/overlay117/ov117_02260668.c	between
ov93_0225E230	ov117_02262130	src/overlay117/ov117_02260668.c	between
ov93_0225E27C	ov117_0226217C	src/overlay117/ov117_02260668.c	between
ov93_0225E2D4	ov117_022621D4	src/overlay117/ov117_02260668.c	called
ov93_0225E300	ov117_02262200	src/overlay117/ov117_02260668.c	order
ov93_0225E370	ov117_02262270	src/overlay117/ov117_02260668.c	order
ov93_0225E3B8	ov117_02266730	src/overlay117/ov117_022666C0.c	called
ov93_0225E3C4	ov117_022622C4	src/overlay117/ov117_02260668.c	order
ov93_0225E45C	ov117_0226235C	src/overlay117/ov117_02260668.c	between
ov93_0225E48C	ov117_0226238C	src/overlay117/ov117_02260668.c	between
ov93_0225E4B0	ov117_022623B0	src/overlay117/ov117_02260668.c	order
ov93_0225E548	ov117_02262448	src/overlay117/ov117_02260668.c	called
ov93_0225E584	ov117_02262484	src/overlay117/ov117_02260668.c	order
ov93_0225E61C	ov117_0226251C	src/overlay117/ov117_02260668.c	order
ov93_0225E6F8	ov117_022625F8	src/overlay117/ov117_02260668.c	order
ov93_0225E764	ov117_02262664	src/overlay117/ov117_02260668.c	order
ov93_0225E7AC	ov117_022626AC	src/overlay117/ov117_02260668.c	order
ov93_0225E7B0	ov117_022626B0	src/overlay117/ov117_022626B0.c	order
ov93_0225E860	ov117_02262760	src/overlay117/ov117_022626B0.c	order
ov93_0225E898	ov117_02262798	src/overlay117/ov117_022626B0.c	order
ov93_0225EA50	ov117_02262950	src/overlay117/ov117_022626B0.c	order
ov93_0225EA6C	ov117_0226296C	src/overlay117/ov117_022626B0.c	between
ov93_0225EA98	ov117_02262998	src/overlay117/ov117_022626B0.c	order
ov93_0225EAE0	ov117_022629E0	src/overlay117/ov117_022626B0.c	order
ov93_0225EB38	ov117_02262A38	src/overlay117/ov117_022626B0.c	called
ov93_0225EB70	ov117_02262A70	src/overlay117/ov117_022626B0.c	between
ov93_0225EC98	ov117_02262B98	src/overlay117/ov117_022626B0.c	called
ov93_0225ED3C	ov117_02262C3C	src/overlay117/ov117_022626B0.c	calls
ov93_0225ED60	ov117_02262C60	src/overlay117/ov117_022626B0.c	calls
ov93_0225EDB8	ov117_02262CB8	src/overlay117/ov117_022626B0.c	between
ov93_0225EDE8	ov117_02262CE8	src/overlay117/ov117_022626B0.c	between
ov93_0225EDFC	ov117_02262CFC	src/overlay117/ov117_022626B0.c	calls
ov93_0225EE4C	ov117_02262D4C	src/overlay117/ov117_022626B0.c	between
ov93_0225FBF0	ov117_02263AF0	src/overlay117/ov117_02263AF0.c	between
ov93_0225FC8C	ov117_02263B8C	src/overlay117/ov117_02263AF0.c	called
ov93_0225FCA4	ov117_02263BA4	src/overlay117/ov117_02263AF0.c	called
ov93_0225FD8C	ov117_02263C8C	src/overlay117/ov117_02263AF0.c	between
ov93_0225FDF4	ov117_02266784	src/overlay117/ov117_022666C0.c	called
ov93_0225FE08	ov117_02263D08	src/overlay117/ov117_02263AF0.c	called
ov93_0225FE5C	ov117_02263D5C	src/overlay117/ov117_02263AF0.c	between
ov93_0225FE80	ov117_02263D80	src/overlay117/ov117_02263AF0.c	between
ov93_0225FEAC	ov117_02263DAC	src/overlay117/ov117_02263AF0.c	called
ov93_0225FEC4	ov117_02263DC4	src/overlay117/ov117_02263AF0.c	between
ov93_0225FF1C	ov117_02263E1C	src/overlay117/ov117_02263AF0.c	between
ov93_0225FFF8	ov117_02263EF8	src/overlay117/ov117_02263AF0.c	calls
ov93_02260080	ov117_02263F80	src/overlay117/ov117_02263AF0.c	called
ov93_0226027C	ov117_0226417C	src/overlay117/ov117_02263AF0.c	calls
ov93_022602E4	ov117_022641E4	src/overlay117/ov117_02263AF0.c	between
ov93_02260314	ov117_02264214	src/overlay117/ov117_02263AF0.c	calls
ov93_02260608	ov117_02264508	src/overlay117/ov117_02263AF0.c	between
ov93_02260660	ov117_02264560	src/overlay117/ov117_02263AF0.c	between
ov93_02260908	ov117_02264808	src/overlay117/ov117_02263AF0.c	calls
ov93_02260984	ov117_02264884	src/overlay117/ov117_02263AF0.c	calls
ov93_022609E0	ov117_022648E0	src/overlay117/ov117_02263AF0.c	called
ov93_02260A14	ov117_02264914	src/overlay117/ov117_02263AF0.c	called
ov93_02260A30	ov117_02264930	src/overlay117/ov117_02263AF0.c	between
ov93_02260A58	ov117_02264958	src/overlay117/ov117_02263AF0.c	between
ov93_02260A8C	ov117_0226498C	src/overlay117/ov117_02263AF0.c	called
ov93_02260AD8	ov117_022649D8	src/overlay117/ov117_02263AF0.c	calls
ov93_02260B70	ov117_02264A70	src/overlay117/ov117_02263AF0.c	called
ov93_02260B84	ov117_02264A84	src/overlay117/ov117_02263AF0.c	called
ov93_02260BB0	ov117_02264AB0	src/overlay117/ov117_02263AF0.c	between
ov93_02260BF0	ov117_02264AF0	src/overlay117/ov117_02263AF0.c	between
ov93_02260CF8	ov117_02264BF8	src/overlay117/ov117_02263AF0.c	called
ov93_02260E1C	ov117_02264D1C	src/overlay117/ov117_02263AF0.c	called
ov93_02260F14	ov117_02264E14	src/overlay117/ov117_02263AF0.c	between
ov93_02260F3C	ov117_02264E3C	src/overlay117/ov117_02263AF0.c	between
ov93_02260F84	ov117_02264E84	src/overlay117/ov117_02263AF0.c	between
ov93_02260FB8	ov117_02264EB8	src/overlay117/ov117_02263AF0.c	between
ov93_022610B0	ov117_02264FB0	src/overlay117/ov117_02263AF0.c	calls
ov93_0226114C	ov117_0226504C	src/overlay117/ov117_02263AF0.c	called
ov93_02261164	ov117_02265064	src/overlay117/ov117_02263AF0.c	calls
ov93_022612E0	ov117_022651E0	src/overlay117/ov117_02263AF0.c	calls
ov93_02261310	ov117_02265210	src/overlay117/ov117_02263AF0.c	between
ov93_02261354	ov117_02265254	src/overlay117/ov117_02263AF0.c	between
ov93_022614F4	ov117_022653F4	src/overlay117/ov117_02263AF0.c	between
ov93_02261528	ov117_02265428	src/overlay117/ov117_02263AF0.c	between
ov93_02261538	ov117_02265438	src/overlay117/ov117_02263AF0.c	between
ov93_0226154C	ov117_0226544C	src/overlay117/ov117_02263AF0.c	between
ov93_02261554	ov117_02265454	src/overlay117/ov117_02263AF0.c	between
ov93_02261744	ov117_02265644	src/overlay117/ov117_02263AF0.c	between
ov93_022618C4	ov117_022657C4	src/overlay117/ov117_02263AF0.c	between
ov93_02261BBC	ov117_02265ABC	src/overlay117/ov117_02263AF0.c	calls
ov93_02261C3C	ov117_02265B3C	src/overlay117/ov117_02263AF0.c	called
ov93_02261C58	ov117_02265B58	src/overlay117/ov117_02263AF0.c	order
ov93_02261D1C	ov117_02265C1C	src/overlay117/ov117_02263AF0.c	order
ov93_02261D3C	ov117_02265C3C	src/overlay117/ov117_02263AF0.c	order
ov93_02261EB8	ov117_02265DB8	src/overlay117/ov117_02263AF0.c	order
ov93_02261FB0	ov117_02265EB0	src/overlay117/ov117_02263AF0.c	called
ov93_02262034	ov117_02265F34	src/overlay117/ov117_02263AF0.c	order
ov93_022620D4	ov117_02266008	src/overlay117/ov117_02263AF0.c	order
ov93_02262108	ov117_02266030	src/overlay117/ov117_02263AF0.c	order
ov93_02262230	ov117_02266130	src/overlay117/ov117_02263AF0.c	order
ov93_02262250	ov117_02266150	src/overlay117/ov117_02263AF0.c	order
ov93_02262310	ov117_02266210	src/overlay117/ov117_02263AF0.c	called
ov93_02262338	ov117_02266238	src/overlay117/ov117_02263AF0.c	called
ov93_02262344	ov117_02266244	src/overlay117/ov117_02263AF0.c	order
ov93_02262368	ov117_02266268	src/overlay117/ov117_02263AF0.c	called
ov93_02262374	ov117_02266274	src/overlay117/ov117_02263AF0.c	calls
ov93_02262444	ov117_02266344	src/overlay117/ov117_02263AF0.c	called
ov93_02262484	ov117_02266384	src/overlay117/ov117_02263AF0.c	called
ov93_0226249C	ov117_0226639C	src/overlay117/ov117_02263AF0.c	between
ov93_02262540	ov117_02266440	src/overlay117/ov117_02263AF0.c	calls
ov93_02262598	ov117_02266498	src/overlay117/ov117_02266498.c	between
ov93_022625BC	ov117_022664BC	src/overlay117/ov117_02266498.c	between
ov93_022626E8	ov117_022665E8	src/overlay117/ov117_02266498.c	calls
ov93_022626FC	ov117_022665FC	src/overlay117/ov117_022665FC.c	between
ov93_02262710	ov117_02266610	src/overlay117/ov117_022665FC.c	between
ov93_02262714	ov117_02266614	src/overlay117/ov117_022665FC.c	between
ov93_02262718	ov117_02266618	src/overlay117/ov117_022665FC.c	between
ov93_02262724	ov117_02266624	src/overlay117/ov117_022665FC.c	called
ov93_0226273C	ov117_0226663C	src/overlay117/ov117_022665FC.c	between
ov93_02262748	ov117_02266648	src/overlay117/ov117_022665FC.c	called
ov93_02262760	ov117_02266660	src/overlay117/ov117_022665FC.c	between
ov93_022627A4	ov117_022666A4	src/overlay117/ov117_022665FC.c	between
ov93_022627C0	ov117_022666C0	src/overlay117/ov117_022666C0.c	called
ov93_022627E8	ov117_022666E8	src/overlay117/ov117_022666C0.c	between
ov93_02262814	ov117_02266714	src/overlay117/ov117_022666C0.c	calls
ov93_02262830	ov117_022622B8	src/overlay117/ov117_02260668.c	called
ov93_02262860	ov117_02266760	src/overlay117/ov117_022666C0.c	between
ov93_02262884	ov117_02263CF4	src/overlay117/ov117_02263AF0.c	called
ov93_022628B8	ov117_022667B8	src/overlay117/ov117_022666C0.c	between
ov93_022628F4	ov117_022667F4	src/overlay117/ov117_022666C0.c	called
ov93_02262920	ov117_02266820	src/overlay117/ov117_022666C0.c	between
ov93_02262934	ov117_02266834	src/overlay117/ov117_022666C0.c	called
ov93_02262960	ov117_02266860	src/overlay117/ov117_022666C0.c	between
ov93_0226297C	ov117_0226687C	src/overlay117/ov117_022666C0.c	called
ov93_022629A8	ov117_022668A8	src/overlay117/ov117_022666C0.c	between
ov93_022629B8	ov117_022668B8	src/overlay117/ov117_022666C0.c	called
ov95_021E5B58	EggHatchParticleSystem_Update	src/cutscenes/egg_hatch/graphics.c	called
ov95_021E5B7C	EggHatch_FadeIn	src/cutscenes/egg_hatch/graphics.c	between
ov95_021E5B9C	EggHatch_FadeOut	src/cutscenes/egg_hatch/graphics.c	between
ov95_021E5BBC	EggHatch_LoadMessageBoxGraphics	src/cutscenes/egg_hatch/graphics.c	between
ov95_021E5C44	EggHatch_CreateMessageWindow	src/cutscenes/egg_hatch/graphics.c	between
ov95_021E5CAC	EggHatch_PrintMessage	src/cutscenes/egg_hatch/graphics.c	between
ov95_021E5D34	EggHatch_CreateYesNoMenu	src/cutscenes/egg_hatch/graphics.c	between
ov95_021E5D44	EggHatch_FreeMenu	src/cutscenes/egg_hatch/graphics.c	between
ov95_021E5D98	EggHatch_FreeWindow	src/cutscenes/egg_hatch/graphics.c	between
ov95_021E5DB4	EggHatch_LoadMainBackground	src/cutscenes/egg_hatch/graphics.c	between
ov95_021E5DD0	EggHatch_LoadSubScreenBackground	src/cutscenes/egg_hatch/graphics.c	between
ov95_021E5E18	NewParticleSystem	src/cutscenes/egg_hatch/graphics.c	between
ov95_021E5E40	EggHatchParticleSystem_FreeParticleSystem	src/cutscenes/egg_hatch/graphics.c	between
ov95_021E5E58	SetSPLEmitterPos	src/cutscenes/egg_hatch/graphics.c	between
ov95_021E5E90	EggHatchParticleSystem_New	src/cutscenes/egg_hatch/graphics.c	between
ov95_021E5EC0	EggHatchParticleSystem_CreateEmitter	src/cutscenes/egg_hatch/graphics.c	called
ov95_021E5EDC	EggHatchParticleSystem_EmittersActive	src/cutscenes/egg_hatch/graphics.c	called
ov95_021E5EF0	EggHatchParticleSystem_Free	src/cutscenes/egg_hatch/graphics.c	between
ov95_021E5EF8	EggHatch_LoadSpriteResources	src/cutscenes/egg_hatch/graphics.c	calls
ov95_021E6000	EggHatch_CreateSprites	src/cutscenes/egg_hatch/graphics.c	calls
ov95_021E60A4	IncrementShakeAnimation	src/cutscenes/egg_hatch/graphics.c	calls
ov95_021E6150	EggHatch_ShakeEgg	src/cutscenes/egg_hatch/graphics.c	called
ov95_021E6184	EggHatch_DeleteSprites	src/cutscenes/egg_hatch/graphics.c	between
ov95_021E619C	EggHatch_InitSpriteSystem	src/cutscenes/egg_hatch/graphics.c	between
ov95_021E6228	EggHatch_FreeSpriteSystem	src/cutscenes/egg_hatch/graphics.c	between
ov95_021E623C	EggHatch_CreateMonSprite	src/cutscenes/egg_hatch/graphics.c	between
ov95_021E62A4	EggHatch_PlayMonAnim	src/cutscenes/egg_hatch/graphics.c	between
ov95_021E62E4	EggHatch_DeleteMonSprite	src/cutscenes/egg_hatch/graphics.c	between
ov95_021E62F0	EggHatch_HideMonSprite	src/cutscenes/egg_hatch/graphics.c	called
ov95_021E6300	EggHatch_PlayCutscene	src/cutscenes/egg_hatch/main.c	called
ov95_021E6314	EggHatchCutscene_Normal	src/cutscenes/egg_hatch/main.c	between
ov95_021E65A0	EggHatchCutscene_Manaphy	src/cutscenes/egg_hatch/main.c	between
ov95_021E67F0	InitializeEggAnimation	src/cutscenes/egg_hatch/main.c	calls
ov95_021E6838	StartBreakingEgg	src/cutscenes/egg_hatch/main.c	calls
ov95_021E68A8	FirstEggShardsBreakOff	src/cutscenes/egg_hatch/main.c	calls
ov95_021E6900	MoreEggShardsBreakAway	src/cutscenes/egg_hatch/main.c	calls
ov95_021E6964	CompleteEggAnimation	src/cutscenes/egg_hatch/main.c	calls
ov95_021E6B74	ManaphyEggAnimation	src/cutscenes/egg_hatch/main.c	calls
ov96_021E65D8	ov83_0223E28C	src/overlay083/ov83_0223D6A8.c	calls
ov96_021E8770	ov83_0223D4CC	src/overlay083/ov83_0223D4CC.c	calls
ov96_021E883C	ov83_0223D584	src/overlay083/ov83_0223D4CC.c	called
ov96_021E8AAC	GreatMarshLookout_FreeSpriteResources	src/overlay006/great_marsh_lookout_sprite.c	calls
ov96_021E8BF4	ov17_022508E4	src/overlay017/ov17_02250744.c	called
ov96_021E8FB4	ov17_022492AC	src/overlay017/ov17_02247A48.c	calls
ov96_021E8FE0	ov17_0224F26C	src/overlay017/ov17_0224F18C.c	called
ov96_021E9204	ov17_0223F5E8	src/overlay017/ov17_0223F118.c	called
ov96_021E9290	ov17_02251860	src/overlay017/ov17_02250744.c	called
ov96_021E9524	ov17_0224F2DC	src/overlay017/ov17_0224F18C.c	order
ov96_021E9820	sub_0202A390	src/unk_020298BC.c	calls
ov96_021E9858	ov17_0224F30C	src/overlay017/ov17_0224F18C.c	order
ov96_021E99F4	ov17_0224F344	src/overlay017/ov17_0224F18C.c	order
ov96_021E99F8	ov17_0224F3D0	src/overlay017/ov17_0224F18C.c	order
ov96_021E99FC	ov17_0224F4B8	src/overlay017/ov17_0224F18C.c	order
ov96_021E9A38	ov17_0224FE50	src/overlay017/ov17_0224F4D4.c	order
ov96_021E9A48	ov17_0224FE60	src/overlay017/ov17_0224F4D4.c	order
ov96_021E9A54	ov17_0224FE68	src/overlay017/ov17_0224F4D4.c	order
ov96_021E9A68	ov17_0224FECC	src/overlay017/ov17_0224F4D4.c	order
ov96_021EA854	SaveBlockFooter_Erase	src/savedata.c	calls
ov96_021EAA20	ov17_0223F6C4	src/overlay017/ov17_0223F118.c	called
ov96_021EAD88	ov19_021D9E04	src/applications/pc_boxes/ov19_021D8B54.c	calls
ov96_021EAE4C	ov17_022504E4	src/overlay017/ov17_0224F4D4.c	order
ov96_021EAF60	ov17_02250968	src/overlay017/ov17_02250744.c	order
ov96_021EAF70	ov17_02250A84	src/overlay017/ov17_02250744.c	order
ov96_021EAF78	ov17_02250A88	src/overlay017/ov17_02250744.c	order
ov96_021EB10C	ov17_02250AD8	src/overlay017/ov17_02250744.c	order
ov96_021EB138	ov17_02251914	src/overlay017/ov17_02250744.c	order
ov96_021EB144	ov17_02251930	src/overlay017/ov17_02250744.c	order
ov96_021EB630	ov17_02251D6C	src/overlay017/ov17_02251D6C.c	order
ov96_021EB688	ov17_02252008	src/overlay017/ov17_02251D6C.c	order
ov96_021EB6A0	ov17_02252970	src/overlay017/ov17_02251D6C.c	order
ov96_021EC218	ov17_022529C8	src/overlay017/ov17_02251D6C.c	order
ov96_021EC298	ov17_02252A70	src/overlay017/ov17_02252A70.c	order
ov96_021ECA18	ov17_02252AB0	src/overlay017/ov17_02252AB0.c	calls
ov96_021ED48C	ov17_0224F1F8	src/overlay017/ov17_0224F18C.c	called
ov96_021ED524	StringTemplate_SetUnionGroupName	src/string_template.c	calls
ov96_021F0A7C	PCHallOfFame_Open	src/applications/pc_hall_of_fame/display.c	calls
ov96_021F2EC8	TrainerCard_AddWindows	src/applications/trainer_case/card_text.c	calls
ov96_021F8E94	ov62_0223113C	src/overlay062/ov62_022300D8.c	calls
ov96_022038A0	ov19_021DEB18	src/applications/pc_boxes/ov19_021DE3E8.c	calls
ov96_022107F0	SecretBases_ResetAllBaseInfo	src/underground/secret_bases.c	calls
ov96_0221090C	FieldSystem_SaveTVSegment_SealClubShow	src/tv_segment.c	calls
ov96_0221A05C	TitleScreen_InitCoordinates	src/applications/title_screen.c	calls
ov97_0221E834	ov77_021D54B0	src/game_opening/ov77_021D54B0.c	calls
ov97_0221E864	ov5_021D154C	src/overlay005/fieldmap.c	calls
ov99_021E7508	BattleBagSprites_SetupScreen	src/battle_sub_menus/battle_bag_sprites.c	calls
ov99_021E9418	NamingScreenArgs_Free	src/applications/naming_screen.c	calls
sub_0200E398	PaletteData_LoadBufferFromFileStart	src/palette.c	called
sub_0200E448	DrawStandardWindowFrame	src/render_window.c	between
sub_0200E5D4	Window_EraseStandardFrame	src/render_window.c	called
sub_0200E63C	Graphics_GetCharData	src/graphics.c	called
sub_0200E640	GetMessageBoxPaletteNARCMember	src/render_window.c	between
sub_0200E6B4	DrawMessageBoxFrame	src/render_window.c	between
sub_0200E948	Window_DrawMessageBox	src/render_window.c	between
sub_0200EA24	BlitRectToBitmap	src/render_window.c	order
sub_0200EA68	DrawMessageBoxScrollCursor	src/render_window.c	order
sub_0200EB80	ReplaceTransparentTiles	src/render_window.c	calls
sub_0200EC84	LoadSignpostContentTiles	src/render_window.c	called
sub_0200ECBC	DrawSignpostFrame	src/render_window.c	between
sub_0200EF84	DrawSignpostTiles	src/render_window.c	between
sub_0200F1D4	DrawWaitDial	src/render_window.c	between
sub_0200F3D0	SysTask_TickWaitDial	src/render_window.c	between
sub_0200F43C	SysTask_CleanupWaitDial	src/render_window.c	between
sub_0200F450	DestroyWaitDial	src/render_window.c	called
sub_0200F478	DestroyWaitDialTaskOnly	src/render_window.c	order
sub_0200F54C	SysTask_HandlePokemonPreview	src/render_window.c	order
sub_0200F600	sub_0200ED50	src/render_window.c	called
sub_0200F62C	LoadPokemonPreviewResources	src/render_window.c	order
sub_0200F684	CreatePokemonPreviewSprite	src/render_window.c	order
sub_0200F6D4	LoadAndDrawPokemonPreviewSprite	src/render_window.c	order
sub_0200F714	LoadAndDrawPokemonPreviewSpriteFromStruct	src/render_window.c	order
sub_0200F748	DrawPokemonPreviewSprite	src/render_window.c	calls
sub_0200F82C	DrawPokemonPreviewWindow	src/render_window.c	between
sub_0200F9DC	ErasePokemonPreviewWindow	src/render_window.c	called
sub_0200FB70	FinishScreenFade	src/screen_fade.c	between
sub_0200FBF4	SetScreenColorBrightness	src/screen_fade.c	called
sub_0200FC20	SetColorBrightness	src/screen_fade.c	between
sub_0200FC60	SetupScreenFadeRegisters	src/screen_fade.c	between
sub_0200FCDC	sub_0200FCDC	src/screen_fade_funcs.c	same
sub_0200FE78	InitScreenFade	src/screen_fade.c	order
sub_0200FE84	ClearHBlanks	src/screen_fade.c	order
sub_0200FEB0	RunHBlankCallbacks	src/screen_fade.c	order
sub_0200FEE4	EnableScreenHBlank	src/screen_fade.c	called
sub_0200FF5C	DisableScreenHBlank	src/screen_fade.c	called
sub_0200FF88	RequestEnableScreenHBlank	src/screen_fade.c	order
sub_0200FFB4	RequestDisableScreenHBlank	src/screen_fade.c	order
sub_0200FFD8	Task_EnableScreenHBlank	src/screen_fade.c	order
sub_0200FFF8	Task_DisableScreenHBlank	src/screen_fade.c	order
sub_02010014	sub_02010014	src/screen_fade_funcs.c	same
sub_02010018	GetFadeColor	src/screen_fade.c	order
sub_0201002C	GetSavedFadeColor	src/screen_fade.c	order
sub_02010050	Task_ResetScreenMasterBrightness	src/screen_fade.c	calls
sub_02010064	RequestResetScreenMasterBrightness	src/screen_fade.c	between
sub_02010094	ResetWindowScreenFade	src/screen_fade.c	calls
sub_020100C4	ZeroScreenFadeManager	src/screen_fade.c	called
sub_020109BC	sub_020100E0	src/screen_fade_funcs.c	called
sub_020109D8	sub_020100FC	src/screen_fade_funcs.c	between
sub_02010A00	sub_02010124	src/screen_fade_funcs.c	order
sub_02010A54	sub_02010178	src/screen_fade_funcs.c	order
sub_02010A6C	sub_02010190	src/screen_fade_funcs.c	between
sub_02010A7C	sub_020101A0	src/screen_fade_funcs.c	order
sub_02010A8C	sub_020101B0	src/screen_fade_funcs.c	called
sub_02010AB0	sub_020101D4	src/screen_fade_funcs.c	called
sub_02010B14	sub_02010238	src/screen_fade_funcs.c	order
sub_02010BB4	sub_020102D8	src/screen_fade_funcs.c	order
sub_02010BF4	sub_02010318	src/screen_fade_funcs.c	order
sub_02010E64	sub_02010588	src/screen_fade_funcs.c	order
sub_02010EC8	sub_020105EC	src/screen_fade_funcs.c	called
sub_02010ED0	sub_020105F4	src/screen_fade_funcs.c	order
sub_02010EE0	sub_02012174	src/screen_fade_funcs.c	called
sub_02010F00	sub_02010624	src/screen_fade_funcs.c	order
sub_02010F34	sub_02010658	src/screen_fade_funcs.c	called
sub_02010F84	sub_020106A8	src/screen_fade_funcs.c	called
sub_02011068	sub_02010710	src/screen_fade_funcs.c	called
sub_02011080	sub_02010728	src/screen_fade_funcs.c	order
sub_020110C4	sub_0201076C	src/screen_fade_funcs.c	order
sub_020110DC	sub_02010784	src/screen_fade_funcs.c	order
sub_020110F4	sub_0201079C	src/screen_fade_funcs.c	order
sub_02011104	sub_020107AC	src/screen_fade_funcs.c	order
sub_0201164C	sub_02010CF4	src/screen_fade_funcs.c	order
sub_0201169C	sub_02010D44	src/screen_fade_funcs.c	order
sub_020116EC	sub_02010D94	src/screen_fade_funcs.c	order
sub_02011744	sub_02010DEC	src/screen_fade_funcs.c	order
sub_020117A0	sub_02010E48	src/screen_fade_funcs.c	order
sub_020117FC	sub_02010EA4	src/screen_fade_funcs.c	order
sub_02011884	sub_02010F2C	src/screen_fade_funcs.c	order
sub_020118BC	sub_02010F64	src/screen_fade_funcs.c	order
sub_02011918	sub_02010FC0	src/screen_fade_funcs.c	called
sub_020119F4	sub_0201109C	src/screen_fade_funcs.c	order
sub_02011A44	sub_020110EC	src/screen_fade_funcs.c	between
sub_02011AD8	sub_02011180	src/screen_fade_funcs.c	called
sub_02011B5C	sub_02011204	src/screen_fade_funcs.c	order
sub_02011B94	sub_0201123C	src/screen_fade_funcs.c	order
sub_02011BF0	sub_02011298	src/screen_fade_funcs.c	called
sub_02011CB8	sub_02011360	src/screen_fade_funcs.c	order
sub_02011D08	sub_020113B0	src/screen_fade_funcs.c	called
sub_02011D60	sub_02011408	src/screen_fade_funcs.c	order
sub_02011D98	sub_02011440	src/screen_fade_funcs.c	order
sub_02011DEC	sub_02011494	src/screen_fade_funcs.c	called
sub_02011EC0	sub_02011568	src/screen_fade_funcs.c	order
sub_02011F10	sub_020115B8	src/screen_fade_funcs.c	order
sub_02011FF8	sub_020116A0	src/screen_fade_funcs.c	order
sub_02012030	sub_020116D8	src/screen_fade_funcs.c	order
sub_02012090	sub_02011738	src/screen_fade_funcs.c	called
sub_020121A4	sub_0201184C	src/screen_fade_funcs.c	order
sub_020121F4	sub_0201189C	src/screen_fade_funcs.c	order
sub_02012204	sub_020118AC	src/screen_fade_funcs.c	called
sub_02012238	sub_02012138	src/screen_fade_funcs.c	order
sub_02012290	sub_02012290	src/screen_fade_funcs.c	same
sub_020122B8	sub_02011960	src/screen_fade_funcs.c	called
sub_020122F8	sub_020119A0	src/screen_fade_funcs.c	called
sub_02012358	sub_02011A00	src/screen_fade_funcs.c	order
sub_02012454	sub_02011AFC	src/screen_fade_funcs.c	order
sub_020124AC	sub_02011B54	src/screen_fade_funcs.c	order
sub_020124B0	sub_02011B58	src/screen_fade_funcs.c	order
sub_020125D4	sub_02011C7C	src/screen_fade_funcs.c	called
sub_020125EC	sub_02011C94	src/screen_fade_funcs.c	called
sub_0201262C	sub_02011CD4	src/screen_fade_funcs.c	called
sub_0201268C	sub_02011D34	src/screen_fade_funcs.c	order
sub_0201275C	sub_02011E04	src/screen_fade_funcs.c	order
sub_020127B4	sub_02011E5C	src/screen_fade_funcs.c	order
sub_020127B8	sub_02011E60	src/screen_fade_funcs.c	order
sub_02012884	sub_02011F2C	src/screen_fade_funcs.c	called
sub_0201289C	sub_02011F44	src/screen_fade_funcs.c	calls
sub_020128E0	sub_02011F88	src/screen_fade_funcs.c	called
sub_02012940	sub_02011FE8	src/screen_fade_funcs.c	called
sub_02012A2C	sub_020120D4	src/screen_fade_funcs.c	called
sub_02012A8C	sub_02012134	src/screen_fade_funcs.c	order
sub_02012A90	sub_02012A90	src/unk_02012744.c	same
sub_02012C68	sub_02012310	src/screen_fade_funcs.c	order
sub_02012CDC	sub_02012384	src/screen_fade_funcs.c	order
sub_02012D4C	sub_020123F4	src/screen_fade_funcs.c	order
sub_02012DD8	sub_020121C4	src/screen_fade_funcs.c	called
sub_02012E10	sub_02012228	src/screen_fade_funcs.c	called
sub_02012E6C	sub_02012E6C	src/unk_02012744.c	same
sub_020131F4	SetVisibleHardwareWindows	src/hardware_window.c	called
sub_02013220	SetHardwareWindowMaskInsidePlane	src/hardware_window.c	called
sub_020132A8	SetHardwareWindowMaskOutsidePlane	src/hardware_window.c	called
sub_02013364	SetHardwareWindowDimensions	src/hardware_window.c	called
sub_02013424	RequestVisibleHardwareWindows	src/hardware_window.c	called
sub_02013440	RequestHardwareWindowMaskInsidePlane	src/hardware_window.c	called
sub_02013468	RequestHardwareWindowMaskOutsidePlane	src/hardware_window.c	called
sub_02013488	RequestHardwareWindowDimensions	src/hardware_window.c	called
sub_020134BC	Task_SetVisibleHardwareWindows	src/hardware_window.c	order
sub_020134D0	Task_SetHardwareWindowMaskInsidePlane	src/hardware_window.c	order
sub_020134EC	Task_SetHardwareWindowMaskOutsidePlane	src/hardware_window.c	order
sub_02013504	Task_SetHardwareWindowDimensions	src/hardware_window.c	order
sub_02014DA0	ParticleSystem_ZeroAll	src/particle_system.c	called
sub_02014DB4	ParticleSystem_New	src/particle_system.c	between
sub_02014EBC	ParticleSystem_Free	src/particle_system.c	calls
sub_02014F84	ParticleSystem_FreeAll	src/particle_system.c	order
sub_02015264	ParticleSystem_LoadResourceFromNARC	src/particle_system.c	order
sub_0201526C	ParticleSystem_SetResource	src/particle_system.c	order
sub_02015300	ParticleSystem_UploadResourcesInternal	src/particle_system.c	called
sub_02015340	ParticleSystem_VBlankResourceUploadInternal	src/particle_system.c	order
sub_02015354	ParticleSystem_RegisterTextureKey	src/particle_system.c	called
sub_02015394	ParticleSystem_RegisterPaletteKey	src/particle_system.c	called
sub_020153D8	ParticleSystem_Draw	src/particle_system.c	order
sub_02015414	ParticleSystem_Update	src/particle_system.c	called
sub_02015420	ParticleSystem_GetActiveAmount	src/particle_system.c	order
sub_0201543C	ParticleSystem_DrawAll	src/particle_system.c	called
sub_02015460	ParticleSystem_UpdateAll	src/particle_system.c	order
sub_02015484	ParticleSystem_CreateEmitter	src/particle_system.c	order
sub_02015494	ParticleSystem_CreateEmitterWithCallback	src/particle_system.c	order
sub_020154B0	ParticleSystem_GetActiveEmitterCount	src/particle_system.c	called
sub_020154B8	ParticleSystem_DeleteAllEmitters	src/particle_system.c	called
sub_020154C4	ParticleSystem_DeleteEmitter	src/particle_system.c	order
sub_020154D0	ParticleSystem_GetHeapStart	src/particle_system.c	order
sub_020154D4	ParticleSystem_GetCameraUp	src/particle_system.c	order
sub_020154E4	ParticleSystem_SetCameraUp	src/particle_system.c	order
sub_02015504	ParticleSystem_GetDefaultCameraUp	src/particle_system.c	order
sub_02015510	ParticleSystem_GetCamera	src/particle_system.c	order
sub_02015524	ParticleSystem_SetCameraProjection	src/particle_system.c	order
sub_02015528	ParticleSystem_GetCameraProjection	src/particle_system.c	order
sub_02015530	ParticleSystem_GetEmitterAxis	src/particle_system.c	order
sub_02015538	ParticleSystem_SetEmitterEmissionCount	src/particle_system.c	order
sub_02015550	ParticleSystem_GetEmitterBehaviorInternal	src/particle_system.c	called
sub_0201560C	ParticleSystem_SetEmitterMagnetTarget	src/particle_system.c	order
sub_02015628	ParticleSystem_GetEmitterMagnetTarget	src/particle_system.c	order
sub_02015640	ParticleSystem_SetEmitterMagnetForce	src/particle_system.c	order
sub_02015674	ParticleSystem_GetEmitterMagnetForce	src/particle_system.c	order
sub_0201568C	ParticleSystem_SetEmitterSpinAngle	src/particle_system.c	order
sub_020156A8	ParticleSystem_GetEmitterSpinAngle	src/particle_system.c	order
sub_020156BC	ParticleSystem_SetEmitterSpinAxis	src/particle_system.c	order
sub_020156D8	ParticleSystem_GetEmitterSpinAxis	src/particle_system.c	order
sub_020156EC	ParticleSystem_SetEmitterConvergenceTarget	src/particle_system.c	order
sub_02015708	ParticleSystem_GetEmitterConvergenceTarget	src/particle_system.c	order
sub_02015720	ParticleSystem_SetEmitterConvergenceForce	src/particle_system.c	order
sub_02015754	ParticleSystem_GetEmitterConvergenceForce	src/particle_system.c	order
sub_0201576C	sub_0201576C	src/unk_0201567C.c	same
sub_02015DDC	SoftwareSpriteManager_New	src/software_sprite.c	order
sub_02015E20	SoftwareSpriteManager_Free	src/software_sprite.c	order
sub_02015E64	SoftwareSpriteManager_DrawVisible	src/software_sprite.c	calls
sub_02015EA0	SoftwareSprite_LoadChars	src/software_sprite.c	order
sub_02015EDC	SoftwareSprite_FreeChars	src/software_sprite.c	called
sub_02015EF4	SoftwareSpriteManager_FreeAllChars	src/software_sprite.c	order
sub_02015F1C	SoftwareSprite_LoadPalette	src/software_sprite.c	order
sub_02015F4C	SoftwareSprite_FreePalette	src/software_sprite.c	called
sub_02015F64	SoftwareSpriteManager_FreeAllPalettes	src/software_sprite.c	order
sub_02015F8C	SoftwareSprite_Load	src/software_sprite.c	order
sub_02015FB0	SoftwareSprite_SetVisible	src/software_sprite.c	called
sub_02015FC4	SoftwareSprite_SetCenter	src/software_sprite.c	order
sub_02015FCC	SoftwareSprite_SetScalingFactors	src/software_sprite.c	order
sub_02015FD8	SoftwareSprite_SetDimensions	src/software_sprite.c	order
sub_02015FE0	SoftwareSprite_GetDimensions	src/software_sprite.c	order
sub_02015FE8	SoftwareSprite_SetPriority	src/software_sprite.c	order
sub_02015FF4	SoftwareSprite_GetPriority	src/software_sprite.c	order
sub_02015FF8	SoftwareSprite_SetAlpha	src/software_sprite.c	order
sub_02015FFC	SoftwareSprite_SetDiffuse	src/software_sprite.c	order
sub_02016004	SoftwareSprite_SetAttributes	src/software_sprite.c	order
sub_02016008	SoftwareSprite_SetVRAMAddress_Chars	src/software_sprite.c	order
sub_0201600C	SoftwareSprite_SetVRAMAddress_Palette	src/software_sprite.c	order
sub_02016010	SoftwareSprite_SetPaletteSlot	src/software_sprite.c	order
sub_02016014	SoftwareSprite_SetFlip	src/software_sprite.c	order
sub_02016020	SoftwareSprite_SetRotation	src/software_sprite.c	order
sub_02016024	ZeroSprite	src/software_sprite.c	order
sub_02016044	ZeroChars	src/software_sprite.c	order
sub_02016050	ZeroPalette	src/software_sprite.c	order
sub_0201605C	NewSprites	src/software_sprite.c	called
sub_0201608C	NewSpriteChars	src/software_sprite.c	called
sub_020160BC	NewSpritePalettes	src/software_sprite.c	called
sub_020160EC	FindAvailableSprite	src/software_sprite.c	order
sub_02016118	FindAvailableChars	src/software_sprite.c	order
sub_02016144	FindAvailablePalette	src/software_sprite.c	order
sub_02016170	AllocateVRAM_Chars	src/software_sprite.c	called
sub_02016184	AllocateVRAM_Palette	src/software_sprite.c	order
sub_02016198	LoadProxy_Chars	src/software_sprite.c	order
sub_020161A8	LoadProxy_Palette	src/software_sprite.c	order
sub_020161CC	DrawSprite	src/software_sprite.c	called
sub_0201630C	LoadSprite	src/software_sprite.c	called
sub_02016EDC	PokemonAnimManager_New	src/pokemon_anim.c	called
sub_02016F2C	PokemonAnimManager_Free	src/pokemon_anim.c	order
sub_02016F40	PokemonAnimManager_InitAnim	src/pokemon_anim.c	order
sub_02017068	PokemonAnimManager_HasAnimCompleted	src/pokemon_anim.c	called
sub_02017088	PokemonAnimManager_DeleteAnim	src/pokemon_anim.c	order
sub_020170C4	Task_RunPokemonAnim	src/pokemon_anim.c	order
sub_020170FC	RunPokemonAnimScript	src/pokemon_anim.c	called
sub_020171F4	ReadScript_WordIndex	src/pokemon_anim.c	called
sub_02017208	ReadScript_WordIndexZero	src/pokemon_anim.c	order
sub_02017214	ReadScript_Word	src/pokemon_anim.c	called
sub_02017220	TransformFuncData_New	src/pokemon_anim.c	called
sub_0201726C	ReadScript_Int	src/pokemon_anim.c	called
sub_02017280	ReadScript_U8	src/pokemon_anim.c	called
sub_02017294	ReadScript_VarIndex	src/pokemon_anim.c	called
sub_020172B4	ReadScript_TwoVarIndexes	src/pokemon_anim.c	called
sub_020172C8	ReadScript_VarAndIntOrVar	src/pokemon_anim.c	called
sub_0201733C	ReadScript_TwoIntOrVar	src/pokemon_anim.c	called
sub_020173C8	ReadScript_TrigOperands	src/pokemon_anim.c	order
sub_02017470	CompareValues	src/pokemon_anim.c	order
sub_02017488	ApplyYNormalization	src/pokemon_anim.c	order
sub_020174A4	PokemonAnimCmd_End	src/pokemon_anim.c	order
sub_020174B4	PokemonAnimCmd_WaitFrame	src/pokemon_anim.c	order
sub_020174BC	PokemonAnimCmd_SetOriginalPosition	src/pokemon_anim.c	order
sub_02017504	PokemonAnimCmd_CopyVar	src/pokemon_anim.c	order
sub_0201752C	PokemonAnimCmd_Add	src/pokemon_anim.c	order
sub_02017550	PokemonAnimCmd_Multiply	src/pokemon_anim.c	order
sub_02017578	PokemonAnimCmd_Subtract	src/pokemon_anim.c	order
sub_0201759C	PokemonAnimCmd_Divide	src/pokemon_anim.c	order
sub_020175C4	PokemonAnimCmd_Modulo	src/pokemon_anim.c	order
sub_020175EC	PokemonAnimCmd_SetVarIf	src/pokemon_anim.c	between
sub_020176CC	PokemonAnimCmd_SetVar	src/pokemon_anim.c	order
sub_020176F0	PokemonAnimCmd_Loop	src/pokemon_anim.c	order
sub_02017714	PokemonAnimCmd_LoopEnd	src/pokemon_anim.c	order
sub_02017730	PokemonAnimCmd_SetSpriteAttribute	src/pokemon_anim.c	order
sub_0201775C	PokemonAnimCmd_AddSpriteAttribute	src/pokemon_anim.c	order
sub_02017788	PokemonAnimCmd_UpdateSpriteAttribute	src/pokemon_anim.c	order
sub_02017808	PokemonAnimCmd_Sin	src/pokemon_anim.c	order
sub_0201783C	PokemonAnimCmd_Cos	src/pokemon_anim.c	order
sub_02017874	PokemonAnimCmd_SetTranslation	src/pokemon_anim.c	order
sub_020178BC	PokemonAnimCmd_AddTranslation	src/pokemon_anim.c	order
sub_0201790C	PokemonAnimCmd_UpdateAttribute	src/pokemon_anim.c	between
sub_020179D4	PokemonAnimCmd_ApplyTranslation	src/pokemon_anim.c	order
sub_02017A1C	PokemonAnimCmd_ApplyScaleAndRotation	src/pokemon_anim.c	order
sub_02017A84	PokemonAnimCmd_SetOffset	src/pokemon_anim.c	order
sub_02017AD8	PokemonAnimCmd_SetStartDelay	src/pokemon_anim.c	order
sub_02017AEC	PokemonAnimCmd_Fade	src/pokemon_anim.c	order
sub_02017B2C	PokemonAnimCmd_WaitFade	src/pokemon_anim.c	order
sub_02017B48	PokemonAnimCmd_WaitTransform	src/pokemon_anim.c	order
sub_02017B54	PokemonAnimCmd_SetYNormalization	src/pokemon_anim.c	order
sub_02017B8C	PokemonAnimCmd_Transform_Curve	src/pokemon_anim.c	order
sub_02017B98	PokemonAnimCmd_Transform_CurveEven	src/pokemon_anim.c	order
sub_02017BA4	PokemonAnimCmd_Transform_Linear	src/pokemon_anim.c	order
sub_02017BB0	PokemonAnimCmd_Transform_LinearEven	src/pokemon_anim.c	order
sub_02017BBC	PokemonAnimCmd_Transform_LinearBounded	src/pokemon_anim.c	order
sub_02017BC8	CalcNextTransformValue	src/pokemon_anim.c	called
sub_02017BF8	SetTransformFuncPtrs	src/pokemon_anim.c	called
sub_02017C78	ReadScript_TransformFunc	src/pokemon_anim.c	order
sub_02017D20	TransformFunc_Curve	src/pokemon_anim.c	between
sub_02017DD8	TransformFunc_CurveEven	src/pokemon_anim.c	between
sub_02017E98	TransformFunc_Linear	src/pokemon_anim.c	order
sub_02017ED4	TransformFunc_LinearEven	src/pokemon_anim.c	order
sub_02017F10	TransformFunc_LinearBounded	src/pokemon_anim.c	order
sub_0201956C	UndergroundRecord_Init	src/underground.c	calls
sub_02019B1C	RankingsMachine_PrintDeleteInstruction	src/rankings_machine.c	called
sub_02020B8C	FX_Min	src/fx_util.c	called
sub_02020B94	FX_Max	src/fx_util.c	called
sub_02020D2C	MTX_Rot33Vec	src/fx_util.c	called
sub_02020DA4	MTX_Rot33Angles	src/fx_util.c	between
sub_02020E10	CalcLinearFov	src/fx_util.c	calls
sub_02020EF4	ov115_0226177C	src/overlay115/ov115_02260CEC.c	calls
sub_020210BC	EnableTouchPad	src/touch_pad.c	called
sub_020210D8	InitializeTouchPadWithExternalBuffer	src/touch_pad.c	between
sub_02021148	InitializeTouchPad	src/touch_pad.c	called
sub_020211AC	UpdateTouchScreenState	src/touch_pad.c	between
sub_020211E0	ResetTouchPadData	src/touch_pad.c	called
sub_02021238	DisableTouchPad	src/touch_pad.c	called
sub_02021280	WriteAutoSamplingDataToBuffer	src/touch_pad.c	called
sub_020212EC	ConvertTouchPadDataToScreenSpace	src/touch_pad.c	between
sub_020213C8	WriteAutoSamplingData	src/touch_pad.c	between
sub_020213F8	WriteAutoSamplingTouchDataToExternalBuffer	src/touch_pad.c	called
sub_020214B0	WriteAutoSamplingDataToExternalBuffer	src/touch_pad.c	called
sub_02021540	OutputAutoSamplingData	src/touch_pad.c	between
sub_02025C54	InitRenderSurface	src/render_view.c	calls
sub_02025C98	IsObjectInView	src/render_view.c	between
sub_02026DE0	BillboardGfxSequence_GetTexPlttIndexAt	src/billboard_gfx_sequence.c	between
sub_02026E18	BillboardGfxSequence_SetData	src/billboard_gfx_sequence.c	between
sub_02032504	WiFiPlazaQuestion_SaveSize	src/wifi_plaza_question_data.c	order
sub_02032588	WiFiPlazaQuestion_Init	src/wifi_plaza_question_data.c	order
sub_02032844	WirelessManager_SetState	src/wireless_manager.c	called
sub_02032858	WirelessManager_SetErrorCode	src/wireless_manager.c	called
sub_02032874	WirelessManager_SetParentParameter	src/wireless_manager.c	between
sub_020328A4	WirelessManager_FinishSetParentParameter	src/wireless_manager.c	between
sub_020328C8	WirelessManager_StartServer	src/wireless_manager.c	calls
sub_02032934	WirelessManager_FinishStartServer	src/wireless_manager.c	between
sub_02032A40	WirelessManager_StartMPServer	src/wireless_manager.c	calls
sub_02032AB0	WirelessManager_FinishStartMPServer	src/wireless_manager.c	between
sub_02032B0C	WirelessManager_EndMPServer	src/wireless_manager.c	between
sub_02032B30	WirelessManager_FinishEndMPServer	src/wireless_manager.c	between
sub_02032B50	WirelessManager_EndServer	src/wireless_manager.c	calls
sub_02032B6C	WirelessManager_FinishEndServer	src/wireless_manager.c	order
sub_02032B84	WirelessManager_ConnectClientScanCallback	src/wireless_manager.c	calls
sub_02032C84	WirelessManager_StartScan	src/wireless_manager.c	called
sub_02032D4C	WirelessManager_FinishStartScan	src/wireless_manager.c	calls
sub_02032E24	WirelessManager_StopScan	src/wireless_manager.c	between
sub_02032E48	WirelessManager_EndScan	src/wireless_manager.c	called
sub_02032E64	WirelessManager_FinishEndScan	src/wireless_manager.c	calls
sub_02032E9C	WirelessManager_StartClient	src/wireless_manager.c	called
sub_02032F0C	WirelessManager_FinishStartClient	src/wireless_manager.c	calls
sub_02032FCC	WirelessManager_StartMPClient	src/wireless_manager.c	called
sub_0203301C	WirelessManager_FinishStartMPClient	src/wireless_manager.c	between
sub_02033080	WirelessManager_EndMPClient	src/wireless_manager.c	between
sub_020330A4	WirelessManager_FinishEndMPClient	src/wireless_manager.c	calls
sub_020330C8	WirelessManager_DisconnectClient	src/wireless_manager.c	called
sub_020330F0	WirelessManager_FinishDisconnectClient	src/wireless_manager.c	between
sub_02033108	WirelessManager_ResetInternal	src/wireless_manager.c	calls
sub_0203312C	WirelessManager_FinishResetInternal	src/wireless_manager.c	calls
sub_0203314C	WirelessManager_SendMPMessage	src/wireless_manager.c	calls
sub_020331A4	WirelessManager_FinishSendMPMessage	src/wireless_manager.c	between
sub_020331CC	WirelessManager_RecvMessageCallback	src/wireless_manager.c	between
sub_02033214	WirelessManager_FinishEnd	src/wireless_manager.c	calls
sub_02033234	WirelessManager_SetParentParamGGID	src/wireless_manager.c	between
sub_02033240	WirelessManager_SetParentParamGameInfoAndLength	src/wireless_manager.c	between
sub_02033250	WirelessManager_GetConnectedBitmap	src/wireless_manager.c	called
sub_02033264	WirelessManager_GetNumConnected	src/wireless_manager.c	called
sub_02033298	WirelessManager_GetState	src/wireless_manager.c	between
sub_020332AC	WirelessManager_GetErrorCode	src/wireless_manager.c	between
sub_020332C0	WirelessManager_StartMeasureChannel	src/wireless_manager.c	calls
sub_0203335C	WirelessManager_MeasureChannel	src/wireless_manager.c	calls
sub_020333D8	WirelessManager_FinishMeasureChannel	src/wireless_manager.c	calls
sub_02033454	WirelessManager_MeasureChannelInternal	src/wireless_manager.c	called
sub_02033468	WirelessManager_GetMeasureChannel	src/wireless_manager.c	between
sub_02033494	WirelessManager_GetRandomChannel	src/wireless_manager.c	called
sub_02033528	WirelessManager_Initialize	src/wireless_manager.c	between
sub_020335B4	WirelessManager_GetHeapSize	src/wireless_manager.c	between
sub_020335BC	WirelessManager_InidcateCallback	src/wireless_manager.c	calls
sub_020335D4	WirelessManager_InitializeWM	src/wireless_manager.c	calls
sub_02033620	WirelessManager_FinishInitializeWM	src/wireless_manager.c	calls
sub_02033664	WirelessManager_FinishSetLifeTime	src/wireless_manager.c	between
sub_02033668	WirelessManager_ConnectServer	src/wireless_manager.c	between
sub_0203373C	WirelessManager_ConnectClient	src/wireless_manager.c	between
sub_020337D0	WirelessManager_SetRecvFunction	src/wireless_manager.c	calls
sub_02033800	WirelessManager_SendMessage	src/wireless_manager.c	between
sub_02033830	WirelessManager_Reset	src/wireless_manager.c	calls
sub_02033858	WirelessManager_Finalize	src/wireless_manager.c	called
sub_020338D0	WirelessManager_End	src/wireless_manager.c	calls
sub_020338F4	WirelessManager_GetAID	src/wireless_manager.c	called
sub_02033908	WirelessManager_SetMaxNumConnections	src/wireless_manager.c	called
sub_02033920	WirelessManager_IsIdle	src/wireless_manager.c	between
sub_0203393C	WirelessManager_IsBusy	src/wireless_manager.c	between
sub_02033958	WirelessManager_IsError	src/wireless_manager.c	between
sub_02033974	WirelessManager_IsScanning	src/wireless_manager.c	between
sub_02033990	WirelessManager_SetGameInfo	src/wireless_manager.c	between
sub_020339B4	WirelessManager_FinishSetEntry	src/wireless_manager.c	between
sub_020339F0	WirelessManager_SetEntry	src/wireless_manager.c	between
sub_02033A0C	WirelessManager_ServerSentAllBeacons	src/wireless_manager.c	between
sub_02033A44	WirelessManager_ResetBeaconSentCount	src/wireless_manager.c	between
sub_02033A68	WirelessManager_SetGGIDScanCallback	src/wireless_manager.c	between
sub_02033A7C	WirelessManager_SetDisconnectCallback	src/wireless_manager.c	between
sub_02033A90	WirelessManager_SetConnectCallback	src/wireless_manager.c	between
sub_02033AA4	WirelessManager_SetPauseConnection	src/wireless_manager.c	called
sub_02033AB8	WirelessManager_GetPauseConnection	src/wireless_manager.c	between
sub_02033ACC	WirelessManager_SetPauseConnectionSystem	src/wireless_manager.c	called
sub_02034354	CommInfo_Init	src/communication_information.c	order
sub_020343E4	CommInfo_Delete	src/communication_information.c	called
sub_02034420	CommInfo_IsInitialized	src/communication_information.c	called
sub_02034434	CommInfo_SendPlayerInfo	src/communication_information.c	called
sub_02034520	CommInfo_FinishReading	src/communication_information.c	order
sub_02034524	CommInfo_IsDataFinishedReading	src/communication_information.c	order
sub_0203453C	CommInfo_RecvPlayerDataArray	src/communication_information.c	order
sub_020345D0	CommInfo_RecvPlayerData	src/communication_information.c	order
sub_02034638	CommInfo_ServerSendArray	src/communication_information.c	called
sub_020346D4	CommInfo_IsReceivingData	src/communication_information.c	called
sub_020346E8	CommInfo_InitPlayer	src/communication_information.c	called
sub_02034714	sub_02032DC4	src/communication_information.c	between
sub_02034730	sub_02032DE0	src/communication_information.c	between
sub_02034750	sub_02032E00	src/communication_information.c	between
sub_0203476C	sub_02032E1C	src/communication_information.c	called
sub_02034780	CommInfo_NewNetworkId	src/communication_information.c	called
sub_020347A0	CommInfo_CountReceived	src/communication_information.c	called
sub_020347CC	sub_02032E90	src/communication_information.c	between
sub_02034818	CommInfo_TrainerInfo	src/communication_information.c	called
sub_0203484C	CommInfo_DWCFriendData	src/communication_information.c	called
sub_02034870	sub_02032F40	src/communication_information.c	called
sub_02034884	CommInfo_PlayerCountry	src/communication_information.c	order
sub_020348A8	CommInfo_PlayerRegion	src/communication_information.c	order
sub_020348CC	CommInfo_PlayerHasGiftPenalty	src/communication_information.c	order
sub_020348F0	CommInfo_CheckBattleRegulation	src/communication_information.c	order
sub_02034960	CommInfo_UpdatePlayerRecord	src/communication_information.c	order
sub_02034A20	CommInfo_SavePlayerRecord	src/communication_information.c	called
sub_02034AC0	sub_020331B4	src/communication_information.c	between
sub_02034AEC	CommInfo_SetTradeResult	src/communication_information.c	between
sub_02034B00	CommInfo_SetPersonalTrainerInfo	src/communication_information.c	between
sub_02034B0C	CommServerClient_Init	src/unk_02033200.c	between
sub_02034BE4	sub_020332D0	src/unk_02033200.c	between
sub_02034BF8	sub_020332E4	src/unk_02033200.c	called
sub_02034C20	sub_0203330C	src/unk_02033200.c	between
sub_02034C94	sub_02033380	src/unk_02033200.c	calls
sub_02034D60	WirelessDriver_InitCallback	src/unk_02033200.c	between
sub_02034D78	WirelessDriver_ShutdownCallback	src/unk_02033200.c	between
sub_02034D8C	WirelessDriver_Init	src/unk_02033200.c	calls
sub_02034DB8	WirelessDriver_IsReady	src/unk_02033200.c	called
sub_02034DCC	WirelessDriver_Initialized	src/unk_02033200.c	between
sub_02034DE0	WirelessDriver_Shutdown	src/unk_02033200.c	called
sub_02034DF0	sub_020334DC	src/unk_02033200.c	between
sub_02034E2C	sub_02033518	src/unk_02033200.c	between
sub_02034E64	sub_02033550	src/unk_02033200.c	between
sub_02034E8C	sub_02033578	src/unk_02033200.c	between
sub_02034EF0	CommServerClient_InitServer	src/unk_02033200.c	between
sub_02034F64	CommServerClient_InitClient	src/unk_02033200.c	between
sub_02034FE8	sub_020336D4	src/unk_02033200.c	called
sub_0203507C	sub_02033768	src/unk_02033200.c	between
sub_020350A8	CommServerClient_SetSecretBaseClosedState	src/unk_02033200.c	between
sub_020350D4	sub_020337C0	src/unk_02033200.c	between
sub_0203511C	sub_02033808	src/unk_02033200.c	called
sub_02035150	sub_0203383C	src/unk_02033200.c	between
sub_02035184	sub_02033870	src/unk_02033200.c	called
sub_02035198	sub_02033884	src/unk_02033200.c	called
sub_020351AC	sub_02033898	src/unk_02033200.c	order
sub_020351DC	sub_020339AC	src/unk_02033200.c	called
sub_02035218	sub_020339E8	src/unk_02033200.c	between
sub_0203528C	sub_02033A5C	src/unk_02033200.c	between
sub_020352D8	sub_02033AA8	src/unk_02033200.c	between
sub_020353B8	sub_02033B88	src/unk_02033200.c	between
sub_0203540C	sub_02033BDC	src/unk_02033200.c	between
sub_020355C8	sub_02033D94	src/unk_02033200.c	between
sub_020355DC	sub_02033DA8	src/unk_02033200.c	between
sub_02035610	sub_02033DDC	src/unk_02033200.c	between
sub_02035630	CommServerClient_IsInClosedSecretBase	src/unk_02033200.c	between
sub_02035650	CommServerClient_IsInitialized	src/unk_02033200.c	called
sub_02035664	sub_02033E30	src/unk_02033200.c	order
sub_0203567C	CommServerClient_IsClientConnecting	src/unk_02033200.c	order
sub_0203569C	sub_02033E68	src/unk_02033200.c	between
sub_020356C0	CommServerClient_CheckError	src/unk_02033200.c	order
sub_020356EC	sub_02033ED4	src/unk_02033200.c	order
sub_02035724	sub_02033F0C	src/unk_02033200.c	order
sub_02035754	sub_02033F3C	src/unk_02033200.c	called
sub_02035784	sub_02033F6C	src/unk_02033200.c	order
sub_02035798	sub_02033FB0	src/unk_02033200.c	called
sub_020357C4	sub_02033FDC	src/unk_02033200.c	called
sub_020357FC	sub_0203406C	src/unk_02033200.c	order
sub_0203581C	sub_0203408C	src/unk_02033200.c	order
sub_02035838	sub_020340A8	src/unk_02033200.c	order
sub_02035878	sub_020340E8	src/unk_02033200.c	order
sub_0203588C	sub_020340FC	src/unk_02033200.c	called
sub_020358B0	sub_02034148	src/unk_02033200.c	called
sub_020358B8	sub_02034150	src/unk_02033200.c	between
sub_020358D0	sub_02034168	src/unk_02033200.c	between
sub_02035900	CommSys_Init	src/communication_system.c	between
sub_02035AE0	CommSys_ClearData	src/communication_system.c	between
sub_02035DA4	sub_0203463C	src/communication_system.c	between
sub_02035DD8	sub_02034670	src/communication_system.c	between
sub_02035DE0	CommSys_ClearServerRecvData	src/communication_system.c	between
sub_02035E9C	sub_02034734	src/communication_system.c	between
sub_02035ED0	sub_02034770	src/communication_system.c	between
sub_02035ED8	CommSys_InitServer	src/communication_system.c	between
sub_02035F14	CommSys_InitClient	src/communication_system.c	between
sub_02035F4C	CommSys_UpdateTransitionType	src/communication_system.c	between
sub_02035FA8	CommSys_SwitchTransitionType	src/communication_system.c	between
sub_02035FD8	CommSys_SwitchTransitionTypeToParallel	src/communication_system.c	between
sub_02035FE4	CommSys_SwitchTransitionTypeToServerClient	src/communication_system.c	between
sub_02035FF0	CommSys_TransmissionType	src/communication_system.c	between
sub_02036010	CommSys_TransitionTypeIsParallel	src/communication_system.c	between
sub_02036024	CommSys_Delete	src/communication_system.c	between
sub_020360E4	sub_02034984	src/communication_system.c	between
sub_020360EC	sub_0203498C	src/communication_system.c	between
sub_0203611C	sub_020349C4	src/communication_system.c	between
sub_02036144	CommSys_Update	src/communication_system.c	between
sub_0203622C	CommSys_Reset	src/communication_system.c	called
sub_0203624C	CommSys_ResetDS	src/communication_system.c	called
sub_02036274	CommSys_ResetBattleClient	src/communication_system.c	order
sub_02036298	sub_02034B50	src/communication_system.c	between
sub_02036438	sub_02034CF8	src/communication_system.c	order
sub_02036508	CommSys_UpdateServerClient	src/communication_system.c	order
sub_02036630	CommSys_CheckRecvLimit	src/communication_system.c	order
sub_0203667C	sub_02034F68	src/communication_system.c	calls
sub_020367A8	sub_0203509C	src/communication_system.c	order
sub_020367B0	sub_020350A4	src/communication_system.c	order
sub_02036904	sub_020351F8	src/communication_system.c	order
sub_0203690C	sub_02035200	src/communication_system.c	called
sub_020369CC	sub_020352C0	src/communication_system.c	order
sub_02036AA0	sub_02035394	src/communication_system.c	between
sub_02036ABC	sub_020353B0	src/communication_system.c	between
sub_02036AD8	sub_020353CC	src/communication_system.c	order
sub_02036BE4	CommSys_ApplyMovementModifiers	src/communication_system.c	order
sub_02036D14	CommSys_Dummy	src/communication_system.c	order
sub_02036DA0	sub_02035730	src/communication_system.c	called
sub_02036E60	sub_020357F0	src/communication_system.c	order
sub_02036FA8	sub_020358C0	src/communication_system.c	order
sub_02036FD8	CommSys_SendDataHuge	src/communication_system.c	called
sub_02037030	CommSys_SendData	src/communication_system.c	called
sub_02037088	CommSys_SendDataHugeServer	src/communication_system.c	between
sub_02037108	CommSys_SendDataServer	src/communication_system.c	called
sub_02037184	CommSys_SendDataFixedSizeServer	src/communication_system.c	between
sub_02037190	CommSys_SendRingRemainingSize	src/communication_system.c	called
sub_020371A8	CommSys_EndCallback	src/communication_system.c	between
sub_020371C4	CommSys_RecvDataSingle	src/communication_system.c	between
sub_020372E4	CommSys_RecvData	src/communication_system.c	between
sub_02037334	CommSys_RecvDataServer	src/communication_system.c	between
sub_020373B4	CommSys_IsPlayerConnected	src/communication_system.c	called
sub_02037454	CommSys_ConnectedCount	src/communication_system.c	called
sub_02037474	CommSys_IsInitialized	src/communication_system.c	called
sub_02037498	CommSys_SetSendSpeed	src/communication_system.c	between
sub_020374AC	CommSys_RecvSpeed	src/communication_system.c	between
sub_020374C0	sub_02035E84	src/communication_system.c	between
sub_020374E4	CommSys_EnableSendMovementData	src/communication_system.c	called
sub_02037504	CommSys_DisableSendMovementData	src/communication_system.c	order
sub_0203751C	CommSys_IsSendingMovementData	src/communication_system.c	order
sub_0203753C	CommSys_WriteToQueueServer	src/communication_system.c	order
sub_02037594	CommSys_Transmission	src/communication_system.c	called
sub_02037618	sub_02036008	src/communication_system.c	order
sub_02037640	sub_02036030	src/communication_system.c	order
sub_02037668	sub_02036058	src/communication_system.c	order
sub_0203769C	CommSys_CurNetId	src/communication_system.c	called
sub_020376E0	CommSys_SendDataFixedSize	src/communication_system.c	called
sub_020376EC	CommSys_SendMessage	src/communication_system.c	called
sub_020376F8	CommSys_IsClientConnecting	src/communication_system.c	called
sub_02037700	CommSys_CheckError	src/communication_system.c	called
sub_0203772C	sub_02036128	src/communication_system.c	order
sub_0203774C	CommType_MaxPlayers	src/communication_system.c	order
sub_0203775C	CommType_MinPlayers	src/communication_system.c	order
sub_0203776C	sub_0203619C	src/communication_system.c	order
sub_0203778C	CommSys_Seed	src/communication_system.c	called
sub_02037824	CommSys_IsCmdQueuedServer	src/communication_system.c	called
sub_0203783C	sub_02036284	src/communication_system.c	called
sub_02037854	sub_0203629C	src/communication_system.c	called
sub_0203786C	CommSys_SetWifiConnected	src/communication_system.c	called
sub_02037880	CommSys_WifiConnected	src/communication_system.c	between
sub_02037894	sub_020362DC	src/communication_system.c	between
sub_020378AC	sub_020362F4	src/communication_system.c	called
sub_020378CC	sub_02036314	src/communication_system.c	called
sub_020378E4	sub_0203632C	src/communication_system.c	called
sub_02037930	sub_02036378	src/communication_system.c	called
sub_02037958	sub_020363A0	src/communication_system.c	between
sub_02037974	sub_020363BC	src/communication_system.c	called
sub_02037988	CommSys_StartShutdown	src/communication_system.c	called
sub_0203A3B0	CreateNetworkIcon	src/network_icon.c	order
sub_0203A42C	ClearOAM	src/network_icon.c	order
sub_0203A438	SetNetworkIconStrength	src/network_icon.c	order
sub_0203A444	DestroyNetworkIcon	src/network_icon.c	order
sub_0203A478	CreateIconOnSubScreen	src/network_icon.c	order
sub_0203A4AC	NetworkIcon_GetPalette	src/network_icon.c	calls
sub_0203A4D4	LoadIconPalette	src/network_icon.c	calls
sub_0203A700	UpdateOAM	src/network_icon.c	called
sub_0203A86C	NetworkIcon_Update	src/network_icon.c	order
sub_0203A880	NetworkIcon_Init	src/network_icon.c	called
sub_0203A8CC	InitGlobalNetworkIcon	src/network_icon.c	order
sub_0203A914	NetworkIcon_Destroy	src/network_icon.c	called
sub_0203A930	NetworkIcon_SetStrength	src/network_icon.c	called
sub_0203A948	NetworkIcon_CreateOnSubScreen	src/network_icon.c	between
sub_0203A964	NetworkIcon_InitIfConnected	src/network_icon.c	calls
sub_02054648	sub_02054648	src/field_map_change.c	same
sub_02054654	GetHeight	src/terrain_collision_manager.c	order
sub_020547A4	GetSimpleHeight	src/terrain_collision_manager.c	order
sub_020547D8	GetTileAttributes	src/terrain_collision_manager.c	between
sub_02054824	GetSimpleTileAttributes	src/terrain_collision_manager.c	calls
sub_0205489C	TerrainCollisionManager_Init	src/terrain_collision_manager.c	called
sub_020548C0	TerrainCollisionManager_CheckCollision	src/terrain_collision_manager.c	order
sub_020548EC	TerrainCollisionManager_GetTileBehavior	src/terrain_collision_manager.c	order
sub_02054940	CalcMoveType	src/battle/battle_controller_player.c	order
sub_020549A8	ov6_02240C94	src/overlay006/ov6_0223E140.c	order
sub_020549F4	WildEncounters_ReplaceTrophyGardenEncounters	src/overlay006/wild_encounters.c	between
sub_02054A60	WildEncounters_TrySweetScentEncounter	src/overlay006/wild_encounters.c	between
sub_02054A9C	GetVerticalDirection	src/terrain_collision_manager.c	order
sub_02054AE4	TerrainCollisionManager_WillMapObjectCollide	src/terrain_collision_manager.c	order
sub_02054B74	TerrainCollisionManager_WillPlayerCollide	src/terrain_collision_manager.c	order
sub_02054C20	WildEncounters_TryMudEncounter	src/overlay006/wild_encounters.c	between
sub_02054C90	FieldSystem_FindLoadedMapPropByModelIDs	src/terrain_collision_manager.c	order
sub_02054D10	TryGenerateGrassEncounter_WithRadar	src/overlay006/wild_encounters.c	between
sub_02054DC8	TryGenerateGrassEncounter_DoubleBattle	src/overlay006/wild_encounters.c	order
sub_02054E00	GracePeriodStepsUsed	src/overlay006/wild_encounters.c	order
sub_02054E20	BattleControllerPlayer_PrimaryEffect	src/battle/battle_controller_player.c	order
sub_02056D7C	CommPlayerMan_Init	src/comm_player_manager.c	order
sub_02056E38	CommPlayerMan_Disable	src/comm_player_manager.c	order
sub_02056E60	CommPlayerMan_Restart	src/comm_player_manager.c	called
sub_02056EA0	CommPlayerMan_Delete	src/comm_player_manager.c	called
sub_02056EF4	CommPlayer_InitPersonal	src/comm_player_manager.c	order
sub_02056FD0	CommPlayer_SendXZPos	src/comm_player_manager.c	order
sub_0205701C	CommPlayer_SendPos	src/comm_player_manager.c	called
sub_0205704C	CommPlayer_SendPosNetId	src/comm_player_manager.c	order
sub_020570C8	CommPlayer_SendDataTask	src/comm_player_manager.c	calls
sub_0205712C	sub_02057C2C	src/comm_player_manager.c	order
sub_02057180	CommPlayer_Size	src/comm_player_manager.c	order
sub_02057184	CommPlayer_Add	src/comm_player_manager.c	order
sub_0205724C	CommPlayer_Destroy	src/comm_player_manager.c	order
sub_020572AC	CommPlayer_SendMoveSpeed	src/comm_player_manager.c	order
sub_020572DC	Task_CommPlayerManagerRun	src/comm_player_manager.c	order
sub_02057358	sub_02057FC4	src/comm_player_manager.c	order
sub_02057384	sub_02057FF0	src/comm_player_manager.c	called
sub_020573AC	sub_02058018	src/comm_player_manager.c	between
sub_020573F0	sub_0205805C	src/comm_player_manager.c	calls
sub_02057454	CommPlayer_Direction	src/comm_player_manager.c	order
sub_02057480	CommPlayer_CheckNPCCollision	src/comm_player_manager.c	between
sub_020574C4	CommPlayer_CheckCollision	src/comm_player_manager.c	order
sub_02057550	CommPlayer_Move	src/comm_player_manager.c	called
sub_020576C0	CommPlayer_RecvLocation	src/comm_player_manager.c	order
sub_0205776C	CommPlayer_RecvDelete	src/comm_player_manager.c	order
sub_02057798	CommPacketSizeOf_RecvLocation	src/comm_player_manager.c	order
sub_0205779C	CommPlayer_RecvLocationAndInit	src/comm_player_manager.c	order
sub_02057818	CommPlayer_MoveClient	src/comm_player_manager.c	order
sub_02057A08	CommPlayer_IsActive	src/comm_player_manager.c	order
sub_02057A0C	sub_02032958	src/unk_02032798.c	calls
sub_02057A34	CommPlayer_GetXIfActive	src/comm_player_manager.c	called
sub_02057A88	CommPlayer_GetZIfActive	src/comm_player_manager.c	called
sub_02057ADC	CommPlayer_GetXInFrontOfPlayer	src/comm_player_manager.c	order
sub_02057B14	CommPlayer_GetZInFrontOfPlayer	src/comm_player_manager.c	order
sub_02057B4C	CommPlayer_GetXServerIfActive	src/comm_player_manager.c	called
sub_02057B9C	CommPlayer_GetZServerIfActive	src/comm_player_manager.c	called
sub_02057BEC	CommPlayer_GetXInFrontOfPlayerServer	src/comm_player_manager.c	order
sub_02057C24	CommPlayer_GetZInFrontOfPlayerServer	src/comm_player_manager.c	order
sub_02057C5C	CommPlayerMan_IsMovementEnabled	src/comm_player_manager.c	order
sub_02057C94	sub_020590C4	src/comm_player_manager.c	called
sub_02057D50	sub_02059180	src/comm_player_manager.c	between
sub_02057D74	sub_020591A8	src/comm_player_manager.c	called
sub_02057E08	CommPlayer_SetBattleDir	src/comm_player_manager.c	between
sub_02057E50	sub_0205928C	src/comm_player_manager.c	called
sub_02057F18	CommPlayer_GetMovementTimerServer	src/comm_player_manager.c	order
sub_02057F28	CommPlayer_SetDir	src/comm_player_manager.c	calls
sub_02057F58	CommPlayerMan_PauseFieldSystem	src/comm_player_manager.c	order
sub_02057F70	CommPlayerMan_ResumeFieldSystem	src/comm_player_manager.c	order
sub_02057F80	sub_02059570	src/comm_player_manager.c	order
sub_02058024	CommPlayerMan_ForceDir	src/comm_player_manager.c	called
sub_02058034	FieldCommManager_Dummy	src/field_comm_manager.c	order
sub_02058098	FieldCommManager_Delete	src/field_comm_manager.c	order
sub_020580E4	FieldCommManager_StartBattleServer	src/field_comm_manager.c	order
sub_02058124	FieldCommManager_StartBattleClient	src/field_comm_manager.c	order
sub_02058164	FieldCommManager_ConnectBattleClient	src/field_comm_manager.c	order
sub_02058180	FieldCommManager_ReconnectBattleClient	src/field_comm_manager.c	called
sub_02058190	FieldCommManager_EnterBattleRoom	src/field_comm_manager.c	called
sub_02058284	FieldCommManager_EndBattleNoSync	src/field_comm_manager.c	called
sub_020582A8	FieldCommManager_EndBattleSync	src/field_comm_manager.c	called
sub_020582CC	FieldCommManager_RunTask	src/field_comm_manager.c	order
sub_020582F4	FieldCommManager_SetTask	src/field_comm_manager.c	called
sub_02058304	FieldCommTask_StartBattleServer	src/field_comm_manager.c	order
sub_02058328	FieldCommTask_WaitBattleServer	src/field_comm_manager.c	order
sub_0205832C	FieldCommTask_StartBattleClient	src/field_comm_manager.c	order
sub_02058348	FieldCommTask_ScanBattleClient	src/field_comm_manager.c	order
sub_0205834C	FieldCommTask_ConnectBattleClient	src/field_comm_manager.c	order
sub_0205836C	ov70_0226BCC0	src/overlay070/ov70_02269190.c	calls
sub_02058388	FieldCommTask_WaitBattleClient	src/field_comm_manager.c	order
sub_0205838C	FieldCommTask_ReturnToBattleRoom	src/field_comm_manager.c	order
sub_020583EC	FieldCommTask_ReturnToBattleRoom_SendPos	src/field_comm_manager.c	calls
sub_02058444	FieldCommTask_ReturnToBattleRoom_EnableSendMovementData	src/field_comm_manager.c	calls
sub_02058478	FieldCommTask_ReturnToBattleRoom_WaitForScreenFade	src/field_comm_manager.c	calls
sub_020584BC	FieldCommTask_EnterBattleRoom	src/field_comm_manager.c	between
sub_02058518	FieldCommTask_EnterBattleRoom_SendPos	src/field_comm_manager.c	calls
sub_0205857C	FieldCommManager_CheckExitRoom	src/field_comm_manager.c	calls
sub_02058608	FieldCommTask_WaitBattleRoomMovement	src/field_comm_manager.c	calls
sub_02058640	FieldCommManager_UnknownCallback	src/field_comm_manager.c	calls
sub_02058690	FieldCommTask_StartWaitBattleRoom	src/field_comm_manager.c	between
sub_020586A0	FieldCommTask_02059C8C	src/field_comm_manager.c	between
sub_020586EC	FieldCommTask_BattleRoomMovement	src/field_comm_manager.c	calls
sub_02058720	FieldCommManager_UpdateBattleRoomMovement	src/field_comm_manager.c	between
sub_02058740	FieldCommManager_IsInMovementState	src/field_comm_manager.c	between
sub_0205876C	FieldCommTask_StartVsLinkBattle	src/field_comm_manager.c	between
sub_020587E8	FieldCommTask_WaitStartVsLinkBattle	src/field_comm_manager.c	between
sub_0205882C	FieldCommTask_SwitchTransitionToParallelAndStartVsLinkBattle	src/field_comm_manager.c	between
sub_02058854	FieldCommTask_StartSwitchTransitionToParallelAndStartVsLinkBattle	src/field_comm_manager.c	between
sub_02058870	FieldCommTask_InitializeVsBattle	src/field_comm_manager.c	calls
sub_020588A0	FieldCommTask_ResetBattleClient	src/field_comm_manager.c	between
sub_020588B4	FieldCommTask_ReinitBattleClient	src/field_comm_manager.c	between
sub_020588CC	FieldCommManager_SetTrainerCaseCopiedFlag	src/field_comm_manager.c	between
sub_020588DC	FieldCommManager_GetTrainerCase	src/field_comm_manager.c	between
sub_020588F8	FieldCommTask_StartCopyTrainerCase	src/field_comm_manager.c	calls
sub_02058930	FieldCommTask_CopyTrainerCase	src/field_comm_manager.c	calls
sub_0205896C	CommFieldTask_WaitSwitchTransitionTypeAndChangeToBattleRoom	src/field_comm_manager.c	between
sub_020589B0	FieldCommTask_SwitchTransitionTypeToServerClient	src/field_comm_manager.c	between
sub_020589D8	FieldCommTask_SwitchTransitionType	src/field_comm_manager.c	between
sub_020589F4	FieldCommTask_ChangeToBattleRoom	src/field_comm_manager.c	calls
sub_02058A38	FieldCommTask_EndBattleSync	src/field_comm_manager.c	between
sub_02058A60	FieldCommTask_EndBattleNoSync	src/field_comm_manager.c	calls
sub_02058A78	FieldCommTask_EndConnection	src/field_comm_manager.c	order
sub_02058AEC	sub_0205A0D8	src/unk_0205A0D8.c	order
sub_02058B84	sub_0205A164	src/unk_0205A0D8.c	calls
sub_02058C80	sub_0205A258	src/unk_0205A0D8.c	between
sub_02058CD8	sub_0205A2B0	src/unk_0205A0D8.c	between
sub_02058D04	sub_0205A2DC	src/unk_0205A0D8.c	calls
sub_02058D24	sub_0205A2FC	src/unk_0205A0D8.c	calls
sub_02058D4C	sub_0205A324	src/unk_0205A0D8.c	between
sub_02059478	sub_0205AA50	src/unk_0205A0D8.c	called
sub_020594C8	sub_0205AAA0	src/unk_0205A0D8.c	called
sub_02059538	sub_0205AB10	src/unk_0205A0D8.c	called
sub_02059650	sub_0205AC28	src/unk_0205A0D8.c	calls
sub_0205969C	sub_0205AC74	src/unk_0205A0D8.c	between
sub_020596A8	sub_0205AC80	src/unk_0205A0D8.c	called
sub_020596F0	sub_0205ACC8	src/unk_0205A0D8.c	called
sub_02059738	sub_0205AD10	src/unk_0205A0D8.c	called
sub_02059748	sub_0205AD20	src/unk_0205A0D8.c	called
sub_0205975C	sub_0205AD34	src/unk_0205A0D8.c	called
sub_02059798	sub_0205AD70	src/unk_0205A0D8.c	called
sub_020597A8	sub_0205AD80	src/unk_0205A0D8.c	called
sub_020597D4	sub_0205ADAC	src/unk_0205A0D8.c	called
sub_02059820	sub_0205ADF8	src/unk_0205A0D8.c	called
sub_0205993C	sub_0205AF18	src/unk_0205A0D8.c	called
sub_02059A08	sub_0205AFE4	src/unk_0205A0D8.c	called
sub_02059AD8	sub_0205B0B4	src/unk_0205A0D8.c	called
sub_02059AE4	sub_0205B0C0	src/unk_0205A0D8.c	between
sub_02059B08	sub_0205B0E4	src/unk_0205A0D8.c	between
sub_02059B18	sub_0205B0F4	src/unk_0205A0D8.c	between
sub_02059B34	sub_0205B110	src/unk_0205A0D8.c	between
sub_02059B64	sub_0205B140	src/unk_0205A0D8.c	between
sub_02059D44	sub_0205B2D4	src/unk_0205A0D8.c	calls
sub_02059DB0	FieldSystem_InitCommUnionRoom	src/unk_0205B33C.c	called
sub_02059E04	sub_0205B388	src/unk_0205B33C.c	called
sub_02059E88	sub_0205B408	src/unk_0205B33C.c	order
sub_02059EBC	sub_0205B43C	src/unk_0205B33C.c	order
sub_02059F30	sub_0205B4B0	src/unk_0205B33C.c	order
sub_02059F54	sub_0205B4D4	src/unk_0205B33C.c	called
sub_02059F78	sub_0205B4F8	src/unk_0205B33C.c	order
sub_02059FF8	sub_0205B578	src/unk_0205B33C.c	calls
sub_0205A034	sub_0205B5B4	src/unk_0205B33C.c	called
sub_0205A03C	sub_0205B5BC	src/unk_0205B33C.c	between
sub_0205A07C	sub_0205B5FC	src/unk_0205B33C.c	between
sub_0205A0A0	sub_0205B620	src/unk_0205B33C.c	between
sub_0205A0B4	sub_0205B634	src/unk_0205B33C.c	calls
sub_0205A114	sub_0205B694	src/unk_0205B33C.c	calls
sub_0205A144	sub_0205B6C4	src/unk_0205B33C.c	between
sub_0205A1AC	sub_0205B72C	src/unk_0205B33C.c	calls
sub_0205A1D4	sub_0205B754	src/unk_0205B33C.c	called
sub_0205A1F0	sub_0205B770	src/unk_0205B33C.c	between
sub_0205A1F4	sub_0205B774	src/unk_0205B33C.c	between
sub_0205A200	sub_0205B780	src/unk_0205B33C.c	called
sub_0205A284	sub_0205B804	src/unk_0205B33C.c	called
sub_0205A358	sub_0205B8D8	src/unk_0205B33C.c	between
sub_0205A35C	sub_0205B8DC	src/unk_0205B33C.c	calls
sub_0205A39C	sub_0205B91C	src/unk_0205B33C.c	called
sub_0205A3B0	sub_0205B930	src/unk_0205B33C.c	called
sub_0205A408	sub_0205B988	src/unk_0205B33C.c	between
sub_0205A40C	sub_0205B98C	src/unk_0205B33C.c	between
sub_0205A410	sub_0205B990	src/unk_0205B33C.c	calls
sub_0205A430	sub_0205B9AC	src/unk_0205B33C.c	between
sub_0205A44C	sub_0205B9C4	src/unk_0205B33C.c	between
sub_0205A46C	sub_0205B9E0	src/unk_0205B33C.c	between
sub_0205A478	sub_0205B9E8	src/unk_0205B33C.c	called
sub_0205A47C	sub_0205B9EC	src/unk_0205B33C.c	called
sub_0205A498	sub_0205BA08	src/unk_0205B33C.c	between
sub_0205A4B4	sub_0205BA5C	src/unk_0205B33C.c	between
sub_0205A4C4	sub_0205BA6C	src/unk_0205B33C.c	between
sub_0205A4D8	sub_0205BA7C	src/unk_0205B33C.c	called
sub_0205A508	sub_0205BAAC	src/unk_0205B33C.c	called
sub_0205A51C	sub_0205BAC0	src/unk_0205B33C.c	between
sub_0205A544	UnionRoom_GetTrainerBusyMessage	src/unk_0205B33C.c	between
sub_0205A6AC	UnionRoom_GetTrainerCasePlayerMessage	src/unk_0205B33C.c	called
sub_0205A730	UnionRoom_GetStartMessage	src/unk_0205B33C.c	between
sub_0205A750	UnionRoom_GetMessage	src/unk_0205B33C.c	between
sub_0205A894	UnionRoom_GetCommInfoGameCode	src/unk_0205B33C.c	called
sub_0205A8B4	sub_0205BE58	src/unk_0205B33C.c	calls
sub_0205A904	sub_0205BEA8	src/unk_0205B33C.c	called
sub_0205A9A0	UnionRoom_GetTealaMessage	src/unk_0205B33C.c	called
sub_0205AA6C	sub_0205C010	src/unk_0205B33C.c	called
sub_0205AA84	sub_0205C028	src/unk_0205B33C.c	called
sub_0205AA9C	UnionRoom_DoGreeting	src/unk_0205B33C.c	calls
sub_0205AB88	sub_0205C12C	src/unk_0205B33C.c	called
sub_0205ABB0	sub_0205C154	src/unk_0205B33C.c	called
sub_0205ABBC	sub_0205C160	src/unk_0205B33C.c	called
sub_0205AC70	UnionRoom_SendTrainerCase	src/unk_0205B33C.c	order
sub_0205AC88	sub_0205C22C	src/unk_0205C22C.c	called
sub_0205AD0C	sub_0205C2B0	src/unk_0205C22C.c	called
sub_0205AD24	sub_0205C2C8	src/unk_0205C22C.c	called
sub_0205AD3C	sub_0205C2E0	src/unk_0205C22C.c	called
sub_0205AD9C	sub_0205C340	src/unk_0205C22C.c	called
sub_0205AEA0	sub_0205C444	src/unk_0205C22C.c	called
sub_0205AEA8	sub_0205C44C	src/unk_0205C22C.c	order
sub_0205AF78	sub_0205C51C	src/unk_0205C22C.c	order
sub_0205B0DC	sub_0205C680	src/unk_0205C22C.c	called
sub_0205B118	sub_0205C6BC	src/unk_0205C22C.c	order
sub_0205B13C	sub_0205C6E0	src/unk_0205C22C.c	order
sub_0205B1E4	sub_0205C788	src/unk_0205C22C.c	order
sub_0205B218	sub_0205C7BC	src/unk_0205C22C.c	order
sub_0205B240	sub_0205C7E4	src/unk_0205C22C.c	order
sub_0205B27C	sub_0205C820	src/unk_0205C22C.c	called
sub_0205B338	sub_0205C8DC	src/unk_0205C22C.c	order
sub_0205B35C	sub_0205C900	src/unk_0205C22C.c	called
sub_0205B380	sub_0205C924	src/unk_0205C22C.c	order
sub_0205B3A0	sub_0205B3A0	src/unk_0205B33C.c	same
sub_0205B3B8	sub_0205C95C	src/unk_0205C22C.c	order
sub_0205B3CC	sub_0205C970	src/unk_0205C22C.c	order
sub_0205CBE4	PlayerAvatar_CheckStartMove	src/player_move.c	order
sub_0205CBEC	PlayerAvatar_CheckStartMoveInternal	src/player_move.c	called
sub_0205CC4C	PlayerAvatar_StartMoveInit	src/player_move.c	order
sub_0205CC74	PlayerAvatar_EnableTileBehaviorCheck	src/player_move.c	order
sub_0205CC94	PlayerAvatar_PlayWalkSE	src/player_move.c	order
sub_0205CF44	PlayerAvatar_ClearMoveState	src/player_move.c	calls
sub_0205CF60	PlayerAvatar_CheckForceStopMovement	src/player_move.c	calls
sub_0205CFBC	PlayerAvatar_ForceStopMovement	src/player_move.c	called
sub_0205D004	PlayerAvatar_TryMoveFromCurTileBehavior	src/player_move.c	order
sub_0205D01C	PlayerAvatar_GetTileMovement	src/player_move.c	called
sub_0205D07C	PlayerAvatar_TryMoveTileBehavior	src/player_move.c	called
sub_0205D09C	Field_UpdateVsSeeker	src/overlay005/field_control.c	order
sub_0205D0A8	PlayerAvatar_TileMove_Ice	src/player_move.c	order
sub_0205D190	PlayerAvatar_TileMove_CyclingRoadDown	src/player_move.c	order
sub_0205D1FC	VsSeeker_UpdateStepCount	src/overlay005/vs_seeker.c	called
sub_0205D240	PlayerAvatar_CheckIceHeightChange	src/player_move.c	order
sub_0205D2A0	PlayerAvatar_UpdateIceSpeedFromHeightChange	src/player_move.c	order
sub_0205D2D0	PlayerAvatar_SetIceMovement	src/player_move.c	between
sub_0205D340	PlayerAvatar_SetMovementFromState	src/player_move.c	order
sub_0205D3A8	PlayerAvatar_SetMovement_Normal	src/player_move.c	between
sub_0205D40C	PlayerAvatar_UpdateMoveState2	src/player_move.c	order
sub_0205D428	PlayerAvatar_ValidateState	src/player_move.c	called
sub_0205D44C	MapObject_DummyReturnMovementAction	src/player_move.c	order
sub_0205D450	PlayerAvatar_UpdateMoveState	src/player_move.c	order
sub_0205D494	PlayerAvatar_SetMovement_NotMoving	src/player_move.c	order
sub_0205D4B4	PlayerAvatar_SetMovement_NormalOverworld	src/player_move.c	order
sub_0205D610	PlayerAvatar_SetMovement_Turning	src/player_move.c	called
sub_0205D640	PlayerAvatar_SetMovement_Bike	src/player_move.c	order
sub_0205D658	PlayerAvatar_GetMovementActionFromSpeed	src/player_move.c	order
sub_0205D684	PlayerAvatar_AccelerateBike	src/player_move.c	between
sub_0205D6B4	PlayerAvatar_DecelerateBike	src/player_move.c	order
sub_0205D6E8	PlayerAvatar_SetMovement_BikeFourthGear	src/player_move.c	order
sub_0205D75C	PlayerAvatar_UpdateBikeStateFourthGear	src/player_move.c	order
sub_0205D778	PlayerAvatarBikeState_GetMoveStateFourthGear	src/player_move.c	called
sub_0205D7AC	PlayerAvatar_GetBikeStateFourthGear	src/player_move.c	calls
sub_0205D818	PlayerAvatar_SetMovement_BikeFourthGearStop	src/player_move.c	called
sub_0205D83C	PlayerAvatar_SetMovement_BikeFourthGearMoving	src/player_move.c	called
sub_0205D948	PlayerAvatar_SetMovement_BikeFourthGearTurning	src/player_move.c	called
sub_0205D978	PlayerAvatar_SetMovement_BikeFourthGearBrake	src/player_move.c	called
sub_0205DA1C	PlayerAvatar_SetMovement	src/player_move.c	called
sub_0205DA34	PlayerAvatar_CheckCollision	src/player_move.c	called
sub_0205DAA8	PlayerAvatar_CheckMapObjCollision	src/player_move.c	order
sub_0205DB68	PlayerAvatar_WillJumpTwice	src/player_move.c	order
sub_0205DCA0	PlayerAvatar_CheckDistortionCollision	src/player_move.c	order
sub_0205DCFC	PlayerAvatar_WillJumpTwiceDistortion	src/player_move.c	between
sub_0205DD94	PlayerAvatar_CalcFaceDirection	src/player_move.c	order
sub_0205DD9C	Movement_FaceUpDownFromInput	src/player_move.c	order
sub_0205DDB8	Movement_FaceLeftRightFromInput	src/player_move.c	called
sub_0205DDD4	PlayerAvatar_CalcFaceDirectionInternal	src/player_move.c	order
sub_0205DE38	PlayerAvatar_IsAnimationSetOrWalkOnSpotSlow	src/player_move.c	calls
sub_0205DE64	MovementAction_IsWalkOnSpotSlow	src/player_move.c	called
sub_0205DE88	PlayerAvatar_IsRunButtonHeld	src/player_move.c	between
sub_0205DE98	PlayerAvatar_IsRunning	src/player_move.c	between
sub_0205DEC0	PlayerAvatar_GetMoveStateFromPlayerAvatarState	src/player_move.c	between
sub_0205DF0C	PlayerAvatar_GetMovementActionAnimCode	src/player_move.c	between
sub_0205DFC8	PlayerAvatar_IsMapObjectAnimationSet	src/player_move.c	calls
sub_0205DFD4	PlayerAvatar_SetMapObjMovement	src/player_move.c	called
sub_0205DFEC	PlayerAvatar_GetTileBehaviorFromDir	src/player_move.c	called
sub_0205DFFC	PlayerAvatar_MoveCoordsInDirection	src/player_move.c	order
sub_0205E048	PlayerAvatar_IncrementStepsRecord	src/player_move.c	order
sub_0205E078	PlayerAvatar_IsOnCyclingRoadBridge	src/player_move.c	order
sub_0205FD20	MapObject_InitMove	src/map_object_move.c	called
sub_0205FD30	MapObject_Move	src/map_object_move.c	called
sub_0205FD98	sub_02063478	src/map_object_move.c	order
sub_0205FE0C	sub_020634DC	src/map_object_move.c	order
sub_0205FE24	sub_020634F4	src/map_object_move.c	order
sub_0205FE48	MapObject_StartMove	src/map_object_move.c	order
sub_0205FE6C	sub_0206353C	src/map_object_move.c	order
sub_0205FEA4	MapObject_EndMove	src/map_object_move.c	order
sub_0205FEDC	sub_020635AC	src/map_object_move.c	called
sub_0205FF6C	sub_0206363C	src/map_object_move.c	called
sub_02060020	sub_020636F0	src/map_object_move.c	called
sub_0206008C	sub_0206375C	src/map_object_move.c	called
sub_02060114	sub_020637D4	src/map_object_move.c	called
sub_020601A4	MapObject_SinkIntoTerrain	src/map_object_move.c	between
sub_020601BC	sub_02063964	src/map_object_move.c	between
sub_02060274	sub_0206397C	src/map_object_move.c	between
sub_02060328	sub_02063994	src/map_object_move.c	order
sub_0206039C	sub_02063A30	src/map_object_move.c	order
sub_020603D0	sub_02063A64	src/map_object_move.c	order
sub_020603DC	sub_02063C18	src/map_object_move.c	order
sub_020603F8	ov5_021F3844	src/overlay005/ov5_021F37A8.c	called
sub_02060708	sub_02063C30	src/map_object_move.c	order
sub_02060770	sub_02063C48	src/map_object_move.c	order
sub_02060AF0	MapObject_EmptyFunction	src/map_object_move.c	order
sub_02060AF4	sub_02063E18	src/map_object_move.c	called
sub_02060B90	sub_02063E94	src/map_object_move.c	order
sub_02060BB8	sub_02063EBC	src/map_object_move.c	called
sub_02060BFC	sub_02063F00	src/map_object_move.c	called
sub_02060D94	MapObject_IsOutOfRange	src/map_object_move.c	called
sub_02060DEC	sub_02064004	src/map_object_move.c	called
sub_02060E54	MapObject_IsOnWater	src/map_object_move.c	between
sub_02060EA4	MapObject_IsOnSand	src/map_object_move.c	between
sub_02060EBC	MapObject_IsOnSnow	src/map_object_move.c	between
sub_02060ED4	MapObject_IsOnShallowSnow	src/map_object_move.c	between
sub_02060EEC	MapObject_IsOnElevatedBridge	src/map_object_move.c	called
sub_02060F24	MapObject_StepDir	src/map_object_move.c	between
sub_02060F78	MapObject_UpdateCoords	src/map_object_move.c	called
sub_02060FA8	MapObject_GetTileBehaviorFromDir	src/map_object_move.c	called
sub_0206101C	MapObject_MovePosInDir	src/map_object_move.c	order
sub_02061070	MapObject_RecalculateObjectHeight	src/map_object_move.c	called
sub_02061108	MapObject_SetTileBehaviors	src/map_object_move.c	called
sub_02061190	VecFx32_StepDirection	src/map_object_move.c	called
sub_020611C8	VecFx32_SetPosFromMapCoords	src/map_object_move.c	called
sub_020611DC	sub_02064464	src/map_object_move.c	order
sub_020611F4	Direction_GetOpposite	src/map_object_move.c	called
sub_02061200	GetDirectionBetweenPoints	src/map_object_move.c	order
sub_0206121C	MapObject_RecalculatePositionHeight	src/map_object_move.c	called
sub_02061248	MapObject_IsDynamicHeightCalculationEnabled	src/map_object.c	called
sub_02061284	sub_0206450C	src/unk_0206450C.c	called
sub_020612C0	sub_0206453C	src/unk_0206450C.c	order
sub_020612CC	sub_02064548	src/unk_0206450C.c	order
sub_020612D8	sub_02064554	src/unk_0206450C.c	order
sub_020612E4	sub_02064560	src/unk_0206450C.c	order
sub_020612F0	sub_0206456C	src/unk_0206450C.c	order
sub_020612FC	sub_02064578	src/unk_0206450C.c	order
sub_02061308	sub_02064584	src/unk_0206450C.c	order
sub_02061314	sub_02064590	src/unk_0206450C.c	order
sub_02061320	sub_0206459C	src/unk_0206450C.c	order
sub_0206132C	sub_020645A8	src/unk_0206450C.c	order
sub_02061338	sub_020645C0	src/unk_0206450C.c	order
sub_0206139C	sub_02064624	src/unk_0206450C.c	order
sub_020613C0	ov5_021D5CA0	src/overlay005/ov5_021D5BC0.c	order
sub_020613D0	ov5_021EA7CC	src/overlay005/ov5_021EA714.c	called
sub_020613F8	sub_02064690	src/unk_0206450C.c	order
sub_020614F4	sub_020647A0	src/unk_0206450C.c	called
sub_020615F0	sub_0206489C	src/unk_0206450C.c	order
sub_02061648	sub_020648F4	src/unk_0206450C.c	called
sub_0206166C	sub_02064918	src/unk_0206450C.c	order
sub_02061690	sub_0206493C	src/unk_0206450C.c	order
sub_0206169C	sub_02064948	src/unk_0206450C.c	order
sub_020616A8	sub_02064954	src/unk_0206450C.c	order
sub_020616B4	sub_02064960	src/unk_0206450C.c	order
sub_020616C0	sub_0206496C	src/unk_0206450C.c	called
sub_020616E4	sub_02064990	src/unk_0206450C.c	order
sub_020616F0	sub_0206499C	src/unk_0206450C.c	order
sub_020616FC	sub_020649A8	src/unk_0206450C.c	order
sub_02061720	sub_020649CC	src/unk_0206450C.c	order
sub_02061754	sub_02064A00	src/unk_0206450C.c	order
sub_02061770	sub_02064A1C	src/unk_0206450C.c	order
sub_020617AC	sub_02064A58	src/unk_0206450C.c	between
sub_02061844	sub_02064AF0	src/unk_0206450C.c	order
sub_02061850	sub_02064AFC	src/unk_0206450C.c	order
sub_02061874	sub_02064B20	src/unk_0206450C.c	order
sub_02061894	sub_02064B40	src/unk_0206450C.c	order
sub_020618B0	sub_02064B5C	src/unk_0206450C.c	order
sub_020618C8	sub_02064B74	src/unk_0206450C.c	order
sub_0206197C	sub_02064C28	src/unk_0206450C.c	order
sub_0206199C	sub_02064C48	src/unk_0206450C.c	order
sub_020619C0	sub_02064C6C	src/unk_0206450C.c	order
sub_020619FC	sub_02064CA8	src/unk_0206450C.c	order
sub_02061ABC	sub_02064D68	src/unk_0206450C.c	order
sub_02061AEC	sub_0206502C	src/unk_0206450C.c	called
sub_02061C1C	sub_02064EC8	src/unk_0206450C.c	order
sub_02061C40	sub_02064EEC	src/unk_0206450C.c	order
sub_02061D50	sub_02064FFC	src/unk_0206450C.c	order
sub_02061D80	sub_0206505C	src/unk_0206450C.c	order
sub_02061D90	sub_0206506C	src/unk_0206450C.c	order
sub_02061DA0	sub_0206507C	src/unk_0206450C.c	order
sub_02061DB0	sub_0206508C	src/unk_0206450C.c	order
sub_02061DC0	sub_0206509C	src/unk_0206450C.c	order
sub_02061DD0	sub_020650AC	src/unk_0206450C.c	order
sub_02061DE0	sub_020650BC	src/unk_0206450C.c	order
sub_02061DF0	sub_020650CC	src/unk_0206450C.c	order
sub_02061E00	sub_020652EC	src/unk_0206450C.c	called
sub_02061E20	sub_0206530C	src/unk_0206450C.c	order
sub_02061E44	sub_02065330	src/unk_0206450C.c	order
sub_02061E6C	sub_02065358	src/unk_0206450C.c	called
sub_02061E90	sub_0206537C	src/unk_0206450C.c	called
sub_02061F5C	sub_02065448	src/unk_0206450C.c	order
sub_02062050	sub_0206553C	src/unk_0206450C.c	order
sub_02062064	sub_02065550	src/unk_0206450C.c	order
sub_0206207C	sub_02065568	src/unk_0206450C.c	order
sub_020620F8	sub_020655E4	src/unk_0206450C.c	order
sub_0206234C	sub_0206234C	src/map_object.c	same
sub_02062390	MovementAction_GetDirFromAction	src/unk_020655F4.c	called
sub_020623C8	MovementAnimation_End	src/unk_020655F4.c	order
sub_02062400	MapObject_DoMovementAction	src/unk_020655F4.c	calls
sub_02062428	sub_020658DC	src/unk_020655F4.c	calls
sub_0206247C	MovementAction_InitFace	src/unk_020655F4.c	calls
sub_020624CC	sub_020624CC	src/map_object.c	same
sub_020627B0	MovementAction_InitWalkOnSpot	src/unk_020655F4.c	calls
sub_02062958	MovementAction_InitJumpCustomSound	src/unk_020655F4.c	called
sub_02062D54	MovementAction_InitDelay	src/unk_020655F4.c	calls
sub_02062F48	sub_02062F48	src/map_object.c	same
sub_02062FAC	MovementAction_InitWalkUneven	src/unk_020655F4.c	called
sub_02062FEC	MovementAction_WalkUneven	src/unk_020655F4.c	called
sub_020632B0	sub_02066824	src/unk_020655F4.c	called
sub_02063A14	sub_020673C0	src/unk_020673B8.c	order
sub_02063A1C	sub_020673E4	src/unk_020673B8.c	between
sub_02063A40	sub_02067400	src/unk_020673B8.c	order
sub_02063A5C	sub_0206741C	src/unk_020673B8.c	order
sub_02063A78	sub_02063A78	src/map_object_move.c	same
sub_02063A94	sub_02067438	src/unk_020673B8.c	called
sub_02063AC8	sub_0206746C	src/unk_020673B8.c	called
sub_02063AFC	ov5_021D64FC	src/overlay005/ov5_021D5EB8.c	order
sub_02063B00	sub_020674A0	src/unk_020673B8.c	order
sub_02063B04	sub_020674A8	src/unk_020673B8.c	order
sub_02063B08	sub_020674AC	src/unk_020673B8.c	order
sub_02063B20	sub_02063B20	src/map_object_move.c	same
sub_02063B9C	sub_02067540	src/unk_020673B8.c	order
sub_02063C88	sub_0206762C	src/unk_020673B8.c	order
sub_02063CB4	sub_02067658	src/unk_020673B8.c	order
sub_02063D30	sub_02063D30	src/map_object_move.c	same
sub_02063FE4	BerryPatchGraphics_FreeGraphics	src/berry_patch_graphics.c	order
sub_02063FFC	BerryPatchGraphics_PauseGraphics	src/berry_patch_graphics.c	order
sub_0206402C	BerryPatchGraphics_ResumeGraphics	src/berry_patch_graphics.c	order
sub_02064084	BerryPatchGraphics_GetGraphicsResourceID	src/berry_patch_graphics.c	between
sub_020640A4	BerryPatchGraphics_GetGraphicsObject	src/berry_patch_graphics.c	between
sub_02064298	GetTrainerType	src/trainer_encounter.c	called
sub_020642C4	GetTrainerDistToPlayer	src/trainer_encounter.c	order
sub_0206439C	GetDistanceToPlayerFromDir	src/trainer_encounter.c	called
sub_020643B8	GetDistanceNorth	src/trainer_encounter.c	between
sub_020643E4	GetDistanceSouth	src/trainer_encounter.c	between
sub_02064410	GetDistanceWest	src/trainer_encounter.c	between
sub_0206443C	GetDistanceEast	src/trainer_encounter.c	between
sub_02064468	IsPathInterrupted	src/trainer_encounter.c	order
sub_02064518	MapObject_GetTrainerID	src/trainer_encounter.c	order
sub_02064520	FindTrainerPartner	src/trainer_encounter.c	order
sub_0206457C	TrainerEncounter_StartApproachingTrainerTask	src/trainer_encounter.c	called
sub_02064598	TrainerEncounter_IsApproachingTrainerTaskDone	src/trainer_encounter.c	called
sub_020645AC	TrainerEncounter_FreeApproachingTrainerTask	src/trainer_encounter.c	called
sub_020645B4	sub_020645B4	src/unk_0206450C.c	same
sub_02064618	FreeApproachingTrainerTask	src/trainer_encounter.c	order
sub_02064630	SysTask_ApproachingTrainer	src/trainer_encounter.c	between
sub_0206464C	ApproachingTrainerTask_UnpauseMovement	src/trainer_encounter.c	order
sub_02064668	sub_02064668	src/unk_0206450C.c	same
sub_02064694	ApproachingTrainerTask_CheckRevealOrFaceDirection	src/trainer_encounter.c	order
sub_020646DC	ApproachingTrainerTask_FaceDirection	src/trainer_encounter.c	order
sub_02064714	ApproachingTrainerTask_WaitFaceDirection	src/trainer_encounter.c	between
sub_02064730	ApproachingTrainerTask_Unk_05	src/trainer_encounter.c	order
sub_02064748	ApproachingTrainerTask_Unk_06	src/trainer_encounter.c	order
sub_02064764	ApproachingTrainerTask_RevealTrainer	src/trainer_encounter.c	order
sub_02064778	ApproachingTrainerTask_WaitRevealTrainer	src/trainer_encounter.c	between
sub_02064790	ApproachingTrainerTask_DelayCheckNextToPlayer	src/trainer_encounter.c	order
sub_020647A8	ApproachingTrainerTask_CheckNextToPlayer	src/trainer_encounter.c	order
sub_020647C0	ApproachingTrainerTask_StepTowardsPlayer	src/trainer_encounter.c	order
sub_020647E8	ApproachingTrainerTask_WaitStepTowardsPlayer	src/trainer_encounter.c	between
sub_02064808	ApproachingTrainerTask_DelayNextToPlayer	src/trainer_encounter.c	order
sub_02064824	ApproachingTrainerTask_TryPlayerFaceTrainer	src/trainer_encounter.c	order
sub_020648A0	ApproachingTrainerTask_WaitPlayerFaceTrainer	src/trainer_encounter.c	order
sub_020648C8	ApproachingTrainerTask_SwitchMovementTypeNone	src/trainer_encounter.c	order
sub_020648E4	ApproachingTrainerTask_Done	src/trainer_encounter.c	order
sub_020658D4	sub_02069BE0	src/unk_02069BE0.c	order
sub_02065900	sub_02069C0C	src/unk_02069BE0.c	order
sub_02065998	sub_02069C44	src/unk_02069BE0.c	order
sub_02065B70	VsSeekerSystem_PickRematchTrainers	src/overlay005/vs_seeker.c	order
sub_02065BE8	sub_02069C48	src/unk_02069BE0.c	order
sub_02065C2C	sub_02069C8C	src/unk_02069BE0.c	order
sub_02065CD0	sub_02069CA8	src/unk_02069BE0.c	order
sub_02065CFC	sub_02069CD4	src/unk_02069BE0.c	order
sub_02065D24	sub_02069CFC	src/unk_02069BE0.c	order
sub_02065D58	sub_02069D30	src/unk_02069BE0.c	order
sub_02065D78	sub_02069D50	src/unk_02069BE0.c	order
sub_02065FBC	sub_02069D8C	src/unk_02069BE0.c	order
sub_02065FFC	sub_02069DF4	src/unk_02069BE0.c	order
sub_02066024	sub_02069E1C	src/unk_02069BE0.c	order
sub_02066054	sub_02069E4C	src/unk_02069BE0.c	order
sub_02066064	sub_02069E5C	src/unk_02069BE0.c	order
sub_020660A0	sub_02069E98	src/unk_02069BE0.c	order
sub_020660C0	sub_02069EB8	src/unk_02069BE0.c	order
sub_02066150	sub_02069F48	src/unk_02069BE0.c	order
sub_020661CC	sub_02069FC4	src/unk_02069BE0.c	between
sub_020661F0	sub_02069FE8	src/unk_02069BE0.c	order
sub_0206623C	sub_0206A034	src/unk_02069BE0.c	order
sub_020662C4	sub_0206A0BC	src/unk_02069BE0.c	called
sub_0206630C	sub_0206A104	src/unk_02069BE0.c	order
sub_02066318	sub_0206A110	src/unk_02069BE0.c	order
sub_02066324	sub_0206A11C	src/unk_02069BE0.c	order
sub_02066330	sub_0206A128	src/unk_02069BE0.c	order
sub_0206633C	sub_0206A134	src/unk_02069BE0.c	order
sub_02066360	sub_0206A158	src/unk_02069BE0.c	order
sub_02066370	sub_0206A168	src/unk_02069BE0.c	order
sub_020663B4	sub_0206A1AC	src/unk_02069BE0.c	order
sub_020663E4	sub_0206A1DC	src/unk_02069BE0.c	order
sub_02066420	sub_0206A224	src/unk_02069BE0.c	order
sub_0206642C	sub_0206A230	src/unk_02069BE0.c	order
sub_02066438	sub_0206A2BC	src/unk_02069BE0.c	order
sub_020664D8	VsSeeker_SetTrainerMoveCode	src/overlay005/vs_seeker.c	called
sub_0206979C	Simple3D_ZeroOutAnimation	src/simple3d.c	between
sub_020697A8	LoadAnimFromSet_NewAlloc	src/simple3d.c	between
sub_020697BC	Simple3D_LoadFromAllocatedSet	src/simple3d.c	between
sub_020697D0	CreateAnimCopy	src/simple3d.c	between
sub_020697DC	Simple3D_LoadAnimFromOpenNARC	src/simple3d.c	called
sub_02069800	LoadAnimFromSet	src/simple3d.c	called
sub_02069818	Simple3D_FreeAnimationSet	src/simple3d.c	between
sub_0206983C	BindAnimToModel	src/simple3d.c	calls
sub_02069864	Simple3D_BindModelToAnim	src/simple3d.c	order
sub_02069870	InitG3DAnimObject	src/simple3d.c	called
sub_02069884	Simple3D_InitG3DAnimObject	src/simple3d.c	order
sub_02069894	Simple3D_ApplyAnimCopyToModel	src/simple3d.c	called
sub_020698B8	Simple3D_FreeAnimObject	src/simple3d.c	called
sub_020698D0	Simple3D_FreeAnimation	src/simple3d.c	order
sub_020698E8	Simple3D_GetAnimFrame	src/simple3d.c	order
sub_02069948	Simple3D_HasAnimationReachedEnd	src/simple3d.c	order
sub_02069958	ZeroOutRenderObj	src/simple3d.c	called
sub_02069964	BindModelToRenderObj	src/simple3d.c	order
sub_02069978	Simple3D_CreateRenderObject	src/simple3d.c	called
sub_02069984	BindAnimToRenderObj	src/simple3d.c	order
sub_0206998C	Simple3D_BindAnimToRenderObj	src/simple3d.c	called
sub_02069998	Simple3D_CreateRenderObjectWithAnim	src/simple3d.c	order
sub_020699AC	Simple3D_DrawRenderObj	src/simple3d.c	called
sub_020699BC	Simple3D_DrawRenderObjWithPos	src/simple3d.c	called
sub_020699D0	Simple3D_DrawRenderObjRotationAngles	src/simple3d.c	order
sub_020755E8	EndCreditsScenes_LoadExtraAnimDay	src/cutscenes/end_credits/scenes.c	calls
sub_02075804	TradeRoom_PrintMessage	src/applications/trade_room/helpers.c	calls
sub_02075A7C	Evolution_Begin	src/evolution.c	order
sub_02075D08	SysTask_Evolution	src/evolution.c	order
sub_02075D3C	Evolution_IsDone	src/evolution.c	order
sub_02075D4C	Evolution_Free	src/evolution.c	order
sub_02075E14	Evolution_Main	src/evolution.c	order
sub_02076C90	Evolution_ProcessEvolutionEffects	src/evolution.c	between
sub_02076E64	Evolution_InitGraphics	src/evolution.c	between
sub_020771A0	Evolution_FreeBgs	src/evolution.c	order
sub_020771E8	Evolution_CreateSprites	src/evolution.c	order
sub_02077270	Evolution_VBlankCallback	src/evolution.c	order
sub_020772F8	Evolution_PrintString	src/evolution.c	calls
sub_02077340	Evolution_TextPrinterCallback	src/evolution.c	between
sub_02077394	sub_0207C63C	src/unk_0207C63C.c	between
sub_020850F4	sub_020890F4	src/unk_020890F4.c	calls
sub_0208524C	sub_0208924C	src/unk_020890F4.c	between
sub_0208527C	sub_0208927C	src/unk_020890F4.c	calls
sub_020853B4	sub_020893B4	src/unk_020890F4.c	called
sub_02085400	sub_02089400	src/unk_020890F4.c	order
sub_0208541C	sub_0208941C	src/unk_020890F4.c	order
sub_02085438	sub_02089438	src/unk_020890F4.c	order
sub_0208545C	sub_0208945C	src/unk_020890F4.c	order
sub_020855CC	ov109_021D1C00	src/overlay109/ov109_021D0D80.c	calls
sub_02087FD4	sub_0208C010	src/unk_0208C010.c	between
sub_02087FF8	sub_0208C034	src/unk_0208C010.c	between
sub_02088030	sub_0208C06C	src/unk_0208C010.c	between
sub_02088288	GreatMarsh_GetAreaNumFromMapId	src/overlay006/great_marsh_daily_encounters.c	order
sub_0208828C	PokemonSummaryScreen_ShowContestData	src/applications/pokemon_summary_screen/main.c	order
sub_020885DC	PokemonSummaryScreenVBlank	src/applications/pokemon_summary_screen/main.c	calls
sub_02088630	SetupBgs	src/applications/pokemon_summary_screen/main.c	order
sub_0208877C	TeardownBgs	src/applications/pokemon_summary_screen/main.c	calls
sub_020887C4	SetAlphaBlending	src/applications/pokemon_summary_screen/main.c	between
sub_0208887C	MoveCannotTriggerAnticipation	src/battle/battle_lib.c	order
sub_02088894	InitializeStringsAndCopyOTName	src/applications/pokemon_summary_screen/main.c	calls
sub_0208895C	FreeStrings	src/applications/pokemon_summary_screen/main.c	calls
sub_020889D0	ov6_02243004	src/overlay006/ov6_02243004.c	order
sub_02088B08	WaitSummaryScreenTransition	src/applications/pokemon_summary_screen/main.c	order
sub_02088B40	HandleInput_Main	src/applications/pokemon_summary_screen/main.c	order
sub_02088D34	WaitSetupBattleMoveInfo	src/applications/pokemon_summary_screen/main.c	order
sub_02088E68	WaitHideBattleMoveInfo	src/applications/pokemon_summary_screen/main.c	order
sub_020892F4	WaitSetupContestMoveInfo	src/applications/pokemon_summary_screen/main.c	order
sub_02089308	WaitHideContestMoveInfo	src/applications/pokemon_summary_screen/main.c	order
sub_0208931C	HandleInput_MoveDetails	src/applications/pokemon_summary_screen/main.c	order
sub_0208942C	WaitSetupRibbonInfo	src/applications/pokemon_summary_screen/main.c	order
sub_02089454	WaitHideRibbonInfo	src/applications/pokemon_summary_screen/main.c	order
sub_02089478	SetupPoffinFeedConditionPage	src/applications/pokemon_summary_screen/main.c	order
sub_02089608	PrintContestStatChangeMsgs	src/applications/pokemon_summary_screen/main.c	order
sub_02089658	WaitForPoffinFeedMsgInput	src/applications/pokemon_summary_screen/main.c	between
sub_02089670	SummaryScreenTransitionOut	src/applications/pokemon_summary_screen/main.c	order
sub_02089680	ScreenTransitionIsDone	src/applications/pokemon_summary_screen/main.c	order
sub_020897F0	SetMonDataFromBoxMon	src/applications/pokemon_summary_screen/main.c	calls
sub_0208981C	SetMonDataFromMon	src/applications/pokemon_summary_screen/main.c	called
sub_02089C50	PlayMonCry	src/applications/pokemon_summary_screen/main.c	called
sub_02089CB4	SetupInitialPageGfx	src/applications/pokemon_summary_screen/main.c	order
sub_02089D40	Evolution_NewSummaryScreenApplicationManager	src/evolution.c	called
sub_02089D68	SetupPageFromSubscreenButton	src/applications/pokemon_summary_screen/main.c	order
sub_02089E14	PokemonSummaryScreen_CheckSubscreenButtonPress	src/applications/pokemon_summary_screen/subscreen.c	called
sub_02089E30	CheckSubscreenPressAndSetButton	src/applications/pokemon_summary_screen/main.c	order
sub_02089F50	DrawScreenBackground	src/battle_sub_menus/battle_party.c	calls
sub_0208A0EC	DrawHealthBar	src/applications/pokemon_summary_screen/main.c	calls
sub_0208A1A0	DrawExperienceProgressBar	src/applications/pokemon_summary_screen/main.c	calls
sub_0208A234	ChangeSummaryMon	src/applications/pokemon_summary_screen/main.c	order
sub_0208A2E0	TryAdvanceSummaryMonIndex	src/applications/pokemon_summary_screen/main.c	order
sub_0208A3CC	CanAdvanceToEgg	src/applications/pokemon_summary_screen/main.c	called
sub_0208A3F4	sub_0208A3F4	src/unk_0208A3F4.c	same
sub_0208A45C	TryAdvancePartyMonIndex	src/applications/pokemon_summary_screen/main.c	calls
sub_0208A4B8	TryAdvanceBoxMonIndex	src/applications/pokemon_summary_screen/main.c	calls
sub_0208A520	PokemonSummaryScreen_MonData	src/applications/pokemon_summary_screen/main.c	calls
sub_0208A63C	SetupBattleMoveInfo	src/applications/pokemon_summary_screen/main.c	called
sub_0208A71C	TryChangeSelectedMove	src/applications/pokemon_summary_screen/main.c	order
sub_0208A79C	UpdateMoveAttributes	src/applications/pokemon_summary_screen/main.c	called
sub_0208A7F8	UpdateBattleMoveAttributes	src/applications/pokemon_summary_screen/main.c	order
sub_0208A834	SwapSelectedMoves	src/applications/pokemon_summary_screen/main.c	calls
sub_0208A8F4	SetupMoveInfoNoTransition	src/applications/pokemon_summary_screen/main.c	order
sub_0208A950	SetupMoveInfoFromSubscreenButton	src/applications/pokemon_summary_screen/main.c	order
sub_0208A9C4	SetupContestMoveInfo	src/applications/pokemon_summary_screen/main.c	called
sub_0208AA9C	HideContestMoveInfo	src/applications/pokemon_summary_screen/main.c	called
sub_0208AB58	ChangeSelectedRibbon	src/applications/pokemon_summary_screen/main.c	order
sub_0208ACDC	SetRibbonSpriteGfx	src/applications/pokemon_summary_screen/sprites.c	called
sub_0208AD34	PokemonSummaryScreen_SetPlayerProfile	src/applications/pokemon_summary_screen/main.c	calls
sub_0208AD54	PokemonSummaryScreen_StatusIconChar	src/applications/pokemon_summary_screen/main.c	between
sub_0208AD58	PokemonSummaryScreen_StatusIconPltt	src/applications/pokemon_summary_screen/main.c	between
sub_0208AD5C	PokemonSummaryScreen_StatusIconCell	src/applications/pokemon_summary_screen/main.c	between
sub_0208AD60	PokemonSummaryScreen_StatusIconAnim	src/applications/pokemon_summary_screen/main.c	between
sub_0208AED4	ov19_021D9230	src/applications/pc_boxes/ov19_021D8B54.c	calls
sub_0208AF70	ov81_021D1450	src/applications/journal_display/journal_controller.c	calls
sub_0208AFE8	sub_0208AFE8	src/unk_0208A3F4.c	same
sub_0208B1AC	PokemonSummaryScreen_InitSpriteResources	src/applications/pokemon_summary_screen/sprites.c	order
sub_0208B258	PokemonSummaryScreen_FreeSpriteResources	src/applications/pokemon_summary_screen/sprites.c	order
sub_0208B278	UpdateAllParticleSpritesAnimations	src/main_menu/mystery_gift_app.c	calls
sub_0208B2C0	PokemonSummaryScreen_SetDefaultSpriteStates	src/applications/pokemon_summary_screen/sprites.c	calls
sub_0208B448	PoffinManager_UpdateFlavorSprites	src/applications/poffin_case/menus.c	calls
sub_0208B48C	PokemonSummaryScreen_SetCaughtBallGfx	src/applications/pokemon_summary_screen/sprites.c	calls
sub_0208B4EC	PokemonSummaryScreen_UpdateStatusIcon	src/applications/pokemon_summary_screen/sprites.c	calls
sub_0208B55C	SetMonAndTypeIcons	src/applications/pokemon_summary_screen/sprites.c	called
sub_0208B5A8	PokemonSummaryScreen_UpdateTypeIcons	src/applications/pokemon_summary_screen/sprites.c	order
sub_0208B74C	ov83_0223E2E4	src/overlay083/ov83_0223D6A8.c	calls
sub_0208B9C8	PokemonSummaryScreen_HideContestStatDots	src/applications/pokemon_summary_screen/sprites.c	calls
sub_0208BA60	PokemonSummaryScreen_SetMonTypeIcons	src/applications/pokemon_summary_screen/sprites.c	order
sub_0208BA88	SetTypeIcon	src/applications/pokemon_summary_screen/sprites.c	order
sub_0208BAD8	GetMoveTypeIconPos	src/applications/pokemon_summary_screen/sprites.c	called
sub_0208BB24	PokemonSummaryScreen_SwapMoveTypeIcons	src/applications/pokemon_summary_screen/sprites.c	calls
sub_0208BB8C	PokemonSummaryScreen_UpdateMoveCategoryIcon	src/applications/pokemon_summary_screen/sprites.c	called
sub_0208BBDC	PokemonSummaryScreen_UpdateMoveSelectorPos	src/applications/pokemon_summary_screen/sprites.c	between
sub_0208BC78	PokemonSummaryScreen_SetMoveSelector2Pos	src/applications/pokemon_summary_screen/sprites.c	calls
sub_0208BCD4	PokemonSummaryScreen_InitSheenSprites	src/applications/pokemon_summary_screen/sprites.c	calls
sub_0208BD38	PokemonSummaryScreen_UpdateMiscMonDataSprites	src/applications/pokemon_summary_screen/sprites.c	order
sub_0208BDC8	PokemonSummaryScreen_UpdateConditionArrowSprites	src/applications/pokemon_summary_screen/sprites.c	order
sub_0208BF9C	HealthBox_OffsetPositionXY	src/battle/healthbox.c	calls
sub_0208C068	PokemonSummaryScreen_ShowMonIcon	src/applications/pokemon_summary_screen/sprites.c	called
sub_0208C0A4	sub_0208C0A4	src/unk_0208C098.c	same
sub_0208C0E8	PokemonSummaryScreen_DrawContestStatDots	src/applications/pokemon_summary_screen/sprites.c	called
sub_0208C208	AccessoryShop_UpdateScrollArrowsVisibility	src/overlay007/accessory_shop.c	calls
sub_0208C250	PokemonSummaryScreen_RibbonIDAt	src/applications/pokemon_summary_screen/main.c	called
sub_0208C2A0	PokemonSummaryScreen_UpdateRibbonSprites	src/applications/pokemon_summary_screen/sprites.c	calls
sub_0208C320	PokemonSummaryScreen_UpdateShownRibbonRows	src/applications/pokemon_summary_screen/sprites.c	calls
sub_0208C380	PokemonSummaryScreen_UpdateRibbonCursorPos	src/applications/pokemon_summary_screen/sprites.c	between
sub_0208C3C0	PokemonSummaryScreen_UpdateRibbonFlashAnim	src/applications/pokemon_summary_screen/sprites.c	calls
sub_0208C3E4	PokemonSummaryScreen_DrawStaticWindows	src/applications/pokemon_summary_screen/window.c	order
sub_0208C42C	PokemonSummaryScreen_AddExtraWindows	src/applications/pokemon_summary_screen/window.c	order
sub_0208C4E0	PokemonSummaryScreen_RemoveExtraWindows	src/applications/pokemon_summary_screen/window.c	called
sub_0208C560	PokemonSummaryScreen_RemoveWindows	src/applications/pokemon_summary_screen/window.c	order
sub_0208C57C	PokemonSummaryScreen_PrintNicknameAndGender	src/applications/pokemon_summary_screen/window.c	calls
sub_0208C614	PokemonSummaryScreen_PrintLevel	src/applications/pokemon_summary_screen/window.c	calls
sub_0208C6B4	PokemonSummaryScreen_PrintItemName	src/applications/pokemon_summary_screen/window.c	calls
sub_0208C73C	DoesMonOTMatchPlayer	src/applications/pokemon_summary_screen/window.c	order
sub_0208C778	PrintStringToWindow	src/applications/pokemon_summary_screen/window.c	called
sub_0208C7F8	PrintTextToStaticWindow	src/applications/pokemon_summary_screen/window.c	calls
sub_0208C87C	SetAndFormatNumberBuf	src/applications/pokemon_summary_screen/window.c	called
sub_0208C8C8	PrintCurrentAndMaxInfo	src/applications/pokemon_summary_screen/window.c	calls
sub_0208C9A4	PrintStaticWindows	src/applications/pokemon_summary_screen/window.c	called
sub_0208CBD4	PokemonSummaryScreen_DrawExtraWindows	src/applications/pokemon_summary_screen/window.c	order
sub_0208CC88	DrawInfoPageWindows	src/applications/pokemon_summary_screen/window.c	order
sub_0208CFB4	PrintTrainerMemo	src/applications/pokemon_summary_screen/window.c	order
sub_0208D0A4	DrawMemoPageWindows	src/applications/pokemon_summary_screen/window.c	order
sub_0208D178	DrawSkillsPageWindows	src/applications/pokemon_summary_screen/window.c	calls
sub_0208D474	DrawBattleMovesPageWindows	src/applications/pokemon_summary_screen/window.c	called
sub_0208D520	DrawContestMovesPageWindows	src/applications/pokemon_summary_screen/window.c	called
sub_0208D6B8	DrawRibbonsPageWindows	src/applications/pokemon_summary_screen/window.c	calls
sub_0208D728	DrawExitPageWindows	src/applications/pokemon_summary_screen/window.c	calls
sub_0208D7C4	PokemonSummaryScreen_PrintRibbonNameAndDesc	src/applications/pokemon_summary_screen/window.c	calls
sub_0208D884	PrintMoveNameAndPP	src/applications/pokemon_summary_screen/window.c	calls
sub_0208D9A0	PokemonSummaryScreen_PrintBattleMoveAttributes	src/applications/pokemon_summary_screen/window.c	calls
sub_0208DB1C	PokemonSummaryScreen_ShowMove5OrCancel	src/applications/pokemon_summary_screen/window.c	calls
sub_0208DB58	PokemonSummaryScreen_HideMoveCancelText	src/applications/pokemon_summary_screen/window.c	between
sub_0208DB64	PokemonSummaryScreen_SwapMoveNameAndPP	src/applications/pokemon_summary_screen/window.c	calls
sub_0208DBF0	PokemonSummaryScreen_PrintHMMovesCantBeForgotten	src/applications/pokemon_summary_screen/window.c	calls
sub_0208DC68	PokemonSummaryScreen_PrintContestMoveAttributes	src/applications/pokemon_summary_screen/window.c	between
sub_0208DD20	PokemonSummaryScreen_ClearContestAttributeWindows	src/applications/pokemon_summary_screen/window.c	between
sub_0208DDA0	PokemonSummaryScreen_PrintPoffinFeedMsg	src/applications/pokemon_summary_screen/window.c	calls
sub_0208F814	sub_02095E98	src/unk_02095E98.c	called
sub_0208F828	sub_02095EAC	src/unk_02095E98.c	order
sub_0208F8BC	sub_02095F40	src/unk_02095E98.c	order
sub_0208F8E4	sub_02095F68	src/unk_02095E98.c	order
sub_0208F918	sub_02095F9C	src/unk_02095E98.c	order
sub_0208F960	sub_02095FE4	src/unk_02095E98.c	order
sub_0208FA50	sub_020960D4	src/unk_02095E98.c	order
sub_0208FA54	sub_020960D8	src/unk_02095E98.c	order
sub_0208FA88	sub_0209610C	src/unk_02095E98.c	order
sub_0208FA8C	sub_02096110	src/unk_02095E98.c	order
sub_0208FA90	sub_02096114	src/unk_02095E98.c	order
sub_0208FAA8	sub_0209612C	src/unk_02095E98.c	order
sub_0208FAEC	sub_02096170	src/unk_02095E98.c	order
sub_0208FAF8	sub_0209617C	src/unk_02095E98.c	order
sub_0208FB4C	sub_020961D0	src/unk_02095E98.c	order
sub_0208FB5C	sub_020961E0	src/unk_02095E98.c	order
sub_0208FB60	sub_020961E4	src/unk_02095E98.c	order
sub_02093630	sub_0209AE14	src/unk_0209ACF4.c	order
sub_02094C6C	ov97_022341EC	src/main_menu/gba_migrator.c	calls
sub_02094EB4	sub_02094EB4	src/contest.c	same
sub_02094F5C	WindParticleAnim_AnimateParticle	src/overlay006/hm_cut_in.c	calls
sub_02095B04	sub_02095B04	src/unk_02095AF0.c	same
sub_02096910	sub_0209BA80	src/unk_0209BA80.c	called
sub_02096924	sub_0209BA94	src/unk_0209BA80.c	between
sub_02096998	BattleTower_SendTrainerIDListCmd	src/unk_0209BA80.c	between
sub_020969C4	BattleTower_HandleTrainerIDListCmd	src/unk_0209BA80.c	calls
sub_020969F8	sub_0209BB68	src/unk_0209BA80.c	between
sub_02096A34	WFCFacilitySelector_SendFacilityAndLatestStreak	src/unk_0209BA80.c	between
sub_02096A7C	WFCFacilitySelector_HandleFacilityAndStreakCmd	src/unk_0209BA80.c	between
sub_02096AAC	WFCFacilitySelector_SendDidDropOutCmd	src/unk_0209BA80.c	between
sub_02096ACC	WFCFacilitySelector_HandleDidDropOutCmd	src/unk_0209BA80.c	between
sub_02096AF4	WFCFacilitySelector_SendSelectedMons	src/unk_0209BA80.c	calls
sub_02096BB8	WFCFacilitySelector_HandleSelectedMonsCmd	src/unk_0209BA80.c	between
sub_02096BF8	WFCFacilitySelector_SendStreakDeletionChoice	src/unk_0209BA80.c	between
sub_02096C18	WFCFacilitySelector_HandleStreakDeletionChoiceCmd	src/unk_0209BA80.c	between
sub_02096C40	WFCFacilitySelector_SendPlayAgainChoice	src/unk_0209BA80.c	between
sub_02096C60	WFCFacilitySelector_HandlePlayAgainCmd	src/unk_0209BA80.c	between
sub_021FA248	ov5_021EDD2C	src/overlay005/ov5_021ECE40.c	called
